invoice_id,vendor_name,vendor_gstin,invoice_date,due_date,submitted_date,po_number,department,approver,submission_channel,currency,subtotal,tax_rate_pct,tax_amount,total_amount,payment_terms_days,bank_account_last4,ocr_confidence,is_duplicate,fraud_type,is_fraudulent,notes
INV-2025-000001,Quantum Networks Pvt Ltd,06AIKHX0431D1Z3,2025-10-12,2025-12-11,2025-10-13,PO-2025-6559,Marketing,M. Krishnan,vendor_portal,INR,384952.22,12,46194.27,431146.49,60,6121,0.976,False,none,False,
INV-2025-000002,Orion Cloud Systems,12WPMYO1587Q1Z4,2025-09-12,2025-09-27,2025-09-13,PO-2025-8660,Admin,D'Souza,email,INR,368640.58,0,0.0,368640.58,15,7774,0.989,False,none,False,
INV-2025-000003,Global Freight Partners,12NZXSB3000U1Z6,2025-01-01,2025-01-16,2025-01-01,PO-2025-5242,Admin,S. Kulkarni,edi_feed,INR,432887.63,12,51946.52,484834.15,15,3870,0.958,False,none,False,
INV-2025-000004,Indus Valley Textiles,10QQTCI7206M1Z7,2025-05-01,2025-06-30,2025-05-02,PO-2025-1038,Procurement,R. Menon,email,INR,278719.05,12,33446.29,312165.34,60,8396,0.9,False,none,False,
INV-2024-000005,Aravind Steel Traders,32LVMPE2000B1Z5,2024-12-27,2025-02-10,2024-12-30,PO-2024-1921,Legal,R. Menon,scanned_mail,INR,3652.34,12,438.28,4090.62,45,3532,0.968,False,none,False,
INV-2026-000006,Quantum Networks Pvt Ltd,17EZMOR4563E1Z5,2026-08-15,2026-08-30,2026-08-17,PO-2026-1047,Legal,S. Kulkarni,edi_feed,INR,168358.68,18,30304.56,198663.24,15,4267,0.962,False,none,False,
INV-2026-000007,Ganga Freight Services,11JBVQD5954P1Z9,2026-06-19,2026-08-18,2026-06-21,PO-2026-6955,IT,N. Bhatt,vendor_portal,INR,233768.83,28,65455.27,299224.1,60,3721,0.934,False,none,False,
INV-2024-000008,Umbra Services LLP,00INVALID000,2024-07-14,2024-07-29,2024-07-15,PO-2024-7794,Operations,V. Desai,edi_feed,USD,148047.45,0,0.0,148047.45,15,8324,0.84,False,ghost_vendor,True,Vendor has no prior transaction history; GSTIN fails format check.
INV-2024-000009,Northgate Print Hub,35TIAIQ4706H1Z5,2024-12-10,2025-01-24,2024-12-12,PO-2024-9373,Legal,V. Desai,edi_feed,INR,471132.55,0,0.0,471132.55,45,1349,0.97,False,none,False,
INV-2024-000010,Quantum Networks Pvt Ltd,34DZTYF5246Q1Z3,2024-10-05,2024-10-20,2024-10-10,PO-2024-2705,Legal,M. Krishnan,scanned_mail,INR,20516.09,12,2461.93,22978.02,15,4938,0.916,False,none,False,
INV-2026-000011,Sundaram Motors Spares,27GIKHS4147O1Z2,2026-04-22,2026-06-06,2026-04-25,PO-2026-5962,Facilities,T. Rao,edi_feed,INR,451723.5,0,0.0,451723.5,45,5899,0.983,False,none,False,
INV-2026-000012,Wingspan Travel Corp,23BZQTL9828R1Z6,2026-03-15,2026-04-14,2026-03-20,PO-2026-2726,Marketing,V. Desai,email,INR,78125.0,28,21875.0,100000.0,30,3916,0.962,False,round_number_amount,True,Total is an unusually round figure for this line of business.
INV-2024-000013,Trident Trading Co,GSTIN-MISSING,2024-10-12,2024-11-11,2024-10-16,PO-2024-9917,Logistics,M. Krishnan,email,INR,13766.94,0,0.0,13766.94,30,1521,0.721,False,ghost_vendor,True,Vendor has no prior transaction history; GSTIN fails format check.
INV-2025-000014,Quantum Networks Pvt Ltd,08MENUK9114V1Z2,2025-08-15,2025-09-14,2025-08-16,PO-2025-1893,Logistics,K. Reddy,scanned_mail,INR,269466.53,12,32335.98,301802.51,30,1282,0.911,False,none,False,
INV-2026-000015,Aravind Steel Traders,21PSPPK1571L1Z9,2026-01-03,2026-02-17,2026-01-05,PO-2026-4453,Logistics,N. Bhatt,email,USD,334885.06,6,20093.1,354978.16,45,0629,0.987,False,none,False,
INV-2025-000016,Meridian Consulting Group,16HTRXD7330J1Z6,2025-02-08,2025-04-09,2025-02-09,PO-2025-8590,Procurement,T. Rao,edi_feed,INR,407646.76,12,48917.61,456564.37,60,4994,0.946,False,none,False,
INV-2025-000017,Tejas Security Services,11TTRTW3948S1Z5,2025-06-06,2025-07-21,2025-06-11,PO-2025-9134,HR,S. Kulkarni,edi_feed,INR,392031.04,0,0.0,392031.04,45,9442,0.937,False,none,False,
INV-2025-000018,Coastal Cargo Movers,28CIZAQ8044C1Z0,2025-09-21,2025-10-06,2025-09-21,PO-2025-6177,Admin,A. Iyer,edi_feed,EUR,93883.95,8,7510.72,101394.67,15,9115,0.983,False,none,False,
INV-2024-000019,Global Freight Partners,13GCZUI9939W1Z6,2024-08-07,2024-08-22,2024-08-11,PO-2024-4879,Marketing,K. Reddy,scanned_mail,INR,309105.0,0,0.0,309105.0,15,1599,0.93,False,none,False,
INV-2026-000020,Jyothi Print & Design,27ZYQPZ2550K1Z8,2026-04-16,2026-05-01,2026-04-20,PO-2026-7113,Marketing,N. Bhatt,email,INR,104176.12,12,12501.13,116677.25,15,1965,0.902,False,none,False,
INV-2025-000021,Meridian Consulting Group,15BPKKS3917B1Z2,2025-05-11,2025-06-10,2025-05-13,PO-2025-4180,Facilities,K. Reddy,email,INR,230098.3,5,11504.92,241603.22,30,7489,0.979,False,none,False,
INV-2025-000022,Quantum Networks Pvt Ltd,30DIIFQ4058A1Z8,2025-12-10,2026-01-24,2025-12-11,PO-2025-8634,HR,K. Reddy,edi_feed,USD,276380.3,10,27638.03,304018.33,45,1696,0.972,False,none,False,
INV-2025-000023,Apex Manpower Agency,20OTCUZ9456L1Z7,2025-09-28,2025-10-13,2025-10-02,PO-2025-9393,Marketing,K. Reddy,vendor_portal,INR,276158.44,12,33139.01,309297.45,15,8745,0.971,False,none,False,
INV-2024-000024,Meridian Consulting Group,17LYEFJ6765H1Z5,2024-08-22,2024-10-21,2024-08-24,PO-2024-6674,Admin,N. Bhatt,email,INR,379220.75,28,106181.81,485402.56,60,7369,0.947,False,none,False,
INV-2024-000025,Raagam Interiors,18VIQML0497K1Z5,2024-04-22,2024-06-06,2024-04-23,PO-2024-3532,Legal,D'Souza,vendor_portal,USD,344124.04,8,27529.92,371653.96,45,2878,0.942,False,none,False,
INV-2024-000026,Nandi Hardware Co,35CTLBH4732U1Z2,2024-01-25,2024-02-24,2024-01-25,PO-2024-5306,Operations,R. Menon,edi_feed,INR,200679.29,18,36122.27,236801.56,30,9444,0.917,False,none,False,
INV-2025-000027,Bluewave Logistics Pvt Ltd,15QAKID5962F1Z9,2025-05-30,2025-06-14,2025-06-03,PO-2025-4271,Facilities,K. Reddy,email,INR,89311.44,5,4465.57,93777.01,15,3812,0.926,False,none,False,
INV-2025-000028,Horizon Facilities Mgmt,21CIVSA4858F1Z0,2025-10-22,2025-12-21,2025-10-22,PO-2025-7146,Facilities,S. Kulkarni,scanned_mail,USD,470833.08,0,0.0,470833.08,60,1759,0.945,False,none,False,
INV-2025-000029,Jyothi Print & Design,18YHQPM8246B1Z3,2025-12-13,2026-02-11,2025-12-14,PO-2025-9864,Facilities,S. Kulkarni,vendor_portal,EUR,114979.76,0,0.0,114979.76,60,2664,0.913,False,none,False,
INV-2025-000030,Zenith Office Furnishings,31CPLCA4711J1Z4,2025-07-01,2025-07-16,2025-07-03,PO-2025-7146,Marketing,P. Nair,scanned_mail,INR,267967.73,18,48234.19,316201.92,15,5609,0.966,False,none,False,
INV-2025-000031,Sundaram Motors Spares,03FEGNM3944O1Z6,2025-10-16,2025-11-30,2025-10-20,PO-2025-9574,HR,T. Rao,scanned_mail,INR,222816.1,0,0.0,222816.1,45,4746,0.98,False,none,False,
INV-2026-000032,Udupi Fresh Foods,33DGJHD1836Y1Z7,2026-01-26,2026-03-12,2026-01-27,PO-2026-7259,Facilities,P. Nair,vendor_portal,INR,432848.08,12,51941.77,484789.85,45,8201,0.979,False,none,False,
INV-2026-000033,Lotus Catering Services,30QTSHB3915Q1Z9,2026-04-06,2026-06-05,2026-04-10,PO-2026-2829,Logistics,D'Souza,vendor_portal,INR,296222.31,12,35546.68,331768.99,60,8728,0.911,False,none,False,
INV-2026-000034,Orion Cloud Systems,09GMVTH1295Y1Z9,2026-05-29,2026-06-28,2026-05-31,PO-2026-5827,Marketing,N. Bhatt,edi_feed,USD,236324.92,10,23632.49,259957.41,30,1898,0.938,False,none,False,
INV-2026-000035,Sundaram Motors Spares,18HHPID7628U1Z9,2026-05-13,2026-06-12,2026-05-23,PO-2026-1873,IT,M. Krishnan,scanned_mail,INR,372589.68,12,44710.76,417300.44,30,7567,0.954,False,weekend_submission,True,Submitted outside business hours/days with no prior pattern for this vendor.
INV-2024-000036,Northgate Print Hub,37ERYPD5134W1Z9,2024-04-06,2024-06-05,2024-04-09,PO-2024-1148,HR,T. Rao,vendor_portal,INR,183245.26,12,21989.43,205234.69,60,2221,0.984,False,none,False,
INV-2024-000037,Coastal Cargo Movers,15LGPXJ7513O1Z1,2024-07-05,2024-08-19,2024-07-05,PO-2024-8272,Logistics,T. Rao,vendor_portal,INR,147223.28,12,17666.79,164890.07,45,0470,0.981,False,none,False,
INV-2026-000038,Udupi Fresh Foods,10VFXWP8662W1Z9,2026-03-27,2026-05-11,2026-03-31,PO-2026-1205,Legal,N. Bhatt,email,INR,193921.98,18,34905.96,228827.94,45,2695,0.924,False,none,False,
INV-2025-000039,Lotus Catering Services,24SZDRL4861V1Z6,2025-10-26,2025-11-25,2025-10-29,PO-2025-5879,Facilities,S. Kulkarni,email,USD,176789.39,6,10607.36,187396.75,30,9318,0.963,False,none,False,
INV-2025-000040,Meridian Consulting Group,16CEHBC5562R1Z2,2025-08-16,2025-10-15,2025-08-18,PO-2025-4169,Marketing,A. Iyer,scanned_mail,INR,208567.38,5,10428.37,218995.75,60,3587,0.974,False,none,False,
INV-2025-000041,Northgate Print Hub,33PMVBV0522T1Z1,2025-06-18,2025-07-03,2025-06-18,PO-2025-6102,Admin,S. Kulkarni,edi_feed,INR,368251.1,12,44190.13,412441.23,15,2458,0.939,False,none,False,
INV-2025-000042,Coastal Cargo Movers,02SSHHT4440P1Z9,2025-05-06,2025-07-05,2025-05-10,PO-2025-9039,Admin,V. Desai,edi_feed,USD,294100.35,10,29410.03,323510.38,60,2541,0.977,False,weekend_submission,True,Submitted outside business hours/days with no prior pattern for this vendor.
INV-2025-000043,Udupi Fresh Foods,12UHISJ1831J1Z6,2025-05-27,2025-07-11,2025-06-01,PO-2025-6030,Legal,V. Desai,email,INR,453084.51,5,22654.23,475738.74,45,5715,0.938,False,none,False,
INV-2025-000044,Raagam Interiors,03SDYOU9523P1Z8,2025-09-21,2025-11-20,2025-09-23,PO-2025-9665,Procurement,K. Reddy,edi_feed,INR,87399.63,12,10487.96,97887.59,60,7336,0.954,False,none,False,
INV-2026-000045,Zenith Office Furnishings,31JVTER5225Y1Z8,2026-08-30,2026-09-29,2026-09-03,PO-2026-2806,Procurement,T. Rao,vendor_portal,USD,105281.13,0,0.0,105281.13,30,6566,0.908,False,none,False,
INV-2025-000046,Tejas Security Services,34ATIPI7765N1Z9,2025-09-25,2025-11-09,2025-09-30,PO-2025-9087,Admin,D'Souza,edi_feed,INR,243619.35,12,29234.32,272853.67,45,6939,0.929,False,none,False,
INV-2026-000047,Tejas Security Services,01YJFGQ1072P1Z3,2026-05-10,2026-06-09,2026-05-14,PO-2026-2620,Operations,T. Rao,email,USD,263683.92,0,0.0,263683.92,30,1888,0.984,False,none,False,
INV-2024-000048,Bright Path Cleaning Services,20XBENI9893F1Z3,2024-04-05,2024-06-04,2024-04-10,PO-2024-9711,Finance,D'Souza,email,INR,28825.64,5,1441.28,30266.92,60,3806,0.963,False,none,False,
INV-2026-000049,Deccan Electricals,08KUWHU0595B1Z3,2026-03-23,2026-05-07,2026-03-23,PO-2026-3683,HR,T. Rao,vendor_portal,INR,219949.73,12,26393.97,246343.7,45,1325,0.902,False,none,False,
INV-2026-000050,Ganga Freight Services,04SKCII9826D1Z4,2026-06-28,2026-07-28,2026-06-29,PO-2025-7658,IT,S. Kulkarni,email,INR,233768.83,28,65455.27,299224.1,30,8565,0.955,True,duplicate_invoice,True,Same vendor/amount seen on a prior invoice within 10 days.
INV-2025-000051,Bluewave Logistics Pvt Ltd,25EHYYD1252E1Z7,2025-05-22,2025-07-06,2025-05-26,PO-2025-3787,Marketing,N. Bhatt,scanned_mail,INR,258581.92,0,0.0,258581.92,45,9931,0.918,False,none,False,
INV-2024-000052,Meridian Consulting Group,17YMXCI5128U1Z2,2024-07-09,2024-07-24,2024-07-12,PO-2024-4282,Finance,S. Kulkarni,vendor_portal,INR,216375.91,28,60585.25,276961.16,15,9978,0.977,False,none,False,
INV-2025-000053,Tejas Security Services,29PQJUW2317J1Z8,2025-04-02,2025-04-17,2025-04-04,PO-2025-5710,Finance,D'Souza,edi_feed,USD,350879.37,0,0.0,350879.37,15,9240,0.936,False,none,False,
INV-2026-000054,Chola Office Supplies,13CBFTZ0341Q1Z7,2026-06-28,2026-07-28,2026-06-30,PO-2026-8994,Legal,R. Menon,email,USD,34554.93,8,2764.39,37319.32,30,6166,0.931,False,none,False,
INV-2026-000055,Meridian Consulting Group,26ZMTZU0971Z1Z8,2026-03-02,2026-03-17,2026-03-05,PO-2025-6419,Operations,R. Menon,email,USD,360589.31,10,36058.93,396648.24,15,9216,0.957,False,mismatched_po,True,PO number does not correspond to an open purchase order.
INV-2025-000056,Nandi Hardware Co,37GGUIX2456F1Z4,2025-09-05,2025-10-05,2025-09-10,PO-2025-7767,Facilities,S. Kulkarni,scanned_mail,USD,162154.53,6,9729.27,171883.8,30,7044,0.91,False,none,False,
INV-2026-000057,Horizon Facilities Mgmt,15UCGTC8546R1Z6,2026-01-09,2026-02-23,2026-01-10,PO-2026-3099,IT,T. Rao,vendor_portal,USD,377790.7,10,37779.07,415569.77,45,4961,0.91,False,none,False,
INV-2025-000058,Coastal Cargo Movers,34PRYWO3599M1Z6,2025-08-18,2025-10-02,2025-08-21,PO-2025-1623,Finance,A. Iyer,edi_feed,INR,389097.6,12,46691.71,435789.31,45,3966,0.937,False,none,False,
INV-2025-000059,Bright Path Cleaning Services,24KTKPD1255Y1Z6,2025-07-26,2025-08-10,2025-07-26,PO-2025-4822,HR,S. Kulkarni,vendor_portal,INR,253900.93,5,12695.05,266595.98,15,8097,0.924,False,none,False,
INV-2025-000060,Zenith Office Furnishings,13WNHXC9808Z1Z3,2025-05-02,2025-06-01,2025-05-07,PO-2025-9765,Facilities,V. Desai,vendor_portal,EUR,20801.07,6,1248.06,22049.13,30,9265,0.984,False,none,False,
INV-2025-000061,Vishwa Engineering Works,23ERFGZ3213L1Z6,2025-01-30,2025-03-01,2025-02-02,PO-2025-7360,Legal,V. Desai,email,INR,123373.01,12,14804.76,138177.77,30,0753,0.927,False,none,False,
INV-2024-000062,Kaveri Industrial Parts,10CKXUS6164G1Z0,2024-01-20,2024-03-20,2024-01-27,PO-2024-2446,Marketing,R. Menon,email,INR,461836.91,0,0.0,461836.91,60,2593,0.958,False,weekend_submission,True,Submitted outside business hours/days with no prior pattern for this vendor.
INV-2024-000063,Tejas Security Services,08XPMMP4122J1Z9,2024-09-17,2024-10-02,2024-09-21,PO-2024-8245,Facilities,P. Nair,email,INR,314114.53,0,0.0,314114.53,15,8400,0.911,False,none,False,
INV-2026-000064,Aravind Steel Traders,15HTIZP4562Z1Z8,2026-05-30,2026-06-29,2026-06-04,PO-2026-7745,Admin,R. Menon,scanned_mail,INR,173405.42,28,48553.52,221958.94,30,7500,0.921,False,none,False,
INV-2025-000065,Kaveri Industrial Parts,16PCNHI1895E1Z3,2025-04-18,2025-06-02,2025-04-23,PO-2025-1754,Admin,T. Rao,email,INR,110440.84,18,19879.35,130320.19,45,5391,0.924,False,none,False,
INV-2024-000066,Chola Office Supplies,24PZPNC3981B1Z7,2024-11-14,2024-11-29,2024-11-16,PO-2024-1780,Logistics,D'Souza,vendor_portal,INR,249534.63,18,44916.23,294450.86,15,1567,0.938,False,none,False,
INV-2025-000067,Prakash Stationery Mart,20BDYHV8743U1Z0,2025-06-22,2025-07-22,2025-06-22,PO-2025-5529,Finance,S. Kulkarni,edi_feed,INR,445052.41,5,22252.62,467305.03,30,6396,0.972,False,none,False,
INV-2024-000068,Horizon Facilities Mgmt,07LEMWN3166Q1Z1,2024-11-01,2024-11-16,2024-11-03,PO-2024-1820,IT,A. Iyer,edi_feed,INR,127969.87,5,6398.49,134368.36,15,0454,0.941,False,none,False,
INV-2026-000069,Vishwa Engineering Works,28ULZNY8023V1Z8,2026-06-12,2026-08-11,2026-06-15,PO-2026-5495,Legal,V. Desai,vendor_portal,INR,340033.2,5,17001.66,357034.86,60,7472,0.951,False,none,False,
INV-2025-000070,Ganga Freight Services,13YZDUS0990N1Z2,2025-11-07,2025-11-22,2025-11-11,PO-2025-2909,Admin,M. Krishnan,scanned_mail,INR,162906.54,5,8145.33,171051.87,15,0659,0.96,False,none,False,
INV-2026-000071,Northgate Print Hub,05CJAFY9150R1Z5,2026-05-18,2026-07-17,2026-05-19,PO-2026-4166,Logistics,V. Desai,scanned_mail,INR,466902.19,18,84042.39,550944.58,60,4639,0.971,False,none,False,
INV-2024-000072,Raagam Interiors,16ICBKS5386K1Z6,2024-03-12,2024-03-27,2024-03-12,PO-2024-9742,Facilities,R. Menon,scanned_mail,INR,62144.37,0,0.0,62144.37,15,1174,0.946,False,none,False,
INV-2024-000073,Apex Manpower Agency,16EZIND3472S1Z6,2024-03-22,2024-04-21,2024-03-27,PO-2024-1739,Procurement,A. Iyer,scanned_mail,INR,418428.64,0,0.0,418428.64,30,7669,0.904,False,none,False,
INV-2026-000074,Horizon Facilities Mgmt,08AQXPI0385N1Z0,2026-05-29,2026-06-13,2026-06-03,PO-2026-4564,Legal,V. Desai,scanned_mail,INR,328378.7,0,0.0,328378.7,15,8838,0.991,False,none,False,
INV-2026-000075,Quantum Networks Pvt Ltd,17KAJPQ6485Q1Z0,2026-02-08,2026-02-23,2026-02-12,PO-2026-3242,Logistics,M. Krishnan,vendor_portal,INR,201034.87,18,36186.28,237221.15,15,2336,0.964,False,none,False,
INV-2024-000076,Udupi Fresh Foods,27RHCDY0194E1Z2,2024-04-11,2024-05-11,2024-04-14,PO-2024-5816,Legal,R. Menon,email,INR,37125.85,5,1856.29,38982.14,30,3480,0.991,False,none,False,
INV-2024-000077,Falcon IT Solutions,18NIUZI4379E1Z1,2024-01-27,2024-02-26,2024-01-29,PO-2024-3729,Finance,A. Iyer,email,USD,319928.36,8,25594.27,345522.63,30,8715,0.982,False,none,False,
INV-2025-000078,Horizon Facilities Mgmt,18NYTTV4376S1Z4,2025-10-08,2025-10-23,2025-10-08,PO-2025-9360,Logistics,D'Souza,email,INR,307898.2,28,86211.5,394109.7,15,8665,0.952,False,none,False,
INV-2024-000079,Yamuna Water Solutions,20MFJMW7187S1Z0,2024-03-21,2024-05-20,2024-03-24,PO-2024-9362,HR,S. Kulkarni,edi_feed,USD,479705.27,10,47970.53,527675.8,60,0773,0.943,False,none,False,
INV-2026-000080,Wingspan Travel Corp,37JUNTV5740U1Z7,2026-03-22,2026-04-06,2026-03-25,PO-2026-1273,Procurement,A. Iyer,email,INR,409424.03,28,114638.73,524062.76,15,7061,0.953,False,none,False,
INV-2024-000081,Falcon IT Solutions,32AOIBW2859O1Z8,2024-04-11,2024-04-26,2024-04-13,PO-2024-9336,Marketing,D'Souza,edi_feed,INR,135471.69,18,24384.9,159856.59,15,6799,0.924,False,none,False,
INV-2024-000082,Bright Path Cleaning Services,05QGBDQ3352F1Z9,2024-11-13,2024-11-28,2024-11-18,PO-2024-8511,Admin,K. Reddy,edi_feed,INR,307390.69,12,36886.88,344277.57,15,8134,0.916,False,none,False,
INV-2024-000083,Northgate Print Hub,26WLQUY6114L1Z7,2024-05-20,2024-07-19,2024-05-25,PO-2024-8790,Finance,P. Nair,scanned_mail,INR,457701.29,28,128156.36,585857.65,60,5641,0.911,False,none,False,
INV-2026-000084,Apex Manpower Agency,12ACVTS1115D1Z0,2026-01-21,2026-03-07,2026-01-26,PO-2026-3668,HR,P. Nair,scanned_mail,USD,458329.08,10,45832.91,627930.39,45,1600,0.974,False,altered_total,True,Total does not reconcile with subtotal + tax.
INV-2025-000085,Meridian Consulting Group,09KGTDS7414E1Z0,2025-07-20,2025-09-18,2025-07-22,PO-2025-9642,Procurement,V. Desai,edi_feed,INR,408607.17,18,73549.29,482156.46,60,3942,0.973,False,none,False,
INV-2024-000086,Tejas Security Services,34FFQIR4151A1Z9,2024-01-09,2024-02-23,2024-01-13,PO-2024-7487,Legal,S. Kulkarni,vendor_portal,INR,16714.11,0,0.0,16714.11,45,1925,0.976,False,none,False,
INV-2026-000087,Wingspan Travel Corp,01LBSYB7553H1Z7,2026-02-11,2026-02-26,2026-02-11,PO-2026-7819,Marketing,N. Bhatt,scanned_mail,INR,98821.98,12,11858.64,110680.62,15,1193,0.946,False,none,False,
INV-2026-000088,Deccan Electricals,11FRYST1090G1Z9,2026-02-19,2026-04-05,2026-02-22,PO-2026-9532,Facilities,K. Reddy,email,INR,279064.61,18,50231.63,329296.24,45,0484,0.993,False,none,False,
INV-2024-000089,Orion Cloud Systems,16NLGIM4386W1Z8,2024-10-17,2024-12-01,2024-10-19,PO-2024-1980,Admin,M. Krishnan,scanned_mail,INR,24782.36,5,1239.12,26021.48,45,9827,0.911,False,none,False,
INV-2025-000090,Lotus Catering Services,19VBZNP2722L1Z0,2025-03-28,2025-04-27,2025-04-01,PO-2025-2456,Facilities,R. Menon,edi_feed,EUR,181871.85,0,0.0,181871.85,30,1712,0.927,False,none,False,
INV-2025-000091,Deccan Electricals,03GUOAT8259T1Z1,2025-11-12,2025-12-12,2025-11-13,PO-2025-5185,Legal,R. Menon,vendor_portal,INR,328305.39,5,16415.27,344720.66,30,7076,0.937,False,none,False,
INV-2025-000092,Lotus Catering Services,37SWPIN6093A1Z2,2025-02-16,2025-03-03,2025-02-21,PO-2025-9632,IT,D'Souza,email,USD,69179.13,6,4150.75,73329.88,15,8440,0.937,False,none,False,
INV-2025-000093,Northgate Print Hub,11GHWMR7799R1Z8,2025-07-01,2025-07-16,2025-07-05,PO-2025-4804,Marketing,D'Souza,edi_feed,EUR,114837.73,8,9187.02,124024.75,15,2190,0.989,False,none,False,
INV-2026-000094,Ganga Freight Services,31KTFDH3239W1Z2,2026-06-03,2026-06-18,2026-06-05,PO-2026-6352,HR,M. Krishnan,vendor_portal,INR,354853.4,5,17742.67,372596.07,15,8491,0.903,False,none,False,
INV-2024-000095,Lotus Catering Services,29DJATI3726D1Z9,2024-05-14,2024-06-28,2024-05-17,PO-2024-3809,Legal,D'Souza,scanned_mail,INR,272215.97,18,48998.87,321214.84,45,5220,0.959,False,none,False,
INV-2026-000096,Lotus Catering Services,33KEDGQ4329F1Z4,2026-01-19,2026-03-05,2026-01-24,PO-2026-5837,Operations,V. Desai,scanned_mail,USD,324959.76,10,32495.98,379696.69,45,6184,0.918,False,altered_total,True,Total does not reconcile with subtotal + tax.
INV-2025-000097,Udupi Fresh Foods,22GLWSA1676U1Z2,2025-07-10,2025-09-08,2025-07-12,PO-2025-2092,Procurement,T. Rao,email,INR,453206.72,28,126897.88,580104.6,60,9878,0.95,False,none,False,
INV-2025-000098,Wingspan Travel Corp,27YDDVC9664N1Z1,2025-06-04,2025-07-04,2025-06-09,PO-2025-1059,Admin,V. Desai,edi_feed,USD,277167.63,10,27716.76,304884.39,30,3406,0.971,False,none,False,
INV-2024-000099,Bluewave Logistics Pvt Ltd,20PJYQQ8272V1Z6,2024-02-26,2024-04-26,2024-02-27,PO-2024-1744,IT,R. Menon,vendor_portal,USD,37938.28,10,3793.83,41732.11,60,2351,0.963,False,none,False,
INV-2024-000100,Indus Valley Textiles,03NHZVV6513G1Z3,2024-05-04,2024-06-03,2024-05-07,PO-2024-6214,Operations,N. Bhatt,edi_feed,INR,30794.14,12,3695.3,34489.44,30,4900,0.926,False,none,False,
INV-2026-000101,Everest Packaging Co,18DSBBE4975U1Z6,2026-06-14,2026-08-13,2026-06-15,PO-2026-1344,Logistics,S. Kulkarni,edi_feed,INR,76421.82,5,3821.09,80242.91,60,6051,0.911,False,none,False,
INV-2024-000102,Kaveri Industrial Parts,30LDRBJ0028M1Z3,2024-05-11,2024-07-10,2024-05-12,PO-2024-8529,Operations,M. Krishnan,vendor_portal,USD,120228.14,0,0.0,120228.14,60,5155,0.939,False,none,False,
INV-2025-000103,Apex Manpower Agency,01IEFHL7503L1Z7,2025-07-05,2025-08-04,2025-07-10,PO-2025-4498,Procurement,M. Krishnan,scanned_mail,EUR,434873.68,8,34789.89,469663.57,30,2638,0.928,False,none,False,
INV-2026-000104,Tejas Security Services,15KQFDU0915Y1Z8,2026-09-06,2026-10-06,2026-09-10,PO-2026-8672,Procurement,P. Nair,vendor_portal,INR,403222.1,28,112902.19,516124.29,30,3321,0.938,False,none,False,
INV-2024-000105,Global Freight Partners,03MNGUL5746R1Z4,2024-12-15,2024-12-30,2024-12-15,PO-2024-7741,HR,K. Reddy,edi_feed,INR,240261.45,12,28831.37,269092.82,15,1740,0.906,False,none,False,
INV-2025-000106,Yamuna Water Solutions,18NGCVW8831Q1Z6,2025-02-17,2025-04-18,2025-02-21,PO-2025-8213,Finance,A. Iyer,scanned_mail,INR,163459.66,5,8172.98,171632.64,60,1959,0.934,False,none,False,
INV-2024-000107,Deccan Electricals,20VDDHB0599N1Z4,2024-07-10,2024-09-08,2024-07-14,PO-2024-2223,HR,P. Nair,scanned_mail,INR,13642.1,5,682.11,14324.21,60,0798,0.982,False,none,False,
INV-2026-000108,Zenith Office Furnishings,23EPGZA0783Q1Z8,2026-08-04,2026-09-18,2026-08-09,PO-2026-8919,Procurement,V. Desai,scanned_mail,INR,473133.13,18,85163.96,558297.09,45,0961,0.977,False,none,False,
INV-2026-000109,Orion Cloud Systems,08EETBR2266B1Z4,2026-04-14,2026-04-29,2026-04-15,PO-2026-9720,Legal,A. Iyer,vendor_portal,USD,451631.02,8,36130.48,487761.5,15,3149,0.963,False,none,False,
INV-2024-000110,Indus Valley Textiles,01FKOCU2469P1Z6,2024-02-08,2024-02-23,2024-02-09,PO-2024-7783,Finance,A. Iyer,email,INR,27592.27,0,0.0,27592.27,15,7292,0.949,False,none,False,
INV-2026-000111,Ganga Freight Services,13ZGGXH8239W1Z4,2026-04-22,2026-06-21,2026-04-26,PO-2026-4862,Legal,S. Kulkarni,vendor_portal,USD,11822.56,6,709.35,12531.91,60,9787,0.955,False,none,False,
INV-2024-000112,Tejas Security Services,06ZUFKZ7038W1Z0,2024-07-04,2024-08-18,2024-07-04,PO-2024-7357,Admin,M. Krishnan,edi_feed,INR,419240.13,28,117387.24,536627.37,45,2707,0.965,False,none,False,
INV-2025-000113,Ganga Freight Services,30CFXRU0731D1Z0,2025-02-23,2025-04-09,2025-02-25,PO-2025-9718,Operations,R. Menon,scanned_mail,INR,193069.38,12,23168.33,216237.71,45,1300,0.982,False,none,False,
INV-2025-000114,Lotus Catering Services,19AJQRQ5152W1Z5,2025-04-14,2025-05-29,2025-04-14,PO-2025-9875,Procurement,M. Krishnan,edi_feed,INR,382846.55,18,68912.38,451758.93,45,1699,0.959,False,none,False,
INV-2025-000115,Chola Office Supplies,34FXEKM8274V1Z1,2025-01-02,2025-03-03,2025-01-07,PO-2025-6931,Facilities,N. Bhatt,email,USD,286599.76,10,28659.98,315259.74,60,2615,0.956,False,none,False,
INV-2024-000116,Indus Valley Textiles,12QGOPT7069Z1Z9,2024-03-07,2024-04-21,2024-03-11,PO-2024-2179,Procurement,A. Iyer,scanned_mail,INR,226854.81,28,63519.35,290374.16,45,6455,0.95,False,none,False,
INV-2026-000117,Everest Packaging Co,22SRMIX9456J1Z5,2026-02-12,2026-03-29,2026-02-12,PO-2026-1386,IT,D'Souza,scanned_mail,INR,96377.27,12,11565.27,107942.54,45,1834,0.929,False,none,False,
INV-2025-000118,Jyothi Print & Design,24LXYAW8049I1Z2,2025-05-24,2025-06-23,2025-05-29,PO-2025-8820,Legal,A. Iyer,edi_feed,USD,351406.89,10,35140.69,386547.58,30,7735,0.944,False,none,False,
INV-2024-000119,Indus Valley Textiles,22XDVFY4546K1Z4,2024-02-11,2024-02-26,2024-02-16,PO-2024-9902,HR,K. Reddy,scanned_mail,INR,136992.8,5,6849.64,143842.44,15,2366,0.91,False,none,False,
INV-2025-000120,Udupi Fresh Foods,09IWMHZ6539D1Z8,2025-10-04,2025-11-03,2025-10-06,PO-2024-5901,Procurement,T. Rao,edi_feed,INR,354605.99,28,99289.68,453895.67,30,8723,0.971,False,mismatched_po,True,PO number does not correspond to an open purchase order.
INV-2026-000121,Coastal Cargo Movers,30EFYEL2475M1Z9,2026-03-05,2026-04-04,2026-03-07,PO-2026-4039,Legal,A. Iyer,email,USD,232083.04,0,0.0,232083.04,30,7553,0.932,False,none,False,
INV-2024-000122,Ganga Freight Services,18VCAEE7957U1Z0,2024-11-11,2024-11-26,2024-11-15,PO-2024-5035,Admin,A. Iyer,vendor_portal,INR,465297.99,12,55835.76,521133.75,15,8064,0.982,False,none,False,
INV-2025-000123,Chola Office Supplies,30GJGBV8385I1Z9,2025-11-15,2025-11-30,2025-11-17,PO-2025-6671,Procurement,N. Bhatt,scanned_mail,INR,421016.62,18,75782.99,496799.61,15,7696,0.904,False,none,False,
INV-2024-000124,Coastal Cargo Movers,14FWWWC2209M1Z7,2024-03-29,2024-04-13,2024-03-31,PO-2024-9411,Logistics,T. Rao,scanned_mail,INR,74120.7,18,13341.73,87462.43,15,3090,0.962,False,none,False,
INV-2026-000125,Sundaram Motors Spares,29RINUS1187V1Z6,2026-01-02,2026-02-01,2026-01-06,PO-2026-1761,Procurement,R. Menon,vendor_portal,INR,156883.87,28,43927.48,200811.35,30,6727,0.912,False,none,False,
INV-2024-000126,Jyothi Print & Design,11PIGFP3871L1Z0,2024-05-21,2024-06-20,2024-05-25,PO-2024-8095,Operations,A. Iyer,vendor_portal,INR,193305.82,28,54125.63,247431.45,30,9064,0.917,False,none,False,
INV-2025-000127,Quantum Networks Pvt Ltd,24ILXKU1528R1Z7,2025-06-09,2025-07-24,2025-06-13,PO-2025-9864,Logistics,N. Bhatt,email,USD,115011.67,8,9200.93,124212.6,45,6879,0.961,False,none,False,
INV-2026-000128,Nandi Hardware Co,18IPBTO4188T1Z6,2026-05-30,2026-07-14,2026-05-30,PO-2026-5855,Logistics,M. Krishnan,edi_feed,EUR,136884.41,0,0.0,136884.41,45,4148,0.949,False,none,False,
INV-2026-000129,Sundaram Motors Spares,29REAGW7513H1Z0,2026-08-08,2026-09-22,2026-08-13,PO-2026-3699,Operations,M. Krishnan,scanned_mail,USD,461059.77,6,27663.59,488723.36,45,5944,0.95,False,none,False,
INV-2024-000130,Kaveri Industrial Parts,23CDSMX4053C1Z7,2024-10-07,2024-12-06,2024-10-09,PO-2024-4439,Admin,N. Bhatt,scanned_mail,INR,114458.77,5,5722.94,120181.71,60,2502,0.978,False,none,False,
INV-2025-000131,Udupi Fresh Foods,20CHXQY0664J1Z0,2025-08-31,2025-10-15,2025-09-04,PO-2025-3730,Operations,V. Desai,edi_feed,INR,142857.14,5,7142.86,150000.0,45,9411,0.953,False,round_number_amount,True,Total is an unusually round figure for this line of business.
INV-2025-000132,Kaveri Industrial Parts,14JDLLJ3235R1Z3,2025-05-01,2025-06-15,2025-05-05,PO-2025-6045,Operations,D'Souza,vendor_portal,INR,361781.97,5,18089.1,379871.07,45,2837,0.959,False,none,False,
INV-2024-000133,Udupi Fresh Foods,10SGZFS1118L1Z0,2024-01-08,2024-02-07,2024-01-10,PO-2024-9011,Marketing,S. Kulkarni,email,INR,405537.9,5,20276.9,425814.8,30,2849,0.949,False,none,False,
INV-2026-000134,Ganga Freight Services,27EGAHK8850I1Z5,2026-08-26,2026-10-10,2026-08-26,PO-2026-8493,HR,P. Nair,scanned_mail,INR,223794.05,12,26855.29,250649.34,45,8291,0.949,False,none,False,
INV-2025-000135,Udupi Fresh Foods,18NKTCR9376H1Z8,2025-08-20,2025-10-19,2025-08-23,PO-2025-2760,Marketing,P. Nair,edi_feed,INR,365932.5,5,18296.62,384229.12,60,5360,0.993,False,none,False,
INV-2024-000136,Udupi Fresh Foods,26YYBZC6404W1Z0,2024-06-04,2024-06-19,2024-06-08,PO-2024-1705,Legal,R. Menon,edi_feed,EUR,402250.06,0,0.0,402250.06,15,6757,0.917,False,none,False,
INV-2025-000137,Coastal Cargo Movers,36OYSWJ9463N1Z5,2025-12-08,2026-01-07,2025-12-10,PO-2025-9668,Logistics,R. Menon,edi_feed,INR,134225.77,0,0.0,134225.77,30,2164,0.977,False,none,False,
INV-2025-000138,Bluewave Logistics Pvt Ltd,08QMKNR2233D1Z5,2025-12-20,2026-01-19,2025-12-25,PO-2025-4853,Logistics,P. Nair,scanned_mail,INR,14535.94,18,2616.47,17152.41,30,9602,0.949,False,none,False,
INV-2024-000139,Lotus Catering Services,04JVGNC2126U1Z8,2024-11-26,2024-12-11,2024-11-26,PO-2024-3616,Logistics,K. Reddy,edi_feed,INR,47544.55,5,2377.23,49921.78,15,9050,0.946,False,split_invoice,True,"Amount sits just under the approval threshold, alongside a same-day sibling invoice."
INV-2026-000140,Bluewave Logistics Pvt Ltd,34PQAVH0697K1Z5,2026-08-29,2026-09-13,2026-08-29,PO-2026-6704,Logistics,P. Nair,edi_feed,USD,144325.15,8,11546.01,155871.16,15,8792,0.927,False,none,False,
INV-2024-000141,Ganga Freight Services,02OYGMQ2116P1Z1,2024-11-03,2024-12-03,2024-11-03,PO-2024-5423,Procurement,A. Iyer,email,USD,267200.99,0,0.0,267200.99,30,0232,0.911,False,none,False,
INV-2024-000142,Jyothi Print & Design,07POCWY4998P1Z1,2024-06-06,2024-07-21,2024-06-11,PO-2024-1257,HR,D'Souza,email,INR,128620.92,0,0.0,128620.92,45,6773,0.946,False,none,False,
INV-2026-000143,Zenith Office Furnishings,04JEDMS8412L1Z8,2026-02-26,2026-03-28,2026-02-26,PO-2026-5922,Marketing,N. Bhatt,edi_feed,USD,244504.71,6,14670.28,259174.99,30,8735,0.925,False,none,False,
INV-2026-000144,Meridian Consulting Group,14WUAJO8856N1Z1,2026-05-17,2026-06-16,2026-05-22,PO-2026-3622,Logistics,M. Krishnan,scanned_mail,INR,360912.54,28,101055.51,461968.05,30,3327,0.913,False,none,False,
INV-2025-000145,Bright Path Cleaning Services,19UQLYL0135J1Z8,2025-01-10,2025-02-09,2025-01-10,PO-2025-4832,HR,D'Souza,scanned_mail,INR,449206.96,28,125777.95,574984.91,30,5936,0.96,False,none,False,
INV-2026-000146,Lotus Catering Services,34TLLMK4102V1Z6,2026-01-21,2026-02-05,2026-01-25,PO-2026-3632,Procurement,D'Souza,vendor_portal,INR,343343.19,28,96136.09,439479.28,15,0712,0.906,False,none,False,
INV-2025-000147,Indus Valley Textiles,21LNMZZ8253S1Z5,2025-05-22,2025-07-21,2025-05-26,PO-2025-8780,Operations,R. Menon,edi_feed,INR,30872.51,18,5557.05,36429.56,60,3331,0.945,False,none,False,
INV-2025-000148,Sundaram Motors Spares,03PGEDM7769V1Z4,2025-08-05,2025-09-04,2025-08-05,PO-2025-6589,HR,N. Bhatt,scanned_mail,INR,5279.92,18,950.39,6230.31,30,4343,0.977,False,none,False,
INV-2024-000149,Indus Valley Textiles,35EPKYF4219O1Z5,2024-04-20,2024-06-04,2024-04-24,PO-2024-3244,Marketing,S. Kulkarni,edi_feed,INR,405538.52,5,20276.93,425815.45,45,3610,0.92,False,none,False,
INV-2025-000150,Kaveri Industrial Parts,36TELGK1328G1Z3,2025-01-18,2025-02-17,2025-01-23,PO-2025-4532,Finance,K. Reddy,edi_feed,INR,388030.16,0,0.0,388030.16,30,2181,0.975,False,none,False,
INV-2024-000151,Quantum Networks Pvt Ltd,09CMNYE9895U1Z9,2024-10-07,2024-10-22,2024-10-07,PO-2024-1980,HR,M. Krishnan,scanned_mail,INR,430989.9,28,120677.17,727769.4,15,6964,0.993,False,altered_total,True,Total does not reconcile with subtotal + tax.
INV-2025-000152,Orion Cloud Systems,12CACSJ3736Z1Z9,2025-07-29,2025-09-27,2025-08-03,PO-2025-6744,HR,D'Souza,vendor_portal,INR,258447.42,28,72365.28,330812.7,60,3912,0.907,False,none,False,
INV-2026-000153,Raagam Interiors,03GNQNP3803E1Z4,2026-02-10,2026-03-12,2026-02-14,PO-2026-8334,HR,V. Desai,vendor_portal,INR,442783.4,12,53134.01,495917.41,30,8324,0.945,False,none,False,
INV-2026-000154,Lotus Catering Services,16EGMLJ3814O1Z2,2026-01-25,2026-02-09,2026-01-26,PO-2026-1633,Procurement,M. Krishnan,email,USD,83392.45,10,8339.25,91731.7,15,8163,0.984,False,none,False,
INV-2024-000155,Aravind Steel Traders,24POMDK9582P1Z7,2024-12-29,2025-02-12,2025-01-01,PO-2024-8050,Logistics,A. Iyer,vendor_portal,INR,272749.17,12,32729.9,305479.07,45,3563,0.979,False,none,False,
INV-2025-000156,Chola Office Supplies,34HLTUV8575J1Z5,2025-09-24,2025-10-09,2025-09-25,PO-2025-5735,HR,P. Nair,email,INR,238278.62,28,66718.01,304996.63,15,9878,0.981,False,none,False,
INV-2026-000157,Coastal Cargo Movers,19BEETN4298V1Z9,2026-09-08,2026-10-23,2026-09-13,PO-2026-9317,Procurement,K. Reddy,edi_feed,USD,11124.27,8,889.94,12014.21,45,2562,0.989,False,none,False,
INV-2025-000158,Global Freight Partners,17MLMNG6063Q1Z2,2025-09-09,2025-11-08,2025-09-13,PO-2025-2758,Marketing,M. Krishnan,vendor_portal,INR,141072.46,28,39500.29,180572.75,60,8617,0.971,False,none,False,
INV-2025-000159,Ganga Freight Services,04IZNHZ1265K1Z9,2025-12-18,2026-01-02,2025-12-22,PO-2025-5788,HR,P. Nair,edi_feed,INR,146330.44,28,40972.52,187302.96,15,9606,0.92,False,none,False,
INV-2025-000160,Tejas Security Services,03IUEOB6657U1Z2,2025-04-04,2025-04-19,2025-04-07,PO-2025-2127,Operations,S. Kulkarni,email,INR,421335.79,18,75840.44,497176.23,15,9250,0.952,False,none,False,
INV-2024-000161,Indus Valley Textiles,20KLGHJ1398Y1Z9,2024-04-01,2024-05-31,2024-04-04,PO-2024-6961,Logistics,M. Krishnan,edi_feed,INR,253209.9,5,12660.5,265870.4,60,5561,0.919,False,none,False,
INV-2024-000162,Tejas Security Services,37VIFYV3713J1Z8,2024-08-18,2024-10-02,2024-08-18,PO-2024-2133,Operations,M. Krishnan,vendor_portal,INR,191973.34,28,53752.54,245725.88,45,5961,0.902,False,none,False,
INV-2025-000163,Sundaram Motors Spares,31SUFDF7105V1Z4,2025-11-13,2025-11-28,2025-11-15,PO-2025-2326,Legal,T. Rao,email,INR,340309.2,18,61255.66,401564.86,15,6323,0.989,False,none,False,
INV-2026-000164,Yamuna Water Solutions,19ELUBL4019U1Z0,2026-01-30,2026-03-01,2026-02-02,PO-2026-8899,HR,T. Rao,edi_feed,INR,407853.13,18,73413.56,481266.69,30,0042,0.962,False,none,False,
INV-2024-000165,Orion Cloud Systems,24FCVIS6219K1Z1,2024-06-17,2024-07-17,2024-06-22,PO-2024-3389,Admin,N. Bhatt,email,USD,404389.3,10,40438.93,444828.23,30,0174,0.932,False,none,False,
INV-2025-000166,Apex Manpower Agency,24DBYLT0644Q1Z1,2025-11-28,2026-01-12,2025-11-29,PO-2025-9989,Marketing,K. Reddy,vendor_portal,INR,254997.93,5,12749.9,267747.83,45,9406,0.965,False,none,False,
INV-2026-000167,Bright Path Cleaning Services,36FQZGE9393E1Z4,2026-08-02,2026-09-01,2026-08-07,PO-2026-6802,Finance,V. Desai,email,INR,260682.11,5,13034.11,273716.22,30,0885,0.99,False,none,False,
INV-2025-000168,Coastal Cargo Movers,04RIQTI0298A1Z3,2025-01-05,2025-02-19,2025-01-07,PO-2025-9974,Marketing,A. Iyer,edi_feed,INR,50572.52,28,14160.31,64732.83,45,4137,0.942,False,none,False,
INV-2024-000169,Coastal Cargo Movers,36PZVGW2379V1Z9,2024-10-05,2024-10-20,2024-10-05,PO-2024-8117,Logistics,A. Iyer,email,INR,278472.35,0,0.0,278472.35,15,1751,0.909,False,none,False,
INV-2026-000170,Vishwa Engineering Works,27SHNRG5679D1Z3,2026-07-12,2026-07-27,2026-07-17,PO-2026-1955,Legal,S. Kulkarni,scanned_mail,USD,317338.52,6,19040.31,336378.83,15,6015,0.967,False,none,False,
INV-2024-000171,Aravind Steel Traders,15NSSRZ5771I1Z0,2024-08-25,2024-10-24,2024-08-27,PO-2024-6781,Procurement,S. Kulkarni,edi_feed,INR,210632.58,0,0.0,210632.58,60,0878,0.988,False,none,False,
INV-2024-000172,Vishwa Engineering Works,14TWPNZ7373B1Z4,2024-09-27,2024-11-11,2024-09-29,PO-2024-4805,Operations,D'Souza,email,INR,157481.56,28,44094.84,201576.4,45,6545,0.954,False,none,False,
INV-2024-000173,Falcon IT Solutions,37UNVSK0452N1Z8,2024-01-16,2024-03-16,2024-01-16,PO-2024-8904,Admin,P. Nair,vendor_portal,INR,68742.24,12,8249.07,76991.31,60,1418,0.931,False,none,False,
INV-2024-000174,Sundaram Motors Spares,01NKTCD2804H1Z3,2024-10-27,2024-11-11,2024-10-28,PO-2024-9204,HR,S. Kulkarni,scanned_mail,INR,87218.07,18,15699.25,102917.32,15,1327,0.985,False,none,False,
INV-2026-000175,Nandi Hardware Co,21DVNGZ5861Q1Z8,2026-05-08,2026-06-07,2026-05-12,PO-2026-1115,Facilities,A. Iyer,edi_feed,INR,44449.75,18,8000.95,52450.7,30,6958,0.924,False,none,False,
INV-2024-000176,Vishwa Engineering Works,29CGFOD9948D1Z3,2024-11-12,2024-12-27,2024-11-15,PO-2024-3515,HR,R. Menon,edi_feed,INR,19949.33,0,0.0,19949.33,45,9649,0.969,False,none,False,
INV-2024-000177,Kaveri Industrial Parts,10BPHZA7286J1Z2,2024-11-08,2024-11-23,2024-11-16,PO-2024-6645,Logistics,K. Reddy,edi_feed,INR,163163.76,5,8158.19,171321.95,15,7298,0.985,False,weekend_submission,True,Submitted outside business hours/days with no prior pattern for this vendor.
INV-2026-000178,Horizon Facilities Mgmt,12PQIES0182P1Z4,2026-06-25,2026-08-24,2026-06-27,PO-2026-4223,Logistics,A. Iyer,email,INR,215434.45,28,60321.65,275756.1,60,3368,0.913,False,none,False,
INV-2025-000179,Indus Valley Textiles,23ZOGUU6513N1Z5,2025-11-22,2025-12-07,2025-11-23,PO-2025-2720,Procurement,P. Nair,vendor_portal,INR,18654.99,0,0.0,18654.99,15,3401,0.994,False,none,False,
INV-2026-000180,Bluewave Logistics Pvt Ltd,25OZNRB2812X1Z9,2026-03-07,2026-05-06,2026-03-14,PO-2026-4159,Procurement,R. Menon,scanned_mail,INR,57148.04,5,2857.4,60005.44,60,8076,0.929,False,weekend_submission,True,Submitted outside business hours/days with no prior pattern for this vendor.
INV-2025-000181,Ganga Freight Services,23QIATS3924Q1Z6,2025-01-04,2025-01-19,2025-01-04,PO-2025-6059,HR,V. Desai,edi_feed,USD,61488.88,8,4919.11,66407.99,15,8589,0.962,False,none,False,
INV-2026-000182,Horizon Facilities Mgmt,07CTQXI4493G1Z9,2026-02-25,2026-04-26,2026-02-25,PO-2026-2627,Marketing,V. Desai,vendor_portal,INR,212465.89,12,25495.91,237961.8,60,6734,0.967,False,none,False,
INV-2025-000183,Kaveri Industrial Parts,04SNIDU1333D1Z3,2025-10-14,2025-10-29,2025-10-18,PO-2025-4498,Procurement,T. Rao,email,USD,474487.62,10,47448.76,521936.38,15,5472,0.944,False,none,False,
INV-2026-000184,Bluewave Logistics Pvt Ltd,35USQNE6809V1Z7,2026-04-12,2026-04-27,2026-04-17,PO-2026-5446,Operations,T. Rao,email,USD,38099.29,8,3047.94,41147.23,15,6457,0.947,False,none,False,
INV-2026-000185,Jyothi Print & Design,21CJPSZ4921Z1Z4,2026-08-30,2026-09-29,2026-09-03,PO-2026-1010,Finance,P. Nair,edi_feed,INR,458706.53,5,22935.33,481641.86,30,4099,0.958,False,none,False,
INV-2026-000186,Chola Office Supplies,07EPUYW7280Z1Z3,2026-08-12,2026-09-11,2026-08-15,PO-2026-1231,Operations,N. Bhatt,vendor_portal,INR,201088.93,0,0.0,201088.93,30,3750,0.902,False,none,False,
INV-2026-000187,Nandi Hardware Co,32IMYXS1335F1Z8,2026-02-13,2026-03-15,2026-02-17,PO-2026-9589,IT,A. Iyer,scanned_mail,INR,7750.09,0,0.0,7750.09,30,5897,0.918,False,none,False,
INV-2026-000188,Nandi Hardware Co,25CWBZM7907R1Z7,2026-02-01,2026-03-18,2026-02-06,PO-2026-6508,Marketing,T. Rao,vendor_portal,INR,421045.41,18,75788.17,496833.58,45,4380,0.925,False,none,False,
INV-2026-000189,Ganga Freight Services,28WTLCI3425Z1Z0,2026-07-22,2026-09-05,2026-07-26,PO-2026-6030,Logistics,K. Reddy,scanned_mail,USD,49129.45,10,4912.94,54042.39,45,2877,0.911,False,none,False,
INV-2026-000190,Raagam Interiors,12NKIFL2282G1Z7,2026-01-26,2026-03-12,2026-01-29,PO-2026-1474,Facilities,S. Kulkarni,scanned_mail,USD,165821.8,6,9949.31,175771.11,45,9253,0.941,False,none,False,
INV-2024-000191,Tejas Security Services,11PTFKB4846F1Z7,2024-09-30,2024-11-29,2024-10-04,PO-2024-8712,Admin,K. Reddy,vendor_portal,INR,38252.07,28,10710.58,48962.65,60,4757,0.912,False,split_invoice,True,"Amount sits just under the approval threshold, alongside a same-day sibling invoice."
INV-2026-000192,Raagam Interiors,08SLHZH2654F1Z6,2026-05-28,2026-06-27,2026-05-31,PO-2026-9799,Procurement,A. Iyer,scanned_mail,INR,164122.92,18,29542.13,193665.05,30,1776,0.976,False,none,False,
INV-2025-000193,Apex Manpower Agency,04UOUJG9484G1Z8,2025-06-03,2025-07-03,2025-06-04,PO-2025-9304,Finance,K. Reddy,scanned_mail,INR,356833.69,0,0.0,356833.69,30,8038,0.955,False,none,False,
INV-2025-000194,Aravind Steel Traders,19GIXQL9761P1Z9,2025-09-18,2025-10-18,2025-09-19,PO-2025-4311,Operations,A. Iyer,vendor_portal,INR,309016.31,18,55622.94,364639.25,30,1759,0.966,False,none,False,
INV-2026-000195,Falcon IT Solutions,21KOFBB1788Q1Z8,2026-07-13,2026-07-28,2026-07-15,PO-2026-6278,Marketing,N. Bhatt,vendor_portal,INR,410224.77,5,20511.24,430736.01,15,4322,0.917,False,none,False,
INV-2024-000196,Chola Office Supplies,01GPPAP7660E1Z1,2024-02-01,2024-03-17,2024-02-03,PO-2024-2952,Admin,V. Desai,vendor_portal,INR,332919.32,12,39950.32,372869.64,45,8567,0.96,False,none,False,
INV-2026-000197,Kaveri Industrial Parts,19OBBAX1306V1Z3,2026-04-04,2026-05-19,2026-04-09,PO-2026-3401,HR,D'Souza,email,INR,85706.06,12,10284.73,95990.79,45,0944,0.972,False,none,False,
INV-2025-000198,Indus Valley Textiles,37YQSQL7873W1Z8,2025-01-17,2025-02-16,2025-01-17,PO-2025-8380,IT,M. Krishnan,edi_feed,INR,46775.07,5,2338.75,49113.82,30,9973,0.993,False,none,False,
INV-2025-000199,Nandi Hardware Co,11QJGYD9071Z1Z8,2025-02-04,2025-03-21,2025-02-04,PO-2025-3241,Facilities,S. Kulkarni,edi_feed,INR,29321.45,12,3518.57,32840.02,45,8583,0.927,False,none,False,
INV-2026-000200,Yamuna Water Solutions,16QCADY8832W1Z9,2026-01-26,2026-03-27,2026-01-31,PO-2026-1696,Facilities,A. Iyer,vendor_portal,INR,276702.86,0,0.0,276702.86,60,1583,0.93,False,none,False,
INV-2024-000201,Bluewave Logistics Pvt Ltd,04MSWJP5051Q1Z8,2024-02-08,2024-03-09,2024-02-12,PO-2024-8942,IT,V. Desai,scanned_mail,INR,329417.6,0,0.0,329417.6,30,1164,0.938,False,none,False,
INV-2025-000202,Quantum Networks Pvt Ltd,24WLFFO4827E1Z8,2025-05-09,2025-06-23,2025-05-13,PO-2025-2536,Finance,M. Krishnan,scanned_mail,INR,27149.42,5,1357.47,28506.89,45,5780,0.98,False,none,False,
INV-2025-000203,Yamuna Water Solutions,30VEVUL0269G1Z5,2025-06-26,2025-07-11,2025-06-28,PO-2025-5470,Legal,D'Souza,email,INR,26799.09,0,0.0,26799.09,15,4084,0.983,False,none,False,
INV-2024-000204,Everest Packaging Co,11YNVWT4248T1Z7,2024-12-14,2024-12-29,2024-12-16,PO-2024-5143,Procurement,T. Rao,vendor_portal,INR,354406.66,0,0.0,354406.66,15,3277,0.924,False,none,False,
INV-2024-000205,Falcon IT Solutions,31HABZF0275Q1Z4,2024-09-12,2024-09-27,2024-09-12,PO-2024-6283,Marketing,M. Krishnan,edi_feed,INR,38058.65,28,10656.42,48715.07,15,0941,0.966,False,none,False,
INV-2024-000206,Meridian Consulting Group,04LXCCP1630X1Z0,2024-12-05,2025-01-19,2024-12-05,PO-2024-3905,Legal,S. Kulkarni,edi_feed,INR,57179.17,5,2858.96,60038.13,45,2143,0.91,False,none,False,
INV-2024-000207,Raagam Interiors,05LMVYH7667S1Z9,2024-10-15,2024-11-14,2024-10-20,PO-2024-2810,Marketing,M. Krishnan,vendor_portal,INR,386310.25,12,46357.23,432667.48,30,4606,0.962,False,none,False,
INV-2026-000208,Tejas Security Services,32HMLQC5235B1Z9,2026-03-12,2026-03-27,2026-03-13,PO-2026-5366,Facilities,M. Krishnan,scanned_mail,INR,156941.57,18,28249.48,185191.05,15,7653,0.994,False,none,False,
INV-2024-000209,Everest Packaging Co,18LMRPJ0084V1Z0,2024-10-13,2024-11-12,2024-10-16,PO-2024-3202,Marketing,V. Desai,scanned_mail,INR,315375.95,5,15768.8,331144.75,30,8215,0.918,False,none,False,
INV-2024-000210,Udupi Fresh Foods,35CXWYE4341P1Z4,2024-10-08,2024-10-23,2024-10-12,PO-2024-5200,Facilities,K. Reddy,scanned_mail,INR,71983.61,28,20155.41,92139.02,15,6292,0.961,False,none,False,
INV-2024-000211,Meridian Consulting Group,08FMUMC6770L1Z8,2024-12-03,2025-02-01,2024-12-07,PO-2024-6344,Admin,K. Reddy,email,INR,274079.01,12,32889.48,306968.49,60,5144,0.977,False,none,False,
INV-2025-000212,Global Freight Partners,21EDFKG4055U1Z3,2025-12-29,2026-02-12,2025-12-29,PO-2025-5034,Finance,S. Kulkarni,scanned_mail,INR,433085.99,18,77955.48,511041.47,45,8203,0.918,False,none,False,
INV-2024-000213,Chola Office Supplies,24UQFYP8821F1Z5,2024-08-03,2024-09-17,2024-08-08,PO-2024-2912,Legal,R. Menon,scanned_mail,EUR,329410.52,8,26352.84,355763.36,45,4983,0.929,False,none,False,
INV-2024-000214,Bright Path Cleaning Services,13DIRWY2020K1Z3,2024-11-20,2024-12-20,2024-11-21,PO-2025-1929,Facilities,P. Nair,email,INR,307390.69,12,36886.88,344277.57,30,9065,0.961,True,duplicate_invoice,True,Same vendor/amount seen on a prior invoice within 10 days.
INV-2024-000215,Chola Office Supplies,12GRKZP6139K1Z8,2024-04-22,2024-06-06,2024-04-27,PO-2024-6558,Procurement,S. Kulkarni,scanned_mail,INR,367159.3,28,102804.6,469963.9,45,5689,0.982,False,none,False,
INV-2025-000216,Raagam Interiors,02AVUGJ1350O1Z3,2025-01-25,2025-02-24,2025-01-25,PO-2025-4917,Facilities,M. Krishnan,scanned_mail,INR,60031.23,18,10805.62,70836.85,30,4556,0.925,False,none,False,
INV-2026-000217,Quantum Networks Pvt Ltd,14VESFW2337O1Z6,2026-05-13,2026-06-12,2026-05-13,PO-2026-4974,Finance,P. Nair,edi_feed,USD,390892.15,0,0.0,390892.15,30,3425,0.98,False,none,False,
INV-2025-000218,Sundaram Motors Spares,05QXSEN0700I1Z1,2025-07-04,2025-08-18,2025-07-06,PO-2025-8620,Legal,R. Menon,edi_feed,INR,332299.46,28,93043.85,425343.31,45,2702,0.917,False,none,False,
INV-2025-000219,Tejas Security Services,09UIXQJ0142D1Z2,2025-02-20,2025-04-06,2025-02-23,PO-2025-2349,HR,K. Reddy,email,INR,197565.21,0,0.0,197565.21,45,7217,0.963,False,none,False,
INV-2026-000220,Indus Valley Textiles,01LHIQX3175S1Z0,2026-07-06,2026-08-20,2026-07-07,PO-2026-2777,Marketing,R. Menon,scanned_mail,INR,78420.66,12,9410.48,87831.14,45,6877,0.916,False,none,False,
INV-2026-000221,Jyothi Print & Design,32TMXZP7454O1Z9,2026-05-15,2026-07-14,2026-05-18,PO-2026-7727,Finance,V. Desai,email,INR,352067.47,28,98578.89,450646.36,60,5395,0.919,False,none,False,
INV-2025-000222,Coastal Cargo Movers,33BKVXW0499L1Z8,2025-04-10,2025-05-25,2025-04-11,PO-2025-6379,Logistics,T. Rao,email,USD,204324.42,10,20432.44,224756.86,45,7771,0.905,False,none,False,
INV-2024-000223,Quantum Networks Pvt Ltd,02YVVCF8405G1Z7,2024-05-04,2024-06-18,2024-05-04,PO-2024-5212,HR,M. Krishnan,edi_feed,INR,442170.68,12,53060.48,495231.16,45,0744,0.973,False,none,False,
INV-2024-000224,Raagam Interiors,22DANMB4330F1Z6,2024-02-25,2024-04-25,2024-03-01,PO-2024-2424,Procurement,K. Reddy,vendor_portal,INR,76101.36,5,3805.07,79906.43,60,0064,0.923,False,none,False,
INV-2024-000225,Raagam Interiors,01NVIHH6228M1Z2,2024-12-25,2025-02-08,2024-12-27,PO-2024-3610,Logistics,P. Nair,vendor_portal,INR,94089.32,0,0.0,94089.32,45,0512,0.955,False,none,False,
INV-2026-000226,Jyothi Print & Design,28HCPRG7458G1Z2,2026-01-03,2026-01-18,2026-01-07,PO-2026-2202,IT,S. Kulkarni,edi_feed,INR,149274.88,12,17912.99,167187.87,15,6510,0.935,False,none,False,
INV-2024-000227,Bright Path Cleaning Services,22DXIPI9921T1Z6,2024-06-11,2024-06-26,2024-06-11,PO-2024-1029,HR,P. Nair,vendor_portal,INR,357375.6,28,100065.17,457440.77,15,3579,0.93,False,none,False,
INV-2026-000228,Bluewave Logistics Pvt Ltd,09ZOYEJ9782I1Z3,2026-01-10,2026-03-11,2026-01-15,PO-2026-8377,Logistics,M. Krishnan,scanned_mail,INR,127203.04,28,35616.85,162819.89,60,4080,0.935,False,none,False,
INV-2025-000229,Chola Office Supplies,03EXSLW1391N1Z6,2025-08-24,2025-09-08,2025-08-29,PO-2025-1237,Facilities,K. Reddy,edi_feed,INR,55053.27,5,2752.66,57805.93,15,4681,0.92,False,none,False,
INV-2025-000230,Udupi Fresh Foods,01CPFWU0014Y1Z6,2025-04-16,2025-05-01,2025-04-17,PO-2025-2214,Legal,D'Souza,email,INR,197927.6,18,35626.97,233554.57,15,0975,0.98,False,none,False,
INV-2024-000231,Global Freight Partners,10NLSLI4429G1Z4,2024-03-13,2024-05-12,2024-03-17,PO-2024-4695,Legal,D'Souza,edi_feed,INR,136063.73,18,24491.47,160555.2,60,0250,0.96,False,none,False,
INV-2025-000232,Falcon IT Solutions,30OYRTR7332D1Z0,2025-01-24,2025-02-08,2025-01-26,PO-2025-5945,Logistics,V. Desai,email,INR,74049.99,0,0.0,74049.99,15,2032,0.961,False,none,False,
INV-2025-000233,Orion Cloud Systems,21QEZEC5111M1Z7,2025-01-06,2025-03-07,2025-01-11,PO-2025-6471,IT,R. Menon,scanned_mail,INR,176758.85,18,31816.59,208575.44,60,7417,0.969,False,none,False,
INV-2025-000234,Sundaram Motors Spares,06IKRGN0736G1Z0,2025-05-07,2025-05-22,2025-05-12,PO-2025-3185,Legal,D'Souza,edi_feed,INR,351274.32,12,42152.92,393427.24,15,5496,0.946,False,none,False,
INV-2026-000235,Raagam Interiors,11UJWIQ3008U1Z2,2026-07-08,2026-09-06,2026-07-13,PO-2026-7403,Marketing,T. Rao,email,INR,381737.16,5,19086.86,400824.02,60,1913,0.947,False,none,False,
INV-2025-000236,Prakash Stationery Mart,19WLLBF1407P1Z4,2025-08-05,2025-10-04,2025-08-08,PO-2025-7450,Admin,M. Krishnan,scanned_mail,INR,109001.79,18,19620.32,128622.11,60,9052,0.961,False,none,False,
INV-2024-000237,Wingspan Travel Corp,18PVGBW6208O1Z8,2024-02-28,2024-03-29,2024-02-28,PO-2024-5731,Finance,P. Nair,vendor_portal,INR,97710.13,12,11725.22,109435.35,30,6503,0.947,False,none,False,
INV-2025-000238,Udupi Fresh Foods,05LHMUO9419K1Z5,2025-07-11,2025-08-10,2025-07-13,PO-2024-2258,Procurement,P. Nair,email,INR,453206.72,28,126897.88,580104.6,30,2514,0.953,True,duplicate_invoice,True,Same vendor/amount seen on a prior invoice within 10 days.
INV-2024-000239,Jyothi Print & Design,21JKGJF4214Q1Z6,2024-04-25,2024-05-10,2024-04-30,PO-2024-4666,HR,M. Krishnan,edi_feed,USD,309435.61,10,30943.56,340379.17,15,0526,0.971,False,none,False,
INV-2025-000240,Meridian Consulting Group,01OEAQV2380O1Z2,2025-11-01,2025-12-31,2025-11-06,PO-2025-2151,Finance,V. Desai,scanned_mail,INR,42370.42,18,7626.68,49997.1,60,3521,0.943,False,split_invoice,True,"Amount sits just under the approval threshold, alongside a same-day sibling invoice."
INV-2025-000241,Apex Manpower Agency,13YXNFH4384N1Z2,2025-04-16,2025-05-01,2025-04-18,PO-2025-7514,Facilities,R. Menon,email,USD,455078.64,10,45507.86,500586.5,15,1001,0.991,False,none,False,
INV-2025-000242,Vishwa Engineering Works,04IIGDO3461S1Z8,2025-02-24,2025-03-11,2025-02-27,PO-2025-5370,Finance,P. Nair,vendor_portal,USD,173179.18,10,17317.92,254860.76,15,5874,0.977,False,altered_total,True,Total does not reconcile with subtotal + tax.
INV-2026-000243,Ganga Freight Services,15XAAXS1942A1Z4,2026-04-16,2026-05-01,2026-04-19,PO-2026-1047,Legal,K. Reddy,edi_feed,INR,266336.89,18,47940.64,314277.53,15,6521,0.928,False,none,False,
INV-2025-000244,Prakash Stationery Mart,36IVSOU3160E1Z0,2025-06-28,2025-07-28,2025-06-29,PO-2025-3924,Facilities,V. Desai,vendor_portal,INR,195623.48,0,0.0,195623.48,30,4567,0.902,False,none,False,
INV-2025-000245,Quantum Networks Pvt Ltd,12BYKMM1097S1Z6,2025-11-03,2025-12-03,2025-11-06,PO-2025-5686,IT,P. Nair,email,INR,474731.35,28,132924.78,607656.13,30,0843,0.928,False,none,False,
INV-2025-000246,Yamuna Water Solutions,37THOGT7225V1Z0,2025-12-22,2026-02-20,2025-12-25,PO-2025-5013,Logistics,T. Rao,scanned_mail,INR,58593.75,28,16406.25,75000.0,60,1260,0.902,False,round_number_amount,True,Total is an unusually round figure for this line of business.
INV-2024-000247,Everest Packaging Co,18IULID2012O1Z9,2024-05-11,2024-06-10,2024-05-16,PO-2024-9957,Marketing,V. Desai,email,USD,46965.64,6,2817.94,49783.58,30,2781,0.994,False,split_invoice,True,"Amount sits just under the approval threshold, alongside a same-day sibling invoice."
INV-2024-000248,Everest Packaging Co,08NTRKF1410M1Z5,2024-03-03,2024-03-18,2024-03-04,PO-2024-8607,Logistics,V. Desai,email,INR,27744.77,12,3329.37,31074.14,15,8609,0.903,False,none,False,
INV-2025-000249,Kaveri Industrial Parts,23RXZRB1978F1Z8,2025-08-03,2025-09-17,2025-08-07,PO-2025-9796,Legal,A. Iyer,scanned_mail,INR,366665.72,28,102666.4,469332.12,45,0741,0.974,False,none,False,
INV-2025-000250,Udupi Fresh Foods,37RAQSK4602N1Z4,2025-09-01,2025-10-01,2025-09-01,PO-2025-3469,HR,N. Bhatt,email,INR,142857.14,5,7142.86,150000.0,30,2380,0.969,True,duplicate_invoice,True,Same vendor/amount seen on a prior invoice within 10 days.
INV-2026-000251,Everest Packaging Co,06ESXHP0934R1Z0,2026-08-11,2026-08-26,2026-08-16,PO-2026-7663,Procurement,K. Reddy,edi_feed,INR,413352.81,28,115738.79,529091.6,15,7488,0.947,False,none,False,
INV-2024-000252,Chola Office Supplies,03QRLOE6810I1Z3,2024-04-24,2024-05-24,2024-04-25,PO-2026-9315,Procurement,D'Souza,scanned_mail,INR,367159.3,28,102804.6,469963.9,30,3169,0.905,True,duplicate_invoice,True,Same vendor/amount seen on a prior invoice within 10 days.
INV-2024-000253,Meridian Consulting Group,32EBURC9744V1Z6,2024-12-12,2025-02-10,2024-12-12,PO-2024-2330,Operations,S. Kulkarni,scanned_mail,INR,169573.95,12,20348.87,189922.82,60,6363,0.935,False,none,False,
INV-2024-000254,Chola Office Supplies,20OWVGU5417C1Z4,2024-11-16,2024-12-31,2024-11-17,PO-2024-1390,Admin,V. Desai,edi_feed,USD,358126.6,6,21487.6,379614.2,45,7175,0.962,False,none,False,
INV-2025-000255,Udupi Fresh Foods,27PWWXJ2008X1Z2,2025-01-04,2025-02-03,2025-01-09,PO-2025-9428,Facilities,S. Kulkarni,scanned_mail,INR,316528.92,28,88628.1,405157.02,30,8817,0.971,False,none,False,
INV-2024-000256,Bluewave Logistics Pvt Ltd,05VVYCP4146D1Z7,2024-03-04,2024-05-03,2024-03-06,PO-2024-8384,Logistics,R. Menon,vendor_portal,INR,149398.99,5,7469.95,156868.94,60,4628,0.901,False,none,False,
INV-2024-000257,Raagam Interiors,07PDWUW6211H1Z2,2024-10-10,2024-12-09,2024-10-13,PO-2024-5308,IT,S. Kulkarni,edi_feed,INR,46253.66,18,8325.66,54579.32,60,9439,0.956,False,none,False,
INV-2024-000258,Horizon Facilities Mgmt,06AVWXN8397E1Z2,2024-12-24,2025-01-23,2024-12-25,PO-2024-3628,Procurement,S. Kulkarni,edi_feed,USD,293585.16,10,29358.52,322943.68,30,5660,0.926,False,none,False,
INV-2024-000259,Sundaram Motors Spares,14QIWCV7139W1Z3,2024-03-13,2024-04-27,2024-03-16,PO-2024-3578,Finance,T. Rao,email,INR,431539.62,0,0.0,431539.62,45,5226,0.908,False,none,False,
INV-2026-000260,Sundaram Motors Spares,06NAMMT3541T1Z2,2026-07-20,2026-08-19,2026-07-24,PO-2026-4982,Finance,S. Kulkarni,scanned_mail,USD,373552.16,6,22413.13,395965.29,30,7616,0.981,False,none,False,
INV-2026-000261,Udupi Fresh Foods,11WZLBJ2580M1Z0,2026-03-06,2026-04-05,2026-03-09,PO-2026-8907,Finance,K. Reddy,vendor_portal,INR,224898.8,28,62971.66,287870.46,30,0530,0.934,False,none,False,
INV-2024-000262,Apex Manpower Agency,19AWIDS9137J1Z0,2024-08-02,2024-09-01,2024-08-06,PO-2024-5734,Legal,T. Rao,scanned_mail,INR,425243.51,28,119068.18,544311.69,30,3558,0.944,False,none,False,
INV-2024-000263,Ganga Freight Services,29SLUPE6418J1Z1,2024-08-01,2024-09-30,2024-08-01,PO-2024-6205,Logistics,S. Kulkarni,email,INR,291794.05,12,35015.29,326809.34,60,5944,0.961,False,none,False,
INV-2026-000264,Vishwa Engineering Works,35ZPPKE9719N1Z9,2026-08-12,2026-10-11,2026-08-16,PO-2026-7995,Admin,S. Kulkarni,scanned_mail,INR,67064.28,28,18778.0,85842.28,60,3119,0.902,False,none,False,
INV-2024-000265,Kaveri Industrial Parts,17RDBML6835R1Z6,2024-12-31,2025-03-01,2024-12-31,PO-2024-7473,IT,S. Kulkarni,email,INR,138729.31,0,0.0,138729.31,60,6166,0.942,False,none,False,
INV-2024-000266,Horizon Facilities Mgmt,08VQXUF7087R1Z4,2024-07-07,2024-09-05,2024-07-08,PO-2024-8120,Legal,R. Menon,edi_feed,INR,148765.96,28,41654.47,190420.43,60,8458,0.94,False,none,False,
INV-2026-000267,Horizon Facilities Mgmt,33OKIWP3252D1Z1,2026-06-08,2026-07-23,2026-06-11,PO-2026-4155,Admin,S. Kulkarni,vendor_portal,INR,168931.1,5,8446.56,177377.66,45,9639,0.962,False,none,False,
INV-2026-000268,Wingspan Travel Corp,37VWIEH4727F1Z8,2026-02-18,2026-03-20,2026-02-20,PO-2026-4403,Finance,S. Kulkarni,vendor_portal,INR,150650.9,28,42182.25,192833.15,30,0299,0.919,False,none,False,
INV-2026-000269,Quantum Networks Pvt Ltd,22URSSB2857E1Z0,2026-01-19,2026-02-18,2026-01-23,PO-2026-7710,IT,D'Souza,email,INR,166997.75,18,30059.6,197057.35,30,0394,0.994,False,none,False,
INV-2024-000270,Vishwa Engineering Works,24ZZYUO7480X1Z0,2024-07-02,2024-08-16,2024-07-07,PO-2024-8832,Facilities,S. Kulkarni,vendor_portal,INR,349239.99,28,97787.2,447027.19,45,7409,0.917,False,none,False,
INV-2026-000271,Wingspan Travel Corp,04EQUKD5372S1Z4,2026-06-07,2026-06-22,2026-06-10,PO-2026-4585,HR,D'Souza,email,INR,310040.65,28,86811.38,396852.03,15,9991,0.943,False,none,False,
INV-2026-000272,Tejas Security Services,26YVQUZ1271M1Z6,2026-06-15,2026-07-15,2026-06-20,PO-2026-8273,Facilities,P. Nair,edi_feed,EUR,317564.89,8,25405.19,342970.08,30,7160,0.919,False,none,False,
INV-2025-000273,Deccan Electricals,25LIIKA7504I1Z3,2025-02-26,2025-03-13,2025-03-03,PO-2025-3214,Facilities,S. Kulkarni,edi_feed,USD,478119.65,6,28687.18,506806.83,15,1855,0.982,False,none,False,
INV-2026-000274,Northgate Print Hub,19DPXPM2977A1Z6,2026-08-08,2026-09-07,2026-08-13,PO-2026-4459,Operations,A. Iyer,edi_feed,INR,46352.5,5,2317.62,48670.12,30,4058,0.951,False,split_invoice,True,"Amount sits just under the approval threshold, alongside a same-day sibling invoice."
INV-2024-000275,Ganga Freight Services,09SLRDH7324H1Z6,2024-03-19,2024-04-03,2024-03-22,PO-2024-5619,Logistics,A. Iyer,vendor_portal,INR,68584.36,12,8230.12,76814.48,15,5183,0.941,False,none,False,
INV-2024-000276,Raagam Interiors,04UPFFV0258U1Z4,2024-02-01,2024-02-16,2024-02-06,PO-2024-5124,Operations,N. Bhatt,email,INR,401205.0,0,0.0,401205.0,15,1365,0.983,False,none,False,
INV-2024-000277,Global Freight Partners,18RDYEA2581Z1Z8,2024-08-03,2024-08-18,2024-08-06,PO-2024-3181,IT,M. Krishnan,edi_feed,INR,164484.11,28,46055.55,210539.66,15,1057,0.958,False,none,False,
INV-2025-000278,Tejas Security Services,01YMJDV1786F1Z7,2025-07-23,2025-08-22,2025-07-28,PO-2025-5969,Logistics,S. Kulkarni,email,EUR,83459.42,8,6676.75,90136.17,30,2434,0.924,False,none,False,
INV-2025-000279,Bluewave Logistics Pvt Ltd,05RYDQG6390O1Z3,2025-01-20,2025-02-19,2025-01-25,PO-2025-7200,Admin,R. Menon,vendor_portal,INR,281500.28,18,50670.05,332170.33,30,4785,0.96,False,none,False,
INV-2024-000280,Ganga Freight Services,30DVTVB7971O1Z7,2024-03-09,2024-04-08,2024-03-11,PO-2024-4865,Admin,D'Souza,vendor_portal,INR,36793.8,18,6622.88,43416.68,30,8270,0.916,False,none,False,
INV-2026-000281,Bluewave Logistics Pvt Ltd,34CLIZV5770X1Z0,2026-02-16,2026-04-17,2026-02-17,PO-2026-4221,Admin,D'Souza,email,EUR,431552.98,10,43155.3,474708.28,60,1303,0.95,False,none,False,
INV-2024-000282,Aravind Steel Traders,11SRPTA2418D1Z3,2024-06-26,2024-07-11,2024-06-27,PO-2024-1596,Facilities,V. Desai,email,USD,314108.17,6,18846.49,332954.66,15,6593,0.957,False,none,False,
INV-2026-000283,Sundaram Motors Spares,27DEYQR6007K1Z4,2026-05-01,2026-05-31,2026-05-03,PO-2026-7213,IT,D'Souza,edi_feed,EUR,406134.32,10,40613.43,446747.75,30,9566,0.961,False,none,False,
INV-2025-000284,Orion Cloud Systems,26FPDOT6260H1Z5,2025-03-09,2025-03-24,2025-03-13,PO-2025-4195,HR,M. Krishnan,vendor_portal,INR,151767.89,28,42495.01,194262.9,15,6671,0.965,False,none,False,
INV-2025-000285,Zenith Office Furnishings,06YUROB3623I1Z2,2025-10-03,2025-12-02,2025-10-04,PO-2025-7358,Legal,P. Nair,vendor_portal,INR,28227.38,18,5080.93,33308.31,60,8416,0.989,False,none,False,
INV-2025-000286,Nandi Hardware Co,21PZWWE9083F1Z7,2025-10-30,2025-11-14,2025-11-01,PO-2025-7497,Facilities,N. Bhatt,email,INR,463552.94,18,83439.53,546992.47,15,0397,0.904,False,none,False,
INV-2024-000287,Meridian Consulting Group,27JZSCN2371V1Z7,2024-04-26,2024-05-26,2024-05-01,PO-2024-5770,Facilities,S. Kulkarni,edi_feed,INR,393962.44,5,19698.12,413660.56,30,9188,0.953,False,none,False,
INV-2024-000288,Udupi Fresh Foods,26JDOKR1133C1Z1,2024-06-20,2024-08-19,2024-06-23,PO-2024-2802,Marketing,D'Souza,edi_feed,INR,267194.05,0,0.0,267194.05,60,2968,0.991,False,none,False,
INV-2025-000289,Sundaram Motors Spares,14MGJES8874L1Z0,2025-11-19,2025-12-04,2025-11-19,PO-2025-6279,Operations,S. Kulkarni,email,INR,86510.74,12,10381.29,96892.03,15,7563,0.955,False,none,False,
INV-2026-000290,Udupi Fresh Foods,06JCXUP9685D1Z5,2026-05-03,2026-05-18,2026-05-05,PO-2026-9975,Finance,R. Menon,email,INR,441634.4,28,123657.63,565292.03,15,8539,0.974,False,none,False,
INV-2025-000291,Deccan Electricals,30YYBIL7585V1Z9,2025-03-21,2025-04-05,2025-03-25,PO-2025-6883,Logistics,A. Iyer,edi_feed,INR,415543.87,18,74797.9,490341.77,15,6896,0.953,False,none,False,
INV-2025-000292,Kaveri Industrial Parts,19AEEGM7010X1Z6,2025-12-27,2026-02-25,2025-12-27,PO-2025-5296,Admin,A. Iyer,edi_feed,INR,31156.14,18,5608.11,36764.25,60,8032,0.937,False,none,False,
INV-2025-000293,Apex Manpower Agency,14XNNNF6288V1Z4,2025-09-14,2025-11-13,2025-09-16,PO-2025-2067,Marketing,T. Rao,email,INR,325072.73,0,0.0,325072.73,60,9761,0.953,False,none,False,
INV-2024-000294,Quantum Networks Pvt Ltd,28ZYMFC7904W1Z1,2024-08-14,2024-10-13,2024-08-15,PO-2024-5721,IT,D'Souza,vendor_portal,INR,316915.33,18,57044.76,373960.09,60,8256,0.905,False,none,False,
INV-2025-000295,Indus Valley Textiles,25ZKIOR0473F1Z0,2025-08-01,2025-09-30,2025-08-01,PO-2025-7956,Admin,R. Menon,edi_feed,INR,41365.75,5,2068.29,43434.04,60,7878,0.978,False,none,False,
INV-2025-000296,Bright Path Cleaning Services,14PMCSK0125L1Z3,2025-06-10,2025-06-25,2025-06-14,PO-2025-7246,Operations,N. Bhatt,edi_feed,INR,415348.6,28,116297.61,531646.21,15,7176,0.9,False,none,False,
INV-2026-000297,Northgate Print Hub,19SNPQX1194N1Z3,2026-08-31,2026-10-15,2026-09-01,PO-2026-6349,Operations,K. Reddy,vendor_portal,INR,423871.53,5,21193.58,445065.11,45,2600,0.947,False,none,False,
INV-2025-000298,Wingspan Travel Corp,12VIHKC2750D1Z1,2025-10-12,2025-12-11,2025-10-14,PO-2025-6216,Admin,R. Menon,email,INR,246413.98,0,0.0,246413.98,60,5322,0.93,False,none,False,
INV-2025-000299,Tejas Security Services,32AFZZE7482O1Z3,2025-10-03,2025-11-02,2025-10-05,PO-2026-9358,IT,K. Reddy,vendor_portal,INR,243619.35,12,29234.32,272853.67,30,1407,0.955,True,duplicate_invoice,True,Same vendor/amount seen on a prior invoice within 10 days.
INV-2024-000300,Kaveri Industrial Parts,12ILXXL4868U1Z4,2024-01-07,2024-02-06,2024-01-11,PO-2024-5128,Procurement,R. Menon,email,INR,142700.88,0,0.0,142700.88,30,4477,0.969,False,none,False,
INV-2025-000301,Orion Cloud Systems,01RRUDP5997D1Z6,2025-03-08,2025-04-22,2025-03-11,PO-2025-2809,IT,A. Iyer,scanned_mail,INR,265285.95,0,0.0,265285.95,45,5235,0.902,False,none,False,
INV-2024-000302,Horizon Facilities Mgmt,20IMBDZ9170V1Z0,2024-01-14,2024-02-28,2024-01-17,PO-2024-2990,Marketing,K. Reddy,edi_feed,EUR,309602.35,10,30960.24,340562.59,45,0553,0.941,False,none,False,
INV-2025-000303,Coastal Cargo Movers,24ZMHRB4561L1Z5,2025-11-02,2025-12-02,2025-11-05,PO-2025-3889,Marketing,D'Souza,edi_feed,INR,431380.72,28,120786.6,552167.32,30,1820,0.991,False,none,False,
INV-2026-000304,Apex Manpower Agency,25QHLLF0761D1Z3,2026-01-06,2026-02-20,2026-01-08,PO-2026-8278,Operations,V. Desai,vendor_portal,INR,262019.8,12,31442.38,293462.18,45,9558,0.984,False,none,False,
INV-2024-000305,Everest Packaging Co,17KJACN0846K1Z6,2024-03-26,2024-04-10,2024-03-31,PO-2024-3889,Logistics,A. Iyer,email,USD,43072.98,0,0.0,43072.98,15,0211,0.993,False,none,False,
INV-2026-000306,Yamuna Water Solutions,06NDVSV5549V1Z9,2026-03-05,2026-03-20,2026-03-10,PO-2026-3610,Marketing,S. Kulkarni,edi_feed,INR,337725.87,0,0.0,337725.87,15,5692,0.983,False,none,False,
INV-2026-000307,Quantum Networks Pvt Ltd,03KURZX2553K1Z8,2026-07-31,2026-08-15,2026-07-31,PO-2026-6729,Marketing,A. Iyer,edi_feed,INR,78710.79,18,14167.94,92878.73,15,7147,0.988,False,none,False,
INV-2026-000308,Global Freight Partners,27TBNMX3747X1Z5,2026-08-29,2026-10-13,2026-09-03,PO-2026-6942,Operations,N. Bhatt,vendor_portal,INR,384550.37,18,69219.07,453769.44,45,8576,0.945,False,none,False,
INV-2025-000309,Raagam Interiors,19RXMLU5480K1Z9,2025-11-22,2026-01-21,2025-11-23,PO-2025-1389,Legal,V. Desai,scanned_mail,INR,322062.64,12,38647.52,360710.16,60,2825,0.954,False,none,False,
INV-2026-000310,Bluewave Logistics Pvt Ltd,03KRROB7257B1Z7,2026-03-11,2026-05-10,2026-03-14,PO-2026-3190,IT,P. Nair,edi_feed,INR,27008.5,5,1350.42,28358.92,60,3930,0.988,False,none,False,
INV-2024-000311,Prakash Stationery Mart,20FUXJC2291D1Z7,2024-01-02,2024-01-17,2024-01-06,PO-2024-1082,Legal,S. Kulkarni,scanned_mail,INR,417645.39,18,75176.17,492821.56,15,2252,0.904,False,none,False,
INV-2025-000312,Ganga Freight Services,34AWXZU1367L1Z1,2025-11-30,2025-12-30,2025-11-30,PO-2025-7298,Logistics,P. Nair,edi_feed,INR,470965.5,12,56515.86,527481.36,30,0596,0.928,False,none,False,
INV-2025-000313,Bright Path Cleaning Services,31ESQSW3940V1Z2,2025-11-30,2025-12-15,2025-12-04,PO-2025-5230,HR,N. Bhatt,edi_feed,INR,283860.81,28,79481.03,363341.84,15,6389,0.963,False,none,False,
INV-2025-000314,Global Freight Partners,22HOLDM2487G1Z1,2025-03-17,2025-04-01,2025-03-21,PO-2025-2773,HR,S. Kulkarni,email,INR,219994.67,28,61598.51,281593.18,15,0844,0.985,False,none,False,
INV-2026-000315,Everest Packaging Co,11ASVWW5661N1Z2,2026-02-10,2026-03-27,2026-02-13,PO-2026-8278,Legal,S. Kulkarni,email,INR,53564.64,0,0.0,53564.64,45,7840,0.939,False,none,False,
INV-2024-000316,Ganga Freight Services,22PBZEL0234N1Z8,2024-05-13,2024-06-27,2024-05-14,PO-2024-3940,HR,K. Reddy,email,INR,415200.34,12,49824.04,465024.38,45,0657,0.968,False,none,False,
INV-2024-000317,Yamuna Water Solutions,21RNZGF9798V1Z2,2024-06-25,2024-08-09,2024-06-30,PO-2024-9058,Finance,A. Iyer,edi_feed,USD,182595.68,6,10955.74,193551.42,45,4903,0.991,False,none,False,
INV-2025-000318,Everest Packaging Co,22SAZTT7270A1Z0,2025-06-29,2025-08-13,2025-07-01,PO-2025-9564,HR,V. Desai,vendor_portal,USD,276711.54,8,22136.92,298848.46,45,7235,0.938,False,none,False,
INV-2025-000319,Global Freight Partners,14VTZXN9541U1Z3,2025-06-26,2025-07-11,2025-07-01,PO-2025-7825,HR,N. Bhatt,scanned_mail,INR,186289.56,5,9314.48,195604.04,15,8175,0.946,False,none,False,
INV-2025-000320,Yamuna Water Solutions,18ZNAIZ1187C1Z5,2025-05-25,2025-07-09,2025-05-29,PO-2025-5578,HR,S. Kulkarni,email,INR,30249.25,0,0.0,30249.25,45,9680,0.954,False,none,False,
INV-2026-000321,Coastal Cargo Movers,32WTOSS0982X1Z4,2026-05-30,2026-06-29,2026-06-01,PO-2026-6507,Legal,V. Desai,scanned_mail,INR,30874.46,5,1543.72,32418.18,30,4139,0.924,False,none,False,
INV-2024-000322,Northgate Print Hub,10MBATK7457B1Z8,2024-04-02,2024-05-17,2024-04-02,PO-2023-5162,Facilities,T. Rao,email,INR,468979.05,18,84416.23,553395.28,45,7953,0.966,False,mismatched_po,True,PO number does not correspond to an open purchase order.
INV-2026-000323,Coastal Cargo Movers,34PYIPL4912T1Z9,2026-09-06,2026-10-06,2026-09-08,PO-2026-8307,Legal,A. Iyer,vendor_portal,INR,358004.73,28,100241.32,458246.05,30,8279,0.967,False,none,False,
INV-2024-000324,Deccan Electricals,33DUQZD7307K1Z5,2024-10-13,2024-12-12,2024-10-16,PO-2024-2126,Legal,S. Kulkarni,edi_feed,USD,59396.64,10,5939.66,65336.3,60,7594,0.974,False,none,False,
INV-2025-000325,Zenith Office Furnishings,09DFRNM4643J1Z9,2025-04-11,2025-05-11,2025-04-13,PO-2025-3073,Legal,P. Nair,scanned_mail,INR,293767.61,18,52878.17,346645.78,30,2844,0.98,False,none,False,
INV-2026-000326,Indus Valley Textiles,11HEQKP0174A1Z2,2026-09-02,2026-09-17,2026-09-06,PO-2026-9947,Operations,M. Krishnan,edi_feed,INR,447861.27,0,0.0,447861.27,15,6954,0.979,False,none,False,
INV-2025-000327,Indus Valley Textiles,33GWYMD5245C1Z3,2025-06-12,2025-06-27,2025-06-12,PO-2025-9121,Facilities,K. Reddy,edi_feed,INR,176965.21,0,0.0,176965.21,15,0903,0.959,False,none,False,
INV-2025-000328,Falcon IT Solutions,19XUHLI7128H1Z3,2025-12-20,2026-01-04,2025-12-21,PO-2025-1937,Facilities,V. Desai,scanned_mail,INR,453087.39,12,54370.49,507457.88,15,8499,0.98,False,none,False,
INV-2024-000329,Lotus Catering Services,15ZTVWG8727U1Z8,2024-10-15,2024-10-30,2024-10-20,PO-2024-2791,Legal,N. Bhatt,email,INR,221227.92,5,11061.4,261211.46,15,2479,0.951,False,altered_total,True,Total does not reconcile with subtotal + tax.
INV-2024-000330,Ganga Freight Services,33QZPQF3401X1Z9,2024-09-23,2024-10-08,2024-09-27,PO-2024-9581,Facilities,S. Kulkarni,scanned_mail,INR,99270.36,0,0.0,99270.36,15,7288,0.981,False,none,False,
INV-2025-000331,Apex Manpower Agency,35BPPYG0853X1Z4,2025-04-30,2025-06-14,2025-04-30,PO-2025-2294,Operations,M. Krishnan,vendor_portal,USD,249973.98,0,0.0,249973.98,45,4056,0.909,False,none,False,
INV-2024-000332,Global Freight Partners,37ZSGXT6705O1Z5,2024-07-09,2024-09-07,2024-07-10,PO-2024-4280,HR,N. Bhatt,edi_feed,INR,195131.76,28,54636.89,249768.65,60,0752,0.967,False,none,False,
INV-2024-000333,Aravind Steel Traders,29HSJMD6136B1Z6,2024-11-01,2024-12-01,2024-11-01,PO-2024-5832,Operations,N. Bhatt,vendor_portal,INR,465408.95,18,83773.61,680925.53,30,0093,0.919,False,altered_total,True,Total does not reconcile with subtotal + tax.
INV-2026-000334,Aravind Steel Traders,10WBFQD5112C1Z0,2026-03-03,2026-04-02,2026-03-05,PO-2026-1199,Marketing,T. Rao,email,INR,241219.82,28,67541.55,308761.37,30,2655,0.934,False,none,False,
INV-2026-000335,Ganga Freight Services,33NTWFB6012Y1Z9,2026-01-25,2026-03-26,2026-01-26,PO-2026-5194,Facilities,D'Souza,edi_feed,INR,271575.27,0,0.0,271575.27,60,0380,0.963,False,none,False,
INV-2024-000336,Raagam Interiors,04XMWNS6510F1Z3,2024-01-07,2024-01-22,2024-01-07,PO-2024-8994,Procurement,D'Souza,email,INR,426456.93,18,76762.25,503219.18,15,4742,0.958,False,none,False,
INV-2024-000337,Aravind Steel Traders,29SASHU0185J1Z7,2024-01-15,2024-01-30,2024-01-18,PO-2024-4029,Operations,S. Kulkarni,scanned_mail,INR,449583.76,12,53950.05,503533.81,15,4648,0.988,False,none,False,
INV-2026-000338,Zenith Office Furnishings,21ORYEG3477O1Z1,2026-02-21,2026-04-22,2026-02-26,PO-2026-8266,Admin,D'Souza,vendor_portal,USD,352814.28,6,21168.86,373983.14,60,0650,0.946,False,none,False,
INV-2026-000339,Sundaram Motors Spares,37FMSBJ9507Y1Z8,2026-01-14,2026-01-29,2026-01-17,PO-2026-6187,Procurement,N. Bhatt,email,USD,78980.64,0,0.0,78980.64,15,4092,0.906,False,none,False,
INV-2026-000340,Bright Path Cleaning Services,12FRNDO2431X1Z7,2026-01-18,2026-03-04,2026-01-22,PO-2026-6612,Facilities,T. Rao,scanned_mail,USD,49472.31,0,0.0,49472.31,45,1654,0.931,False,split_invoice,True,"Amount sits just under the approval threshold, alongside a same-day sibling invoice."
INV-2024-000341,Sundaram Motors Spares,35CHLNQ8316K1Z7,2024-12-11,2024-12-26,2024-12-16,PO-2024-4016,Facilities,P. Nair,vendor_portal,INR,163923.43,28,45898.56,209821.99,15,7342,0.959,False,none,False,
INV-2024-000342,Sundaram Motors Spares,12EVTEY6649V1Z8,2024-07-14,2024-08-28,2024-07-15,PO-2024-5313,Finance,T. Rao,scanned_mail,INR,47219.45,5,2360.97,49580.42,45,5406,0.937,False,split_invoice,True,"Amount sits just under the approval threshold, alongside a same-day sibling invoice."
INV-2024-000343,Deccan Electricals,10ZPKTX9511P1Z0,2024-01-26,2024-02-10,2024-01-31,PO-2024-7663,Facilities,M. Krishnan,scanned_mail,INR,123385.93,0,0.0,123385.93,15,0293,0.902,False,none,False,
INV-2026-000344,Sundaram Motors Spares,08HFGTL6143G1Z1,2026-02-21,2026-04-07,2026-02-22,PO-2026-9536,Operations,D'Souza,vendor_portal,INR,23809.52,5,1190.48,25000.0,45,4639,0.907,False,round_number_amount,True,Total is an unusually round figure for this line of business.
INV-2025-000345,Vishwa Engineering Works,33YQBKI1163B1Z9,2025-08-02,2025-09-16,2025-08-02,PO-2025-5731,HR,D'Souza,email,USD,132846.33,8,10627.71,143474.04,45,8028,0.902,False,none,False,
INV-2026-000346,Apex Manpower Agency,35RVCDY4383T1Z8,2026-06-10,2026-08-09,2026-06-11,PO-2026-4254,Finance,V. Desai,scanned_mail,USD,233444.85,0,0.0,233444.85,60,6127,0.902,False,none,False,
INV-2026-000347,Zenith Office Furnishings,16HJQIB4783P1Z5,2026-08-29,2026-09-28,2026-08-30,PO-2026-8226,Legal,D'Souza,vendor_portal,INR,51159.12,18,9208.64,60367.76,30,8034,0.941,False,none,False,
INV-2025-000348,Siddha Supply Chain,12ABCDE,2025-06-13,2025-07-28,2025-06-13,PO-2025-8557,Logistics,S. Kulkarni,edi_feed,INR,152278.33,12,18273.4,170551.73,45,6929,0.702,False,ghost_vendor,True,Vendor has no prior transaction history; GSTIN fails format check.
INV-2024-000349,Deccan Electricals,03ZCRSV7408K1Z2,2024-10-22,2024-12-06,2024-10-22,PO-2024-9932,Admin,K. Reddy,vendor_portal,USD,167207.11,8,13376.57,180583.68,45,1475,0.953,False,none,False,
INV-2024-000350,Chola Office Supplies,08ILHKK6744M1Z1,2024-07-21,2024-09-04,2024-07-27,PO-2024-2718,Legal,S. Kulkarni,vendor_portal,USD,98651.84,6,5919.11,104570.95,45,8949,0.909,False,weekend_submission,True,Submitted outside business hours/days with no prior pattern for this vendor.
INV-2026-000351,Indus Valley Textiles,20QZMNI5407C1Z7,2026-08-23,2026-10-22,2026-08-27,PO-2026-8881,Marketing,D'Souza,email,INR,237960.67,0,0.0,237960.67,60,8092,0.983,False,none,False,
INV-2025-000352,Apex Manpower Agency,27ANOWK4679Z1Z6,2025-09-26,2025-10-11,2025-09-28,PO-2025-9449,HR,N. Bhatt,edi_feed,INR,240438.15,28,67322.68,307760.83,15,4559,0.954,False,none,False,
INV-2024-000353,Everest Packaging Co,04FUVBZ4322K1Z4,2024-11-09,2024-12-24,2024-11-09,PO-2024-6701,Logistics,N. Bhatt,email,INR,259674.09,28,72708.75,332382.84,45,9935,0.993,False,none,False,
INV-2025-000354,Lotus Catering Services,13MHZAL7628N1Z1,2025-03-10,2025-04-24,2025-03-14,PO-2025-7235,Legal,K. Reddy,email,INR,399454.35,0,0.0,399454.35,45,3332,0.927,False,none,False,
INV-2025-000355,Tejas Security Services,22EJJEF6393Y1Z6,2025-05-16,2025-07-15,2025-05-21,PO-2025-4784,Logistics,V. Desai,edi_feed,INR,415924.07,18,74866.33,490790.4,60,0663,0.91,False,none,False,
INV-2025-000356,Falcon IT Solutions,09ANUOC0519F1Z2,2025-09-13,2025-09-28,2025-09-16,PO-2025-5646,Finance,A. Iyer,email,INR,268336.87,0,0.0,268336.87,15,2701,0.949,False,none,False,
INV-2026-000357,Indus Valley Textiles,26FRCOO2116C1Z3,2026-08-20,2026-10-19,2026-08-21,PO-2026-9418,Admin,P. Nair,edi_feed,USD,190664.33,10,19066.43,209730.76,60,1752,0.901,False,none,False,
INV-2026-000358,Quantum Networks Pvt Ltd,03USMTW3619P1Z0,2026-06-05,2026-07-20,2026-06-07,PO-2026-3366,Marketing,D'Souza,email,INR,208655.56,0,0.0,208655.56,45,2827,0.912,False,none,False,
INV-2025-000359,Horizon Facilities Mgmt,13KMCOI8835E1Z4,2025-02-05,2025-04-06,2025-02-08,PO-2025-1365,Marketing,S. Kulkarni,scanned_mail,INR,181996.29,0,0.0,181996.29,60,7442,0.981,False,weekend_submission,True,Submitted outside business hours/days with no prior pattern for this vendor.
INV-2025-000360,Kaveri Industrial Parts,12MGDPZ3483I1Z0,2025-04-26,2025-05-26,2025-04-26,PO-2025-1201,Logistics,N. Bhatt,email,INR,308502.89,0,0.0,308502.89,30,0752,0.96,False,none,False,
INV-2024-000361,Chola Office Supplies,28AYATQ8403Q1Z4,2024-03-13,2024-05-12,2024-03-14,PO-2024-1483,Marketing,P. Nair,scanned_mail,INR,382561.02,28,107117.09,489678.11,60,5867,0.962,False,none,False,
INV-2024-000362,Tejas Security Services,37BPRRD9610B1Z8,2024-05-17,2024-07-01,2024-05-19,PO-2024-3541,HR,T. Rao,email,INR,160275.73,28,44877.2,205152.93,45,4602,0.953,False,none,False,
INV-2026-000363,Indus Valley Textiles,21ZRVCE0011W1Z0,2026-05-19,2026-06-03,2026-05-21,PO-2026-9038,Admin,V. Desai,scanned_mail,INR,396684.06,5,19834.2,416518.26,15,7722,0.924,False,none,False,
INV-2026-000364,Quantum Networks Pvt Ltd,35MERKQ1336Q1Z9,2026-03-14,2026-05-13,2026-03-15,PO-2026-8701,Operations,A. Iyer,edi_feed,INR,105420.34,28,29517.7,134938.04,60,6266,0.905,False,none,False,
INV-2024-000365,Falcon IT Solutions,29EKSLN8892J1Z5,2024-10-22,2024-11-21,2024-10-26,PO-2024-8088,Procurement,D'Souza,edi_feed,INR,191986.27,12,23038.35,215024.62,30,8761,0.945,False,none,False,
INV-2026-000366,Wingspan Travel Corp,10YGICC5294W1Z5,2026-03-03,2026-03-18,2026-03-03,PO-2026-4669,Admin,A. Iyer,vendor_portal,INR,230917.61,28,64656.93,295574.54,15,7626,0.903,False,none,False,
INV-2025-000367,Ganga Freight Services,08EDARE6662K1Z0,2025-08-29,2025-09-13,2025-09-03,PO-2025-9741,Finance,M. Krishnan,email,USD,449474.39,6,26968.46,476442.85,15,4562,0.946,False,none,False,
INV-2025-000368,Bright Path Cleaning Services,12PFRHN0003M1Z2,2025-11-16,2026-01-15,2025-11-19,PO-2025-4796,Facilities,A. Iyer,edi_feed,INR,223290.59,5,11164.53,234455.12,60,0661,0.939,False,none,False,
INV-2025-000369,Zenith Office Furnishings,16FQMAR2280I1Z6,2025-05-27,2025-06-11,2025-05-29,PO-2025-4021,Procurement,M. Krishnan,email,INR,128983.24,5,6449.16,135432.4,15,8424,0.952,False,none,False,
INV-2024-000370,Zenith Office Furnishings,36HDMNE4784T1Z4,2024-03-10,2024-03-25,2024-03-11,PO-2024-9557,Admin,M. Krishnan,email,INR,435436.33,12,52252.36,487688.69,15,8555,0.986,False,none,False,
INV-2024-000371,Horizon Facilities Mgmt,04HHDYZ3311B1Z1,2024-12-09,2024-12-24,2024-12-12,PO-2024-1935,Operations,T. Rao,vendor_portal,INR,165234.04,28,46265.53,211499.57,15,0915,0.912,False,none,False,
INV-2025-000372,Wingspan Travel Corp,11DULFZ8904L1Z3,2025-04-30,2025-06-29,2025-05-03,PO-2025-9628,Logistics,R. Menon,scanned_mail,USD,436466.13,10,43646.61,480112.74,60,9940,0.967,False,none,False,
INV-2024-000373,Indus Valley Textiles,27IJPMQ1143E1Z3,2024-01-12,2024-01-27,2024-01-14,PO-2024-1285,Marketing,K. Reddy,scanned_mail,INR,170363.07,5,8518.15,178881.22,15,8917,0.951,False,none,False,
INV-2025-000374,Udupi Fresh Foods,09MDXBX4707P1Z2,2025-03-02,2025-05-01,2025-03-02,PO-2025-6248,HR,T. Rao,scanned_mail,INR,465551.82,28,130354.51,595906.33,60,3234,0.929,False,none,False,
INV-2026-000375,Wingspan Travel Corp,08CECWH1813G1Z7,2026-07-20,2026-08-04,2026-07-23,PO-2026-4959,Legal,T. Rao,scanned_mail,INR,470584.94,18,84705.29,555290.23,15,6002,0.992,False,none,False,
INV-2024-000376,Chola Office Supplies,03JNMHW0414H1Z6,2024-09-27,2024-10-12,2024-10-01,PO-2024-4602,Logistics,M. Krishnan,vendor_portal,USD,292884.42,0,0.0,292884.42,15,1495,0.903,False,none,False,
INV-2024-000377,Prakash Stationery Mart,09KJYFQ0147X1Z4,2024-04-20,2024-06-19,2024-04-22,PO-2024-7333,HR,D'Souza,email,INR,195166.83,0,0.0,195166.83,60,9399,0.989,False,none,False,
INV-2026-000378,Nandi Hardware Co,13QOJYS0157Z1Z4,2026-03-17,2026-04-16,2026-03-21,PO-2026-6574,Facilities,M. Krishnan,email,INR,267553.69,5,13377.68,280931.37,30,9987,0.947,False,none,False,
INV-2024-000379,Quantum Networks Pvt Ltd,07LPIPI0324H1Z0,2024-10-29,2024-12-13,2024-10-30,PO-2024-8292,HR,S. Kulkarni,edi_feed,INR,423350.36,0,0.0,423350.36,45,8841,0.905,False,none,False,
INV-2025-000380,Global Freight Partners,21LHOPL4250B1Z4,2025-06-02,2025-07-02,2025-06-07,PO-2025-5807,Facilities,S. Kulkarni,edi_feed,INR,261668.04,12,31400.16,293068.2,30,5674,0.957,False,none,False,
INV-2024-000381,Aravind Steel Traders,26LTOGH8619Q1Z9,2024-01-31,2024-02-15,2024-02-02,PO-2024-4982,HR,V. Desai,edi_feed,INR,319962.08,12,38395.45,358357.53,15,0915,0.977,False,none,False,
INV-2026-000382,Bright Path Cleaning Services,28AEYQI9878V1Z7,2026-04-09,2026-04-24,2026-04-14,PO-2026-6957,Admin,K. Reddy,scanned_mail,INR,167146.23,0,0.0,167146.23,15,7291,0.931,False,none,False,
INV-2025-000383,Vishwa Engineering Works,03SONUM3566K1Z1,2025-11-02,2025-11-17,2025-11-02,PO-2025-7561,Logistics,R. Menon,edi_feed,INR,455613.29,18,82010.39,537623.68,15,7482,0.958,False,none,False,
INV-2024-000384,Nandi Hardware Co,10KIWUH9449J1Z2,2024-03-01,2024-03-31,2024-03-05,PO-2024-3927,Marketing,T. Rao,vendor_portal,INR,33456.57,5,1672.83,35129.4,30,9728,0.983,False,none,False,
INV-2025-000385,Bright Path Cleaning Services,31AWMMU5516Q1Z4,2025-12-21,2026-01-20,2025-12-24,PO-2025-3268,Logistics,K. Reddy,scanned_mail,USD,130420.15,6,7825.21,138245.36,30,6986,0.95,False,none,False,
INV-2024-000386,Quantum Networks Pvt Ltd,19DNTNW2761Y1Z7,2024-06-02,2024-07-17,2024-06-05,PO-2024-9802,Facilities,R. Menon,scanned_mail,INR,177839.13,0,0.0,177839.13,45,0262,0.906,False,none,False,
INV-2024-000387,Yamuna Water Solutions,02UTPKN0291O1Z4,2024-01-30,2024-03-15,2024-02-01,PO-2024-6506,HR,S. Kulkarni,scanned_mail,INR,48497.89,18,8729.62,57227.51,45,3772,0.951,False,none,False,
INV-2024-000388,Kaveri Industrial Parts,02LGLVD4887G1Z3,2024-03-26,2024-04-10,2024-03-29,PO-2024-4503,Legal,T. Rao,scanned_mail,INR,48088.75,0,0.0,48088.75,15,0283,0.993,False,none,False,
INV-2024-000389,Apex Manpower Agency,26ADOVX8200W1Z6,2024-05-03,2024-05-18,2024-05-07,PO-2024-4121,IT,V. Desai,edi_feed,USD,214270.0,6,12856.2,227126.2,15,6680,0.971,False,none,False,
INV-2024-000390,Meridian Consulting Group,24RUYQE3049J1Z1,2024-12-05,2024-12-20,2024-12-07,PO-2024-8859,Facilities,V. Desai,email,INR,111943.07,0,0.0,111943.07,15,3249,0.957,False,none,False,
INV-2024-000391,Falcon IT Solutions,36PVJEM2942J1Z4,2024-09-02,2024-09-17,2024-09-06,PO-2024-7415,Marketing,A. Iyer,vendor_portal,USD,150086.66,0,0.0,150086.66,15,0715,0.972,False,none,False,
INV-2025-000392,Wingspan Travel Corp,09EUEDY1154I1Z8,2025-07-30,2025-09-13,2025-07-31,PO-2025-1623,Legal,N. Bhatt,email,INR,43781.51,12,5253.78,49035.29,45,5178,0.976,False,split_invoice,True,"Amount sits just under the approval threshold, alongside a same-day sibling invoice."
INV-2025-000393,Meridian Consulting Group,07ALYRR1834B1Z1,2025-03-31,2025-04-15,2025-03-31,PO-2025-2379,Legal,V. Desai,scanned_mail,INR,369459.65,12,44335.16,413794.81,15,4445,0.982,False,none,False,
INV-2025-000394,Zenith Office Furnishings,20UJDUW4137Q1Z7,2025-12-07,2026-01-21,2025-12-09,PO-2025-4019,Marketing,R. Menon,edi_feed,INR,320325.65,28,89691.18,410016.83,45,6508,0.954,False,none,False,
INV-2024-000395,Lotus Catering Services,10GAMBD0970R1Z4,2024-08-21,2024-09-20,2024-08-23,PO-2024-2229,Marketing,D'Souza,vendor_portal,USD,175384.29,8,14030.74,189415.03,30,5820,0.96,False,none,False,
INV-2026-000396,Horizon Facilities Mgmt,16SWXAW8185N1Z8,2026-07-27,2026-09-10,2026-07-27,PO-2026-8618,Admin,T. Rao,edi_feed,INR,388994.72,18,70019.05,459013.77,45,2399,0.907,False,none,False,
INV-2026-000397,Global Freight Partners,16AWOAI4754R1Z4,2026-03-08,2026-05-07,2026-03-13,PO-2026-9997,Marketing,P. Nair,scanned_mail,INR,162667.78,0,0.0,162667.78,60,6117,0.936,False,none,False,
INV-2026-000398,Wingspan Travel Corp,35LSXND7721M1Z7,2026-06-10,2026-07-25,2026-06-11,PO-2026-1301,Operations,S. Kulkarni,scanned_mail,INR,187989.28,28,52637.0,240626.28,45,6888,0.964,False,none,False,
INV-2026-000399,Orion Cloud Systems,07TBVJM2439Z1Z9,2026-09-07,2026-10-22,2026-09-09,PO-2026-5744,Marketing,R. Menon,email,INR,394651.87,18,71037.34,465689.21,45,4335,0.953,False,none,False,
INV-2026-000400,Yamuna Water Solutions,25VTACU1497J1Z7,2026-02-18,2026-03-05,2026-02-18,PO-2026-8345,Operations,K. Reddy,scanned_mail,USD,227799.26,6,13667.96,241467.22,15,2606,0.945,False,none,False,
INV-2025-000401,Horizon Facilities Mgmt,02EMKTB2036E1Z1,2025-10-31,2025-11-15,2025-10-31,PO-2025-5739,Legal,V. Desai,scanned_mail,INR,453627.47,12,54435.3,508062.77,15,2402,0.934,False,none,False,
INV-2025-000402,Sundaram Motors Spares,01STTOB6449C1Z0,2025-11-10,2025-11-25,2025-11-11,PO-2025-8909,Finance,T. Rao,email,USD,137319.14,8,10985.53,148304.67,15,7508,0.912,False,none,False,
INV-2026-000403,Kaveri Industrial Parts,02IGTDG9201T1Z1,2026-01-20,2026-02-04,2026-01-21,PO-2026-2558,Marketing,N. Bhatt,vendor_portal,INR,28380.43,0,0.0,28380.43,15,0874,0.924,False,none,False,
INV-2026-000404,Kaveri Industrial Parts,19YTDUP3504U1Z6,2026-05-19,2026-07-18,2026-05-21,PO-2026-5017,Logistics,M. Krishnan,edi_feed,INR,444134.56,5,22206.73,466341.29,60,8455,0.983,False,none,False,
INV-2025-000405,Bright Path Cleaning Services,31MEMXJ6747O1Z1,2025-07-31,2025-09-29,2025-08-02,PO-2025-5345,Logistics,D'Souza,edi_feed,INR,52726.52,0,0.0,52726.52,60,1563,0.967,False,none,False,
INV-2025-000406,Yamuna Water Solutions,26PSMRB3590N1Z6,2025-03-07,2025-04-21,2025-03-07,PO-2025-9597,Finance,D'Souza,edi_feed,INR,68436.36,5,3421.82,71858.18,45,2505,0.994,False,none,False,
INV-2026-000407,Coastal Cargo Movers,30EPBOI2714T1Z2,2026-01-17,2026-02-16,2026-01-19,PO-2026-4220,HR,P. Nair,email,USD,405029.1,10,40502.91,445532.01,30,6882,0.931,False,none,False,
INV-2025-000408,Jyothi Print & Design,05HBMPH8078V1Z4,2025-12-04,2026-02-02,2025-12-07,PO-2025-3533,Finance,S. Kulkarni,scanned_mail,INR,148582.73,12,17829.93,166412.66,60,3689,0.943,False,none,False,
INV-2025-000409,Apex Manpower Agency,31ZFHCM4560M1Z1,2025-07-17,2025-09-15,2025-07-22,PO-2025-2394,Legal,M. Krishnan,scanned_mail,INR,279715.06,18,50348.71,330063.77,60,5009,0.95,False,none,False,
INV-2024-000410,Nandi Hardware Co,07QAZOC5123L1Z8,2024-05-27,2024-06-26,2024-05-31,PO-2024-4649,Facilities,D'Souza,vendor_portal,INR,419513.73,12,50341.65,469855.38,30,1756,0.989,False,none,False,
INV-2025-000411,Chola Office Supplies,23GUYVL6462T1Z0,2025-02-15,2025-04-16,2025-02-15,PO-2025-6734,HR,P. Nair,vendor_portal,INR,89536.3,0,0.0,89536.3,60,3970,0.969,False,none,False,
INV-2026-000412,Jyothi Print & Design,13SXSYC1401E1Z9,2026-08-02,2026-08-17,2026-08-03,PO-2026-1749,Facilities,S. Kulkarni,edi_feed,USD,97143.58,6,5828.61,102972.19,15,7355,0.923,False,none,False,
INV-2024-000413,Lotus Catering Services,09BOIJU7177W1Z1,2024-04-05,2024-05-05,2024-04-06,PO-2024-1432,Facilities,T. Rao,edi_feed,INR,157892.95,0,0.0,157892.95,30,3841,0.975,False,none,False,
INV-2025-000414,Orion Cloud Systems,08LFYRO8849W1Z9,2025-02-07,2025-04-08,2025-02-10,PO-2025-6604,IT,R. Menon,vendor_portal,INR,38914.02,0,0.0,38914.02,60,2135,0.905,False,none,False,
INV-2025-000415,Sundaram Motors Spares,33TZXXG8949F1Z5,2025-02-02,2025-02-17,2025-02-06,PO-2025-5602,Logistics,A. Iyer,scanned_mail,INR,407487.82,28,114096.59,521584.41,15,0710,0.922,False,none,False,
INV-2026-000416,Quantum Networks Pvt Ltd,05ODRTV6712R1Z7,2026-06-19,2026-07-04,2026-06-23,PO-2026-8684,IT,R. Menon,scanned_mail,INR,456950.85,12,54834.1,511784.95,15,5438,0.943,False,none,False,
INV-2025-000417,Indus Valley Textiles,13PAVAN7022P1Z2,2025-07-25,2025-08-09,2025-07-26,PO-2025-5363,IT,M. Krishnan,edi_feed,USD,80076.76,0,0.0,80076.76,15,4304,0.968,False,none,False,
INV-2025-000418,Coastal Cargo Movers,04BYBPD9416K1Z4,2025-12-20,2026-02-03,2025-12-21,PO-2025-2130,Operations,V. Desai,vendor_portal,INR,402210.47,12,48265.26,450475.73,45,9449,0.945,False,none,False,
INV-2024-000419,Tejas Security Services,01JHYRL8322J1Z5,2024-03-11,2024-04-10,2024-03-16,PO-2024-6625,Marketing,P. Nair,scanned_mail,INR,203484.31,12,24418.12,227902.43,30,8103,0.963,False,none,False,
INV-2026-000420,Global Freight Partners,27XLLOK1200U1Z8,2026-03-09,2026-05-08,2026-03-11,PO-2026-5867,Procurement,M. Krishnan,email,INR,369552.43,5,18477.62,388030.05,60,8786,0.965,False,none,False,
INV-2024-000421,Zenith Office Furnishings,11HQOQV1720I1Z7,2024-04-08,2024-05-08,2024-04-13,PO-2024-7500,Procurement,S. Kulkarni,scanned_mail,INR,257659.67,28,72144.71,329804.38,30,2051,0.961,False,none,False,
INV-2026-000422,Everest Packaging Co,17LEFGC1820K1Z6,2026-09-06,2026-09-21,2026-09-07,PO-2026-3781,Operations,N. Bhatt,scanned_mail,INR,49224.84,28,13782.96,63007.8,15,3479,0.902,False,none,False,
INV-2026-000423,Udupi Fresh Foods,01ECBQE6193E1Z2,2026-04-26,2026-06-10,2026-04-27,PO-2026-8325,HR,K. Reddy,email,EUR,403301.22,8,32264.1,435565.32,45,6731,0.961,False,none,False,
INV-2026-000424,Lotus Catering Services,06OZVTT2056T1Z3,2026-07-15,2026-08-14,2026-07-19,PO-2026-2559,Operations,N. Bhatt,email,EUR,109190.51,0,0.0,109190.51,30,8368,0.952,False,none,False,
INV-2025-000425,Yamuna Water Solutions,22PZYWP5401Z1Z9,2025-01-31,2025-03-02,2025-01-31,PO-2025-7933,Marketing,N. Bhatt,edi_feed,INR,237635.02,18,42774.3,280409.32,30,2105,0.947,False,none,False,
INV-2026-000426,Bright Path Cleaning Services,09UYZLP1456Q1Z0,2026-05-27,2026-06-11,2026-05-28,PO-2026-8169,Legal,P. Nair,scanned_mail,INR,53704.68,18,9666.84,63371.52,15,6140,0.982,False,none,False,
INV-2026-000427,Siddha Supply Chain,GSTIN-MISSING,2026-08-13,2026-09-12,2026-08-13,PO-2026-2625,Marketing,T. Rao,vendor_portal,INR,263243.77,12,31589.25,294833.02,30,1828,0.827,False,ghost_vendor,True,Vendor has no prior transaction history; GSTIN fails format check.
INV-2025-000428,Raagam Interiors,09RJXDX0932X1Z3,2025-09-23,2025-11-07,2025-09-24,PO-2025-6576,Admin,V. Desai,scanned_mail,INR,124597.57,28,34887.32,159484.89,45,4189,0.956,False,none,False,
INV-2024-000429,Horizon Facilities Mgmt,32XGPYW4010Q1Z5,2024-10-25,2024-12-24,2024-10-27,PO-2024-2963,Procurement,D'Souza,vendor_portal,USD,152800.74,0,0.0,152800.74,60,8402,0.914,False,none,False,
INV-2024-000430,Indus Valley Textiles,14NIKSW1329Q1Z0,2024-12-31,2025-03-01,2025-01-05,PO-2024-9044,Finance,T. Rao,scanned_mail,INR,405293.08,12,48635.17,453928.25,60,2015,0.906,False,none,False,
INV-2025-000431,Indus Valley Textiles,36EYBMV2058O1Z6,2025-06-06,2025-08-05,2025-06-06,PO-2025-8597,Procurement,P. Nair,edi_feed,USD,377228.67,0,0.0,377228.67,60,2917,0.977,False,none,False,
INV-2024-000432,Yamuna Water Solutions,12SPDAC2179X1Z1,2024-09-23,2024-11-22,2024-09-28,PO-2024-4893,Legal,K. Reddy,vendor_portal,INR,311835.78,12,37420.29,349256.07,60,2055,0.928,False,none,False,
INV-2024-000433,Vishwa Engineering Works,01MIKCC4790A1Z7,2024-02-14,2024-03-30,2024-02-17,PO-2024-3313,Logistics,V. Desai,edi_feed,INR,455950.19,28,127666.05,583616.24,45,2170,0.942,False,none,False,
INV-2024-000434,Lotus Catering Services,17TAFUA6917N1Z3,2024-07-20,2024-09-18,2024-07-21,PO-2024-8612,Legal,S. Kulkarni,vendor_portal,INR,401185.87,28,112332.04,513517.91,60,7383,0.906,False,none,False,
INV-2024-000435,Zenith Office Furnishings,10RADJF0591S1Z2,2024-12-29,2025-01-28,2024-12-30,PO-2024-3849,Logistics,D'Souza,edi_feed,INR,240569.22,18,43302.46,283871.68,30,2134,0.993,False,none,False,
INV-2025-000436,Tejas Security Services,24CBDCS4922A1Z1,2025-11-18,2026-01-02,2025-11-18,PO-2025-4263,Operations,S. Kulkarni,scanned_mail,EUR,351845.01,8,28147.6,379992.61,45,2322,0.933,False,none,False,
INV-2024-000437,Coastal Cargo Movers,17EJMCS4980D1Z4,2024-06-27,2024-07-12,2024-07-02,PO-2024-3756,Procurement,R. Menon,edi_feed,INR,177964.03,12,21355.68,199319.71,15,4722,0.944,False,none,False,
INV-2025-000438,Northgate Print Hub,34CIPRD4359S1Z9,2025-11-26,2025-12-26,2025-11-26,PO-2025-5515,IT,T. Rao,email,USD,343123.9,6,20587.43,363711.33,30,5315,0.984,False,none,False,
INV-2026-000439,Zenith Office Furnishings,16YEPXO3190V1Z2,2026-09-09,2026-11-08,2026-09-09,PO-2026-1943,Logistics,R. Menon,edi_feed,INR,296184.1,12,35542.09,331726.19,60,8861,0.989,False,none,False,
INV-2025-000440,Bluewave Logistics Pvt Ltd,13UEADA7898Q1Z2,2025-12-28,2026-02-11,2025-12-29,PO-2025-4041,Procurement,A. Iyer,edi_feed,INR,346681.32,18,62402.64,409083.96,45,9096,0.934,False,none,False,
INV-2024-000441,Sundaram Motors Spares,08KILIF4062O1Z7,2024-03-04,2024-04-03,2024-03-07,PO-2024-6930,Procurement,V. Desai,scanned_mail,EUR,22791.75,8,1823.34,24615.09,30,8577,0.975,False,none,False,
INV-2025-000442,Coastal Cargo Movers,30KEXCJ5240U1Z9,2025-09-06,2025-10-06,2025-09-11,PO-2025-9095,Admin,D'Souza,edi_feed,INR,341199.64,0,0.0,341199.64,30,1916,0.903,False,none,False,
INV-2024-000443,Ganga Freight Services,14ZAOKB4684L1Z5,2024-01-26,2024-03-11,2024-01-30,PO-2024-9844,Operations,R. Menon,scanned_mail,INR,73952.11,5,3697.61,77649.72,45,0834,0.951,False,none,False,
INV-2024-000444,Vishwa Engineering Works,29ZEAUT4321T1Z6,2024-06-29,2024-08-13,2024-07-01,PO-2024-3027,Operations,T. Rao,email,INR,65322.86,0,0.0,65322.86,45,7882,0.937,False,none,False,
INV-2024-000445,Tejas Security Services,02ZXARA0434O1Z4,2024-01-08,2024-01-23,2024-01-08,PO-2024-8903,Legal,R. Menon,edi_feed,INR,387690.32,18,69784.26,457474.58,15,1878,0.979,False,none,False,
INV-2026-000446,Everest Packaging Co,20ZLOQW1138M1Z8,2026-01-27,2026-03-28,2026-02-01,PO-2026-6364,HR,D'Souza,edi_feed,INR,394870.56,18,71076.7,465947.26,60,9768,0.909,False,none,False,
INV-2024-000447,Aravind Steel Traders,03OVHAN6696S1Z7,2024-07-04,2024-08-03,2024-07-09,PO-2024-2742,Admin,T. Rao,email,INR,63732.06,28,17844.98,81577.04,30,3403,0.98,False,none,False,
INV-2026-000448,Global Freight Partners,20KJIKX1388T1Z8,2026-03-29,2026-04-28,2026-04-01,PO-2026-3615,Finance,M. Krishnan,vendor_portal,INR,63677.75,18,11462.0,75139.75,30,6552,0.976,False,none,False,
INV-2025-000449,Lotus Catering Services,28SLUFB6142Y1Z7,2025-04-08,2025-05-23,2025-04-12,PO-2025-4443,Facilities,A. Iyer,email,INR,8923.23,5,446.16,9369.39,45,1266,0.955,False,none,False,
INV-2024-000450,Chola Office Supplies,25DRLJT6694J1Z0,2024-10-10,2024-12-09,2024-10-14,PO-2024-5749,HR,R. Menon,email,INR,117078.3,12,14049.4,131127.7,60,5861,0.942,False,none,False,
INV-2024-000451,Deccan Electricals,19SDBCV4531K1Z6,2024-07-26,2024-09-09,2024-07-28,PO-2024-4301,Procurement,A. Iyer,vendor_portal,INR,295377.98,0,0.0,295377.98,45,3152,0.916,False,none,False,
INV-2024-000452,Bluewave Logistics Pvt Ltd,08RNWGY0852H1Z5,2024-04-24,2024-05-24,2024-04-27,PO-2024-2439,Marketing,T. Rao,edi_feed,INR,223582.63,12,26829.92,250412.55,30,6628,0.935,False,none,False,
INV-2024-000453,Tejas Security Services,27SLNTE5782R1Z4,2024-06-22,2024-07-22,2024-06-26,PO-2024-9382,Procurement,T. Rao,edi_feed,USD,333725.0,6,20023.5,353748.5,30,8245,0.923,False,none,False,
INV-2026-000454,Aravind Steel Traders,34OOWUF4497V1Z7,2026-02-20,2026-03-07,2026-02-24,PO-2026-7677,Procurement,R. Menon,vendor_portal,INR,36277.3,5,1813.87,38091.17,15,1842,0.985,False,none,False,
INV-2024-000455,Orion Cloud Systems,34DHDDZ0125N1Z3,2024-01-06,2024-03-06,2024-01-10,PO-2024-1644,Admin,N. Bhatt,email,INR,277404.05,18,49932.73,327336.78,60,5828,0.97,False,none,False,
INV-2024-000456,Apex Manpower Agency,15IYTYV3432V1Z4,2024-09-21,2024-11-05,2024-09-23,PO-2024-3966,Legal,N. Bhatt,vendor_portal,INR,44642.86,12,5357.14,50000.0,45,7576,0.992,False,round_number_amount,True,Total is an unusually round figure for this line of business.
INV-2025-000457,Deccan Electricals,25FDHNE8664V1Z0,2025-05-07,2025-06-06,2025-05-12,PO-2025-5462,Finance,T. Rao,scanned_mail,INR,32058.63,0,0.0,32058.63,30,0510,0.94,False,none,False,
INV-2026-000458,Nandi Hardware Co,16LKNLU4342O1Z4,2026-05-22,2026-07-21,2026-05-22,PO-2026-2297,HR,D'Souza,scanned_mail,INR,371535.1,12,44584.21,416119.31,60,0743,0.971,False,none,False,
INV-2025-000459,Bright Path Cleaning Services,11VERZG7124T1Z8,2025-06-04,2025-07-04,2025-06-04,PO-2025-4724,Admin,S. Kulkarni,email,INR,453749.26,18,81674.87,535424.13,30,6373,0.991,False,none,False,
INV-2024-000460,Orion Cloud Systems,11YQWYU3600U1Z3,2024-03-24,2024-04-23,2024-03-25,PO-2024-4039,Logistics,N. Bhatt,edi_feed,EUR,245594.26,8,19647.54,265241.8,30,5996,0.902,False,none,False,
INV-2025-000461,Global Freight Partners,34PKOOS6073O1Z6,2025-10-19,2025-12-03,2025-10-23,PO-2025-2993,IT,D'Souza,edi_feed,INR,420084.51,5,21004.23,441088.74,45,5258,0.925,False,none,False,
INV-2025-000462,Horizon Facilities Mgmt,22IFCNQ3518T1Z0,2025-03-22,2025-04-21,2025-03-26,PO-2025-5586,Legal,R. Menon,scanned_mail,INR,185770.95,5,9288.55,195059.5,30,3833,0.983,False,none,False,
INV-2026-000463,Lotus Catering Services,30KCOVL8665B1Z9,2026-09-01,2026-09-16,2026-09-06,PO-2026-5326,Legal,D'Souza,edi_feed,INR,372695.36,28,104354.7,477050.06,15,6806,0.989,False,none,False,
INV-2026-000464,Lotus Catering Services,25HBCYJ0197V1Z7,2026-02-23,2026-03-25,2026-02-24,PO-2026-6657,HR,P. Nair,scanned_mail,INR,363318.23,28,101729.1,610013.61,30,3756,0.961,False,altered_total,True,Total does not reconcile with subtotal + tax.
INV-2026-000465,Lotus Catering Services,19ANPZS4451U1Z4,2026-08-01,2026-09-15,2026-08-06,PO-2026-4972,Admin,R. Menon,edi_feed,INR,180935.14,5,9046.76,189981.9,45,7889,0.979,False,none,False,
INV-2025-000466,Bright Path Cleaning Services,09OMVCE0288V1Z8,2025-02-13,2025-02-28,2025-02-14,PO-2025-1816,IT,T. Rao,edi_feed,INR,395976.25,28,110873.35,506849.6,15,6035,0.94,False,none,False,
INV-2026-000467,Kaveri Industrial Parts,15IQXPE6900M1Z9,2026-03-03,2026-05-02,2026-03-07,PO-2026-5758,Finance,P. Nair,scanned_mail,INR,92334.88,0,0.0,92334.88,60,1614,0.911,False,none,False,
INV-2025-000468,Lotus Catering Services,30TAQWR0030F1Z0,2025-05-24,2025-07-23,2025-05-28,PO-2025-5440,Logistics,P. Nair,email,INR,271536.87,5,13576.84,285113.71,60,3390,0.91,False,none,False,
INV-2025-000469,Chola Office Supplies,13MRTSQ0886J1Z0,2025-08-17,2025-09-01,2025-08-20,PO-2025-7284,Legal,T. Rao,scanned_mail,INR,205937.07,0,0.0,205937.07,15,0457,0.933,False,none,False,
INV-2025-000470,Meridian Consulting Group,10EFOGG7218R1Z0,2025-03-31,2025-04-15,2025-03-31,PO-2025-1654,Marketing,D'Souza,edi_feed,USD,55407.14,6,3324.43,58731.57,15,7861,0.968,False,none,False,
INV-2024-000471,Meridian Consulting Group,26UQXZX1182Q1Z5,2024-02-03,2024-04-03,2024-02-04,PO-2024-8233,HR,A. Iyer,scanned_mail,USD,189312.72,6,11358.76,200671.48,60,8897,0.965,False,none,False,
INV-2025-000472,Wingspan Travel Corp,25AEUXX4319U1Z6,2025-05-22,2025-06-21,2025-05-23,PO-2025-7726,Finance,D'Souza,vendor_portal,USD,383679.85,0,0.0,383679.85,30,3069,0.953,False,none,False,
INV-2024-000473,Apex Manpower Agency,04EEBNC5423S1Z6,2024-01-23,2024-03-08,2024-01-28,PO-2024-4118,Marketing,N. Bhatt,edi_feed,INR,290523.42,5,14526.17,305049.59,45,6948,0.921,False,none,False,
INV-2024-000474,Yamuna Water Solutions,09YAZCD2426P1Z1,2024-04-12,2024-05-27,2024-04-12,PO-2024-8108,Operations,R. Menon,scanned_mail,INR,294723.47,12,35366.82,330090.29,45,6761,0.951,False,none,False,
INV-2024-000475,Horizon Facilities Mgmt,01MJDSP3044I1Z4,2024-06-04,2024-07-19,2024-06-07,PO-2024-9348,Operations,S. Kulkarni,scanned_mail,INR,361094.94,18,64997.09,426092.03,45,4143,0.972,False,none,False,
INV-2025-000476,Indus Valley Textiles,06LBZRE4034D1Z0,2025-03-06,2025-04-05,2025-03-11,PO-2025-8714,IT,R. Menon,scanned_mail,INR,291878.51,0,0.0,291878.51,30,7320,0.937,False,none,False,
INV-2025-000477,Kaveri Industrial Parts,14QATYH1108F1Z0,2025-02-01,2025-03-03,2025-02-06,PO-2025-3874,Legal,S. Kulkarni,vendor_portal,USD,23297.19,10,2329.72,25626.91,30,7796,0.934,False,none,False,
INV-2024-000478,Chola Office Supplies,32CGHAR1639R1Z4,2024-04-22,2024-06-06,2024-04-23,PO-2024-9404,Marketing,T. Rao,edi_feed,INR,429331.46,28,120212.81,549544.27,45,7206,0.987,False,none,False,
INV-2025-000479,Vishwa Engineering Works,27NMACL8122R1Z8,2025-01-19,2025-03-05,2025-01-21,PO-2025-2956,IT,V. Desai,edi_feed,INR,175337.32,12,21040.48,196377.8,45,1585,0.916,False,none,False,
INV-2024-000480,Bright Path Cleaning Services,01IODTP1157Z1Z9,2024-06-18,2024-07-18,2024-06-20,PO-2024-7771,Logistics,N. Bhatt,scanned_mail,INR,271923.76,5,13596.19,285519.95,30,5580,0.977,False,none,False,
INV-2026-000481,Bluewave Logistics Pvt Ltd,11MOKBJ5448K1Z5,2026-04-07,2026-05-07,2026-04-07,PO-2026-8068,Finance,K. Reddy,scanned_mail,INR,273053.67,12,32766.44,305820.11,30,6990,0.944,False,none,False,
INV-2024-000482,Sundaram Motors Spares,21FQSXV0774J1Z9,2024-04-29,2024-06-28,2024-05-02,PO-2024-4590,Legal,V. Desai,scanned_mail,INR,71313.33,12,8557.6,79870.93,60,2420,0.919,False,none,False,
INV-2025-000483,Lotus Catering Services,05AYAVC7104H1Z4,2025-08-02,2025-08-17,2025-08-04,PO-2025-1250,Marketing,N. Bhatt,vendor_portal,INR,24608.35,0,0.0,24608.35,15,6255,0.99,False,none,False,
INV-2025-000484,Lotus Catering Services,11NPQPV8680Y1Z0,2025-01-24,2025-03-10,2025-01-24,PO-2025-9356,Procurement,M. Krishnan,scanned_mail,INR,440343.37,5,22017.17,462360.54,45,1738,0.944,False,none,False,
INV-2025-000485,Northgate Print Hub,18OENWB9765W1Z0,2025-09-18,2025-10-18,2025-09-20,PO-2025-8662,Operations,T. Rao,vendor_portal,INR,23532.56,0,0.0,23532.56,30,2567,0.979,False,none,False,
INV-2025-000486,Vishwa Engineering Works,05MYPZD3734O1Z3,2025-11-28,2025-12-28,2025-11-28,PO-2025-4629,Legal,M. Krishnan,edi_feed,INR,47080.02,0,0.0,47080.02,30,3164,0.921,False,none,False,
INV-2024-000487,Apex Manpower Agency,34YWKKK7020M1Z2,2024-07-20,2024-09-03,2024-07-22,PO-2024-6055,IT,P. Nair,vendor_portal,INR,44499.91,0,0.0,44499.91,45,1459,0.917,False,none,False,
INV-2024-000488,Meridian Consulting Group,06ZFENY6597A1Z0,2024-10-18,2024-11-17,2024-10-21,PO-2024-2591,Admin,M. Krishnan,edi_feed,INR,416600.47,18,74988.08,491588.55,30,4677,0.964,False,none,False,
INV-2025-000489,Nandi Hardware Co,05FEJLN6901X1Z7,2025-07-08,2025-07-23,2025-07-08,PO-2025-3328,Logistics,N. Bhatt,email,USD,61609.87,6,3696.59,65306.46,15,5001,0.987,False,none,False,
INV-2025-000490,Bright Path Cleaning Services,19PIDZH9743K1Z7,2025-07-21,2025-09-19,2025-07-24,PO-2025-6601,Facilities,K. Reddy,email,USD,23418.16,0,0.0,23418.16,60,2227,0.992,False,none,False,
INV-2026-000491,Prakash Stationery Mart,32ZGFTH4877K1Z6,2026-06-25,2026-07-25,2026-06-28,PO-2026-6236,Operations,S. Kulkarni,scanned_mail,INR,74578.66,18,13424.16,88002.82,30,7187,0.928,False,none,False,
INV-2024-000492,Vishwa Engineering Works,05JBDGV9094G1Z2,2024-09-13,2024-10-28,2024-09-14,PO-2024-9120,Legal,N. Bhatt,scanned_mail,INR,417664.12,18,75179.54,492843.66,45,9105,0.909,False,none,False,
INV-2025-000493,Falcon IT Solutions,12DECJU5965H1Z2,2025-12-23,2026-01-07,2025-12-27,PO-2025-8268,Facilities,M. Krishnan,edi_feed,EUR,261263.41,6,15675.8,276939.21,15,9744,0.991,False,none,False,
INV-2026-000494,Zenith Office Furnishings,22FWGNS4068T1Z9,2026-02-01,2026-02-16,2026-02-01,PO-2026-4606,Procurement,M. Krishnan,email,INR,47134.32,5,2356.72,49491.04,15,0818,0.977,False,none,False,
INV-2024-000495,Wingspan Travel Corp,29YHDOK9892U1Z4,2024-08-18,2024-09-17,2024-08-20,PO-2024-4207,HR,N. Bhatt,email,INR,33760.25,0,0.0,33760.25,30,0110,0.929,False,none,False,
INV-2026-000496,Indus Valley Textiles,02LKKXU9114V1Z7,2026-02-16,2026-03-03,2026-02-18,PO-2026-6725,Marketing,K. Reddy,vendor_portal,INR,42049.72,12,5045.97,47095.69,15,8255,0.933,False,none,False,
INV-2026-000497,Udupi Fresh Foods,12BSLRU2619Z1Z2,2026-07-11,2026-08-10,2026-07-13,PO-2026-3628,IT,R. Menon,email,EUR,402392.23,0,0.0,402392.23,30,5200,0.994,False,none,False,
INV-2025-000498,Horizon Facilities Mgmt,30MTJAQ8863I1Z8,2025-11-22,2026-01-21,2025-11-25,PO-2025-7833,HR,K. Reddy,scanned_mail,INR,434382.48,0,0.0,434382.48,60,5645,0.973,False,none,False,
INV-2024-000499,Tejas Security Services,26RWCQM3665B1Z0,2024-09-13,2024-09-28,2024-09-17,PO-2024-8803,Procurement,R. Menon,scanned_mail,INR,476573.38,28,133440.55,610013.93,15,5778,0.927,False,none,False,
INV-2024-000500,Bright Path Cleaning Services,30BSZEJ7278D1Z6,2024-07-01,2024-07-31,2024-07-04,PO-2024-8095,Logistics,A. Iyer,scanned_mail,INR,246895.64,28,69130.78,316026.42,30,4633,0.938,False,none,False,
