invoice_id,vendor_name,vendor_gstin,invoice_date,due_date,submitted_date,po_number,department,approver,submission_channel,currency,subtotal,tax_rate_pct,tax_amount,total_amount,payment_terms_days,bank_account_last4,ocr_confidence,is_duplicate,fraud_type,is_fraudulent,notes
INV-2025-000001,Horizon Facilities Mgmt,04IBHYC1323P1Z9,2025-05-23,2025-07-07,2025-05-24,PO-2025-2061,Facilities,M. Krishnan,email,INR,471155.18,28,131923.45,603078.63,45,6961,0.931,False,none,False,
INV-2025-000002,Siddha Supply Chain,00INVALID000,2025-09-10,2025-10-25,2025-09-12,PO-2025-1131,Operations,M. Krishnan,vendor_portal,USD,242681.29,0,0.0,242681.29,45,0289,0.833,False,ghost_vendor,True,Vendor has no prior transaction history; GSTIN fails format check.
INV-2026-000003,Bluewave Logistics Pvt Ltd,20XAYZN9124M1Z3,2026-03-12,2026-04-26,2026-03-13,PO-2026-8589,Marketing,K. Reddy,vendor_portal,INR,54822.83,5,2741.14,57563.97,45,0014,0.981,False,none,False,
INV-2026-000004,Coastal Cargo Movers,29GQDYV1649Q1Z9,2026-07-23,2026-08-07,2026-07-23,PO-2026-2585,Legal,K. Reddy,vendor_portal,INR,478167.86,5,23908.39,502076.25,15,9202,0.904,False,none,False,
INV-2024-000005,Yamuna Water Solutions,25VRNWO0904I1Z0,2024-09-05,2024-09-20,2024-09-05,PO-2024-5129,Operations,M. Krishnan,vendor_portal,USD,244573.77,0,0.0,244573.77,15,7278,0.911,False,none,False,
INV-2025-000006,Lotus Catering Services,34RTCZE5075D1Z6,2025-09-06,2025-11-05,2025-09-10,PO-2025-6181,Procurement,R. Menon,scanned_mail,INR,318308.89,0,0.0,318308.89,60,7997,0.991,False,none,False,
INV-2025-000007,Wingspan Travel Corp,01NIZLM0144H1Z0,2025-10-04,2025-12-03,2025-10-05,PO-2025-4745,HR,K. Reddy,email,INR,378337.62,18,68100.77,446438.39,60,5234,0.911,False,none,False,
INV-2026-000008,Everest Packaging Co,32DMXLW4423N1Z8,2026-03-01,2026-04-15,2026-03-05,PO-2026-1523,Procurement,S. Kulkarni,email,USD,12444.36,0,0.0,12444.36,45,2670,0.93,False,none,False,
INV-2025-000009,Prakash Stationery Mart,18VSLME1376M1Z1,2025-07-20,2025-08-19,2025-07-23,PO-2025-1127,Finance,D'Souza,vendor_portal,USD,296673.09,10,29667.31,326340.4,30,6185,0.988,False,none,False,
INV-2025-000010,Raagam Interiors,05EQZLZ1823F1Z9,2025-08-15,2025-09-29,2025-08-17,PO-2025-3230,Legal,K. Reddy,scanned_mail,USD,7864.23,6,471.85,8336.08,45,3907,0.949,False,none,False,
INV-2026-000011,Wingspan Travel Corp,30FYNBV0401W1Z1,2026-05-16,2026-06-30,2026-05-19,PO-2026-2501,Logistics,D'Souza,vendor_portal,EUR,253846.92,6,15230.82,269077.74,45,0007,0.914,False,none,False,
INV-2024-000012,Everest Packaging Co,28IUOVM0712E1Z2,2024-12-07,2025-01-21,2024-12-09,PO-2024-9855,Facilities,R. Menon,vendor_portal,INR,213725.0,18,38470.5,252195.5,45,7316,0.987,False,none,False,
INV-2025-000013,Coastal Cargo Movers,27AGOJH5766I1Z1,2025-03-29,2025-04-28,2025-03-31,PO-2025-8748,Procurement,T. Rao,scanned_mail,USD,299825.9,8,23986.07,323811.97,30,3688,0.975,False,none,False,
INV-2024-000014,Udupi Fresh Foods,22SBBBF2051B1Z7,2024-01-09,2024-02-08,2024-01-09,PO-2024-7756,Finance,R. Menon,vendor_portal,INR,136598.47,28,38247.57,174846.04,30,3892,0.905,False,none,False,
INV-2025-000015,Lotus Catering Services,10DPXJG9882Y1Z4,2025-08-19,2025-09-03,2025-08-21,PO-2025-4056,Procurement,A. Iyer,email,EUR,264676.45,10,26467.65,291144.1,15,2663,0.917,False,none,False,
INV-2024-000016,Meridian Consulting Group,25RZSCT8780T1Z9,2024-08-08,2024-09-22,2024-08-10,PO-2024-3771,Legal,S. Kulkarni,email,INR,205382.55,0,0.0,205382.55,45,4037,0.915,False,none,False,
INV-2024-000017,Raagam Interiors,05FEEFR8722M1Z8,2024-05-01,2024-06-30,2024-05-01,PO-2024-6008,Logistics,N. Bhatt,edi_feed,INR,37206.7,5,1860.34,39067.04,60,0319,0.954,False,none,False,
INV-2025-000018,Raagam Interiors,29VCGSV4774Y1Z7,2025-11-28,2026-01-27,2025-12-03,PO-2025-6002,Operations,T. Rao,vendor_portal,INR,25148.08,5,1257.4,26405.48,60,9169,0.907,False,none,False,
INV-2025-000019,Siddha Supply Chain,12ABCDE,2025-06-12,2025-07-12,2025-06-15,PO-2025-6354,Logistics,A. Iyer,scanned_mail,INR,180813.82,0,0.0,180813.82,30,7302,0.753,False,ghost_vendor,True,Vendor has no prior transaction history; GSTIN fails format check.
INV-2025-000020,Ganga Freight Services,03CPRIX6713G1Z4,2025-05-31,2025-06-15,2025-06-03,PO-2025-8456,Finance,A. Iyer,scanned_mail,INR,109928.58,0,0.0,109928.58,15,4472,0.904,False,none,False,
INV-2026-000021,Ganga Freight Services,21TGVIS1880K1Z4,2026-01-31,2026-03-02,2026-02-04,PO-2026-7849,Logistics,D'Souza,scanned_mail,INR,142304.13,28,39845.16,182149.29,30,4499,0.989,False,none,False,
INV-2024-000022,Global Freight Partners,16JWSZS9188C1Z1,2024-09-02,2024-09-17,2024-09-06,PO-2024-8115,Finance,P. Nair,email,INR,93050.07,0,0.0,93050.07,15,4874,0.923,False,none,False,
INV-2025-000023,Global Freight Partners,34XYFSO0612D1Z1,2025-06-21,2025-08-20,2025-06-23,PO-2025-6653,Legal,T. Rao,vendor_portal,INR,478599.78,18,86147.96,564747.74,60,9798,0.973,False,none,False,
INV-2025-000024,Bright Path Cleaning Services,20ARYVS0100Y1Z8,2025-02-25,2025-03-12,2025-02-27,PO-2025-8166,Marketing,R. Menon,scanned_mail,INR,459290.5,0,0.0,459290.5,15,8146,0.99,False,none,False,
INV-2024-000025,Prakash Stationery Mart,01LPFUB2764B1Z9,2024-11-26,2025-01-10,2024-11-30,PO-2024-6210,Legal,V. Desai,email,USD,166743.83,10,16674.38,183418.21,45,8745,0.944,False,none,False,
INV-2025-000026,Zenith Office Furnishings,26MXZSO5492Y1Z7,2025-12-22,2026-02-20,2025-12-25,PO-2025-2973,Facilities,V. Desai,scanned_mail,INR,104853.19,0,0.0,104853.19,60,3095,0.941,False,none,False,
INV-2025-000027,Jyothi Print & Design,05DHMFZ6072F1Z4,2025-07-07,2025-07-22,2025-07-09,PO-2025-5058,HR,P. Nair,edi_feed,INR,153684.38,5,7684.22,161368.6,15,1529,0.979,False,none,False,
INV-2024-000028,Deccan Electricals,23HVZJE6182I1Z3,2024-10-14,2024-12-13,2024-10-17,PO-2024-7794,HR,T. Rao,scanned_mail,INR,396815.29,18,71426.75,468242.04,60,0446,0.912,False,none,False,
INV-2024-000029,Ganga Freight Services,03XXNII0910Q1Z0,2024-02-29,2024-04-29,2024-02-29,PO-2024-1801,Admin,K. Reddy,scanned_mail,USD,5681.9,10,568.19,6250.09,60,6079,0.936,False,none,False,
INV-2025-000030,Wingspan Travel Corp,31HKUXL8450J1Z2,2025-06-07,2025-06-22,2025-06-10,PO-2025-3511,Admin,M. Krishnan,scanned_mail,INR,283810.11,18,51085.82,334895.93,15,8166,0.923,False,none,False,
INV-2025-000031,Aravind Steel Traders,03TKPOH8267B1Z0,2025-11-02,2025-11-17,2025-11-07,PO-2025-3274,Facilities,K. Reddy,vendor_portal,INR,293613.21,28,82211.7,375824.91,15,6677,0.96,False,none,False,
INV-2024-000032,Raagam Interiors,27NFYUG1054X1Z1,2024-05-05,2024-06-04,2024-05-06,PO-2026-6474,Operations,R. Menon,edi_feed,INR,37206.7,5,1860.34,39067.04,30,7224,0.902,True,duplicate_invoice,True,Same vendor/amount seen on a prior invoice within 10 days.
INV-2024-000033,Lotus Catering Services,22DHRMB7818Q1Z1,2024-08-24,2024-09-08,2024-08-27,PO-2024-1990,Operations,R. Menon,vendor_portal,INR,87637.92,12,10516.55,98154.47,15,5497,0.938,False,none,False,
INV-2025-000034,Coastal Cargo Movers,04QNGKY4723I1Z9,2025-03-21,2025-04-05,2025-03-26,PO-2025-6846,Logistics,R. Menon,scanned_mail,INR,477652.91,12,57318.35,534971.26,15,1852,0.975,False,none,False,
INV-2026-000035,Bluewave Logistics Pvt Ltd,06WVUEB8140N1Z7,2026-07-18,2026-09-16,2026-07-19,PO-2026-4036,Marketing,T. Rao,edi_feed,INR,426495.93,18,76769.27,503265.2,60,9453,0.93,False,none,False,
INV-2025-000036,Global Freight Partners,15QSRWA1586A1Z1,2025-01-09,2025-02-23,2025-01-09,PO-2025-8731,Legal,T. Rao,edi_feed,INR,177148.45,18,31886.72,209035.17,45,7793,0.92,False,none,False,
INV-2024-000037,Indus Valley Textiles,10QHLBI7064A1Z3,2024-12-02,2025-01-01,2024-12-05,PO-2024-9642,IT,A. Iyer,edi_feed,INR,438081.21,18,78854.62,625727.44,30,7608,0.957,False,altered_total,True,Total does not reconcile with subtotal + tax.
INV-2024-000038,Orion Cloud Systems,21JRDWW7912B1Z4,2024-04-02,2024-04-17,2024-04-07,PO-2024-3299,Procurement,N. Bhatt,email,USD,372467.68,6,22348.06,394815.74,15,9943,0.981,False,none,False,
INV-2025-000039,Nandi Hardware Co,32JNZMS5697U1Z9,2025-05-11,2025-06-10,2025-05-11,PO-2025-2395,Finance,N. Bhatt,scanned_mail,INR,338266.24,18,60887.92,399154.16,30,5579,0.982,False,none,False,
INV-2024-000040,Chola Office Supplies,31ODLMN7280N1Z4,2024-07-14,2024-08-13,2024-07-19,PO-2024-9395,Admin,A. Iyer,edi_feed,INR,326149.37,0,0.0,326149.37,30,9026,0.923,False,none,False,
INV-2024-000041,Aravind Steel Traders,06UNWFV3837O1Z1,2024-09-06,2024-10-21,2024-09-14,PO-2024-6135,Admin,V. Desai,edi_feed,INR,248825.65,5,12441.28,261266.93,45,6468,0.915,False,weekend_submission,True,Submitted outside business hours/days with no prior pattern for this vendor.
INV-2024-000042,Zenith Office Furnishings,20NCCFY8047R1Z0,2024-07-23,2024-08-22,2024-07-25,PO-2024-1069,Legal,M. Krishnan,vendor_portal,INR,317852.72,0,0.0,317852.72,30,2612,0.987,False,none,False,
INV-2025-000043,Everest Packaging Co,16DIVNA7372M1Z1,2025-07-15,2025-07-30,2025-07-16,PO-2025-3323,Procurement,K. Reddy,email,INR,137448.54,28,38485.59,175934.13,15,4720,0.944,False,none,False,
INV-2026-000044,Global Freight Partners,25TKSFG4605D1Z5,2026-02-14,2026-03-16,2026-02-21,PO-2026-9306,Facilities,V. Desai,scanned_mail,USD,332466.67,10,33246.67,365713.34,30,7783,0.958,False,weekend_submission,True,Submitted outside business hours/days with no prior pattern for this vendor.
INV-2025-000045,Bluewave Logistics Pvt Ltd,29LQRIM7130T1Z6,2025-12-21,2026-02-04,2025-12-26,PO-2025-6047,Legal,N. Bhatt,edi_feed,INR,387747.46,5,19387.37,407134.83,45,9170,0.993,False,none,False,
INV-2024-000046,Orion Cloud Systems,19OCZUP6001Z1Z6,2024-03-28,2024-04-12,2024-03-28,PO-2024-3529,IT,M. Krishnan,scanned_mail,INR,85247.18,28,23869.21,109116.39,15,8501,0.952,False,none,False,
INV-2024-000047,Horizon Facilities Mgmt,36JLOYR0359S1Z8,2024-01-26,2024-03-11,2024-01-27,PO-2024-3074,Legal,K. Reddy,vendor_portal,INR,62297.97,18,11213.63,73511.6,45,0324,0.99,False,none,False,
INV-2026-000048,Quantum Networks Pvt Ltd,20KXFLS6598Q1Z9,2026-04-12,2026-04-27,2026-04-12,PO-2026-7639,Marketing,D'Souza,email,INR,174401.94,5,8720.1,183122.04,15,5017,0.979,False,none,False,
INV-2024-000049,Coastal Cargo Movers,02GYBDX7255K1Z0,2024-05-29,2024-06-13,2024-05-29,PO-2024-5095,Logistics,K. Reddy,edi_feed,USD,57512.01,10,5751.2,76431.98,15,5142,0.947,False,altered_total,True,Total does not reconcile with subtotal + tax.
INV-2026-000050,Raagam Interiors,15ZSDYF9313R1Z6,2026-07-10,2026-09-08,2026-07-10,PO-2026-6231,Admin,A. Iyer,edi_feed,INR,275072.94,5,13753.65,288826.59,60,2324,0.961,False,none,False,
INV-2026-000051,Northgate Print Hub,09CTWBP1575P1Z2,2026-04-05,2026-05-20,2026-04-05,PO-2025-2375,Admin,T. Rao,vendor_portal,EUR,282405.04,0,0.0,282405.04,45,2114,0.94,False,mismatched_po,True,PO number does not correspond to an open purchase order.
INV-2024-000052,Udupi Fresh Foods,18LDBIE3632J1Z8,2024-05-12,2024-05-27,2024-05-15,PO-2024-9957,IT,M. Krishnan,edi_feed,INR,118390.49,12,14206.86,132597.35,15,8073,0.986,False,none,False,
INV-2026-000053,Udupi Fresh Foods,29ANXEV2467B1Z4,2026-02-16,2026-04-02,2026-02-21,PO-2026-1716,HR,R. Menon,email,INR,266685.84,0,0.0,266685.84,45,7763,0.926,False,none,False,
INV-2024-000054,Nandi Hardware Co,20VBHEX2908M1Z6,2024-10-15,2024-10-30,2024-10-15,PO-2024-2236,Operations,D'Souza,vendor_portal,INR,428053.99,0,0.0,428053.99,15,9973,0.93,False,none,False,
INV-2025-000055,Falcon IT Solutions,18CRMPU2106W1Z9,2025-09-29,2025-11-13,2025-09-29,PO-2025-6973,Logistics,R. Menon,vendor_portal,INR,121785.43,18,21921.38,143706.81,45,6950,0.953,False,none,False,
INV-2024-000056,Everest Packaging Co,35XHAAW7101J1Z2,2024-06-30,2024-07-15,2024-06-30,PO-2024-3116,IT,T. Rao,vendor_portal,INR,68115.0,0,0.0,68115.0,15,1164,0.981,False,none,False,
INV-2025-000057,Northgate Print Hub,05XYQKK0476D1Z0,2025-05-23,2025-06-07,2025-05-25,PO-2025-4767,Procurement,V. Desai,edi_feed,INR,375392.76,0,0.0,375392.76,15,7055,0.964,False,none,False,
INV-2026-000058,Jyothi Print & Design,26HJVCY2713N1Z0,2026-02-05,2026-02-20,2026-02-10,PO-2026-2145,Facilities,K. Reddy,edi_feed,INR,379000.22,28,106120.06,485120.28,15,3356,0.977,False,none,False,
INV-2024-000059,Bluewave Logistics Pvt Ltd,15WTGMD7100C1Z2,2024-08-15,2024-08-30,2024-08-20,PO-2024-9686,Legal,R. Menon,vendor_portal,INR,135992.1,0,0.0,135992.1,15,7466,0.952,False,none,False,
INV-2025-000060,Jyothi Print & Design,04PRIHD9048K1Z6,2025-03-30,2025-04-29,2025-04-03,PO-2025-8283,Facilities,P. Nair,edi_feed,INR,309101.39,12,37092.17,346193.56,30,6931,0.943,False,none,False,
INV-2025-000061,Zenith Office Furnishings,17PAFYK1081L1Z4,2025-11-08,2025-12-08,2025-11-11,PO-2025-2480,Legal,N. Bhatt,email,INR,268685.89,0,0.0,268685.89,30,9463,0.96,False,none,False,
INV-2024-000062,Horizon Facilities Mgmt,37AKVRG5480Z1Z1,2024-09-14,2024-10-29,2024-09-17,PO-2024-8990,Facilities,V. Desai,scanned_mail,INR,104347.83,5,5217.39,109565.22,45,0793,0.945,False,none,False,
INV-2025-000063,Northgate Print Hub,08OUUGK0418Q1Z3,2025-04-08,2025-05-08,2025-04-09,PO-2025-7447,HR,N. Bhatt,edi_feed,USD,471740.65,10,47174.07,518914.72,30,0039,0.987,False,none,False,
INV-2024-000064,Vishwa Engineering Works,35YOQCD1880X1Z4,2024-03-15,2024-04-14,2024-03-18,PO-2024-3504,Admin,N. Bhatt,email,INR,177416.1,12,21289.93,198706.03,30,1932,0.919,False,none,False,
INV-2026-000065,Coastal Cargo Movers,35BMTKU3238Q1Z5,2026-01-05,2026-01-20,2026-01-10,PO-2026-4207,Marketing,M. Krishnan,edi_feed,INR,294069.0,28,82339.32,376408.32,15,8486,0.96,False,none,False,
INV-2026-000066,Tejas Security Services,18XFISI9409C1Z7,2026-07-16,2026-08-15,2026-07-19,PO-2026-8550,Finance,V. Desai,scanned_mail,INR,235850.21,28,66038.06,301888.27,30,8899,0.974,False,none,False,
INV-2025-000067,Yamuna Water Solutions,12FFWFO2241P1Z9,2025-09-05,2025-11-04,2025-09-07,PO-2024-8698,Admin,D'Souza,edi_feed,INR,55276.83,28,15477.51,70754.34,60,0941,0.953,False,mismatched_po,True,PO number does not correspond to an open purchase order.
INV-2024-000068,Nandi Hardware Co,24KBWUL1890T1Z5,2024-10-11,2024-10-26,2024-10-15,PO-2024-2460,HR,A. Iyer,edi_feed,INR,226176.58,0,0.0,226176.58,15,0469,0.925,False,none,False,
INV-2026-000069,Bluewave Logistics Pvt Ltd,01WBDNG0585C1Z8,2026-05-17,2026-06-01,2026-05-17,PO-2026-3568,Legal,M. Krishnan,scanned_mail,INR,413355.2,5,20667.76,434022.96,15,9539,0.963,False,none,False,
INV-2025-000070,Ganga Freight Services,29IPZLD4048Y1Z2,2025-11-21,2025-12-21,2025-11-22,PO-2025-4028,Logistics,P. Nair,scanned_mail,INR,361812.4,18,65126.23,426938.63,30,7686,0.956,False,none,False,
INV-2026-000071,Horizon Facilities Mgmt,32EOFGS6382Z1Z7,2026-09-08,2026-10-08,2026-09-10,PO-2026-2149,Admin,N. Bhatt,vendor_portal,INR,186125.41,12,22335.05,208460.46,30,0260,0.953,False,none,False,
INV-2026-000072,Udupi Fresh Foods,16YUITH6958J1Z0,2026-08-07,2026-09-06,2026-08-09,PO-2026-3189,Finance,D'Souza,vendor_portal,USD,444507.98,8,35560.64,480068.62,30,7745,0.978,False,none,False,
INV-2026-000073,Udupi Fresh Foods,13UHVWV9310M1Z8,2026-04-24,2026-06-08,2026-04-24,PO-2026-9032,Marketing,A. Iyer,scanned_mail,INR,38305.34,12,4596.64,42901.98,45,6601,0.912,False,none,False,
INV-2024-000074,Zenith Office Furnishings,16FNOJA4382F1Z1,2024-04-20,2024-05-05,2024-04-20,PO-2024-2418,Procurement,R. Menon,edi_feed,INR,432342.14,5,21617.11,453959.25,15,1979,0.983,False,none,False,
INV-2025-000075,Meridian Consulting Group,07VSCUN4001X1Z5,2025-02-09,2025-03-26,2025-02-09,PO-2025-3404,Procurement,V. Desai,edi_feed,INR,246083.92,28,68903.5,314987.42,45,1692,0.963,False,none,False,
INV-2025-000076,Vishwa Engineering Works,36YPDIE9684H1Z7,2025-03-17,2025-05-01,2025-03-20,PO-2024-1935,Procurement,P. Nair,scanned_mail,INR,88079.94,5,4404.0,92483.94,45,3145,0.913,False,mismatched_po,True,PO number does not correspond to an open purchase order.
INV-2024-000077,Meridian Consulting Group,04XGXOJ9634T1Z7,2024-09-27,2024-10-12,2024-09-28,PO-2024-7049,Legal,R. Menon,scanned_mail,INR,417060.65,12,50047.28,467107.93,15,1769,0.956,False,none,False,
INV-2024-000078,Siddha Supply Chain,00INVALID000,2024-11-28,2024-12-13,2024-11-29,PO-2024-6525,IT,P. Nair,email,INR,134882.87,5,6744.14,141627.01,15,1650,0.742,False,ghost_vendor,True,Vendor has no prior transaction history; GSTIN fails format check.
INV-2025-000079,Wingspan Travel Corp,30USOVI3536H1Z4,2025-07-07,2025-08-21,2025-07-09,PO-2025-4190,Admin,V. Desai,vendor_portal,INR,105728.55,28,29603.99,135332.54,45,2352,0.987,False,none,False,
INV-2024-000080,Bright Path Cleaning Services,37BTVYD1659W1Z7,2024-05-31,2024-06-15,2024-06-05,PO-2024-3894,HR,R. Menon,vendor_portal,INR,161669.38,5,8083.47,169752.85,15,2650,0.913,False,none,False,
INV-2024-000081,Orion Cloud Systems,06ZRWSH0515O1Z9,2024-06-14,2024-07-14,2024-06-18,PO-2024-6682,Operations,N. Bhatt,scanned_mail,INR,474044.68,18,85328.04,559372.72,30,3614,0.986,False,none,False,
INV-2024-000082,Horizon Facilities Mgmt,08AETER0199H1Z8,2024-04-05,2024-04-20,2024-04-06,PO-2024-9700,IT,D'Souza,vendor_portal,INR,291673.39,0,0.0,291673.39,15,6239,0.948,False,none,False,
INV-2024-000083,Indus Valley Textiles,27QOJAQ3747K1Z4,2024-12-08,2025-01-07,2024-12-08,PO-2024-3262,Finance,M. Krishnan,email,INR,438081.21,18,78854.62,625727.44,30,1623,0.928,True,duplicate_invoice,True,Same vendor/amount seen on a prior invoice within 10 days.
INV-2024-000084,Udupi Fresh Foods,31AASDL1785Z1Z5,2024-10-16,2024-11-30,2024-10-17,PO-2024-2430,Legal,R. Menon,edi_feed,INR,211846.45,5,10592.32,222438.77,45,4707,0.989,False,none,False,
INV-2026-000085,Orion Cloud Systems,06FZIVX2195Y1Z8,2026-06-09,2026-07-09,2026-06-12,PO-2026-6901,Finance,T. Rao,email,INR,139356.93,0,0.0,139356.93,30,6056,0.948,False,none,False,
INV-2026-000086,Bluewave Logistics Pvt Ltd,12ZVDEF6397I1Z4,2026-01-31,2026-03-17,2026-02-03,PO-2026-9925,Procurement,K. Reddy,scanned_mail,USD,150000.0,0,0.0,150000.0,45,6038,0.935,False,round_number_amount,True,Total is an unusually round figure for this line of business.
INV-2026-000087,Apex Manpower Agency,32ZQVEM0915L1Z9,2026-06-10,2026-06-25,2026-06-13,PO-2026-8377,Admin,M. Krishnan,edi_feed,INR,326548.47,5,16327.42,342875.89,15,9609,0.961,False,weekend_submission,True,Submitted outside business hours/days with no prior pattern for this vendor.
INV-2024-000088,Horizon Facilities Mgmt,36JGFUC4547G1Z8,2024-05-22,2024-07-06,2024-05-27,PO-2024-1144,Legal,D'Souza,email,INR,280462.43,5,14023.12,294485.55,45,1318,0.932,False,none,False,
INV-2025-000089,Bright Path Cleaning Services,03GJQTR9700Q1Z4,2025-01-19,2025-02-18,2025-01-19,PO-2025-7034,HR,D'Souza,edi_feed,INR,24455.39,28,6847.51,31302.9,30,5023,0.949,False,none,False,
INV-2024-000090,Falcon IT Solutions,34JEJFG3113E1Z7,2024-10-05,2024-11-19,2024-10-10,PO-2024-6303,HR,A. Iyer,edi_feed,USD,332566.77,0,0.0,332566.77,45,0633,0.906,False,none,False,
INV-2025-000091,Global Freight Partners,08DBLQG9780S1Z6,2025-03-19,2025-04-18,2025-03-23,PO-2025-5441,Operations,P. Nair,edi_feed,INR,231447.81,12,27773.74,259221.55,30,1736,0.948,False,none,False,
INV-2024-000092,Yamuna Water Solutions,08YXNLG6730V1Z2,2024-10-31,2024-11-30,2024-11-02,PO-2024-4180,Facilities,V. Desai,email,INR,153515.64,0,0.0,153515.64,30,9809,0.964,False,none,False,
INV-2024-000093,Bright Path Cleaning Services,24WJQUS4596W1Z3,2024-06-07,2024-07-07,2024-06-07,PO-2026-3123,Finance,A. Iyer,email,INR,161669.38,5,8083.47,169752.85,30,6724,0.916,True,duplicate_invoice,True,Same vendor/amount seen on a prior invoice within 10 days.
INV-2025-000094,Vishwa Engineering Works,33DWTIB4254M1Z5,2025-02-18,2025-03-05,2025-02-20,PO-2025-4920,IT,T. Rao,email,INR,101634.12,12,12196.09,113830.21,15,5990,0.945,False,none,False,
INV-2024-000095,Meridian Consulting Group,36RGDDI7194V1Z2,2024-09-17,2024-10-02,2024-09-18,PO-2024-3349,Finance,A. Iyer,scanned_mail,INR,257235.98,5,12861.8,270097.78,15,2170,0.929,False,none,False,
INV-2025-000096,Apex Manpower Agency,22RHJSH3023K1Z4,2025-06-30,2025-08-14,2025-07-01,PO-2025-5446,HR,P. Nair,email,INR,32690.76,5,1634.54,34325.3,45,2581,0.972,False,none,False,
INV-2026-000097,Northgate Print Hub,03MSTOO9046S1Z9,2026-01-06,2026-02-05,2026-01-09,PO-2026-5047,Facilities,M. Krishnan,scanned_mail,EUR,457686.76,8,36614.94,494301.7,30,0492,0.937,False,none,False,
INV-2026-000098,Deccan Electricals,04IBDQR7327W1Z4,2026-06-30,2026-07-30,2026-07-01,PO-2026-6704,IT,V. Desai,scanned_mail,INR,8982.89,18,1616.92,10599.81,30,3092,0.989,False,none,False,
INV-2025-000099,Bright Path Cleaning Services,29GCBGQ7675B1Z7,2025-09-21,2025-11-20,2025-09-24,PO-2025-3989,Finance,M. Krishnan,edi_feed,INR,21906.48,18,3943.17,25849.65,60,5833,0.987,False,none,False,
INV-2025-000100,Wingspan Travel Corp,05UUOOZ9025M1Z8,2025-02-10,2025-04-11,2025-02-12,PO-2025-9282,Legal,K. Reddy,edi_feed,USD,362841.25,10,36284.12,399125.37,60,8478,0.916,False,none,False,
INV-2024-000101,Siddha Supply Chain,00INVALID000,2024-11-14,2024-11-29,2024-11-14,PO-2024-3671,Finance,D'Souza,vendor_portal,INR,35362.39,0,0.0,35362.39,15,6594,0.816,False,ghost_vendor,True,Vendor has no prior transaction history; GSTIN fails format check.
INV-2024-000102,Global Freight Partners,15HMNRQ9095P1Z5,2024-05-09,2024-06-23,2024-05-13,PO-2024-8095,Finance,D'Souza,scanned_mail,INR,9238.59,5,461.93,9700.52,45,7958,0.93,False,none,False,
INV-2026-000103,Aravind Steel Traders,23JQLCD7828Z1Z0,2026-01-22,2026-03-23,2026-01-26,PO-2026-7058,Admin,A. Iyer,email,INR,261999.08,5,13099.95,275099.03,60,4612,0.964,False,none,False,
INV-2026-000104,Udupi Fresh Foods,10LALEQ7058H1Z6,2026-09-04,2026-09-19,2026-09-09,PO-2026-3996,Procurement,D'Souza,scanned_mail,EUR,314176.2,0,0.0,314176.2,15,6410,0.916,False,none,False,
INV-2025-000105,Lotus Catering Services,27OCGIS7906C1Z0,2025-05-08,2025-07-07,2025-05-13,PO-2025-4693,Procurement,S. Kulkarni,scanned_mail,INR,54973.66,12,6596.84,61570.5,60,1773,0.937,False,none,False,
INV-2024-000106,Raagam Interiors,20XEQKM7621X1Z8,2024-12-05,2025-02-03,2024-12-08,PO-2024-2650,Procurement,T. Rao,scanned_mail,INR,44221.26,12,5306.55,49527.81,60,5561,0.962,False,split_invoice,True,"Amount sits just under the approval threshold, alongside a same-day sibling invoice."
INV-2025-000107,Nandi Hardware Co,01WZJMS2669X1Z2,2025-05-14,2025-05-29,2025-05-18,PO-2025-2953,Legal,S. Kulkarni,edi_feed,EUR,149774.9,0,0.0,149774.9,15,7998,0.952,False,none,False,
INV-2026-000108,Chola Office Supplies,10IJNDH9177Y1Z6,2026-03-18,2026-04-17,2026-03-20,PO-2026-4348,Marketing,S. Kulkarni,vendor_portal,INR,46458.71,0,0.0,46458.71,30,0276,0.906,False,none,False,
INV-2026-000109,Bluewave Logistics Pvt Ltd,21TSKRW8838K1Z6,2026-04-23,2026-05-23,2026-04-27,PO-2026-1538,Operations,T. Rao,email,USD,1888.79,8,151.1,2039.89,30,8476,0.978,False,none,False,
INV-2025-000110,Jyothi Print & Design,06PCBQE3126S1Z6,2025-03-31,2025-04-15,2025-04-01,PO-2025-8178,Marketing,R. Menon,scanned_mail,INR,413022.55,28,115646.31,528668.86,15,8918,0.973,False,none,False,
INV-2024-000111,Meridian Consulting Group,18UGGFI4913J1Z1,2024-07-25,2024-09-23,2024-07-26,PO-2024-8925,Finance,N. Bhatt,email,INR,309027.06,12,37083.25,346110.31,60,2033,0.924,False,none,False,
INV-2025-000112,Coastal Cargo Movers,35OVHXS5362L1Z1,2025-04-27,2025-06-26,2025-05-01,PO-2025-3122,HR,K. Reddy,edi_feed,INR,427891.16,5,21394.56,449285.72,60,3434,0.962,False,none,False,
INV-2026-000113,Ganga Freight Services,21JTAGV9444F1Z0,2026-03-21,2026-04-05,2026-03-24,PO-2026-4887,HR,P. Nair,scanned_mail,INR,50161.48,28,14045.21,64206.69,15,1006,0.957,False,none,False,
INV-2024-000114,Udupi Fresh Foods,12TEVVG6530D1Z1,2024-09-14,2024-10-14,2024-09-19,PO-2024-9219,Admin,M. Krishnan,email,INR,290636.98,12,34876.44,325513.42,30,0515,0.943,False,none,False,
INV-2024-000115,Everest Packaging Co,16PYTQV9077V1Z5,2024-05-16,2024-05-31,2024-05-16,PO-2024-3274,Legal,R. Menon,email,INR,46693.05,5,2334.65,49027.7,15,5164,0.907,False,split_invoice,True,"Amount sits just under the approval threshold, alongside a same-day sibling invoice."
INV-2025-000116,Bright Path Cleaning Services,25UHZHK8767X1Z8,2025-10-06,2025-11-05,2025-10-07,PO-2025-3782,Procurement,S. Kulkarni,edi_feed,INR,181550.58,5,9077.53,190628.11,30,5554,0.981,False,none,False,
INV-2025-000117,Sundaram Motors Spares,35LFENW6048H1Z6,2025-02-19,2025-03-06,2025-02-22,PO-2025-1641,Procurement,D'Souza,scanned_mail,USD,373168.59,10,37316.86,410485.45,15,0197,0.925,False,none,False,
INV-2025-000118,Zenith Office Furnishings,30XQLHI4476M1Z4,2025-11-23,2025-12-23,2025-11-24,PO-2025-1104,Procurement,N. Bhatt,vendor_portal,INR,272470.88,18,49044.76,321515.64,30,4662,0.99,False,none,False,
INV-2025-000119,Jyothi Print & Design,33ZYMVV3437F1Z6,2025-05-28,2025-07-27,2025-05-29,PO-2025-9815,Logistics,R. Menon,edi_feed,INR,193895.42,5,9694.77,203590.19,60,1198,0.932,False,none,False,
INV-2024-000120,Udupi Fresh Foods,04CRCON8591I1Z8,2024-11-12,2024-11-27,2024-11-12,PO-2024-7370,Legal,P. Nair,scanned_mail,INR,423802.66,0,0.0,423802.66,15,8467,0.944,False,none,False,
INV-2025-000121,Indus Valley Textiles,24HIYFU7800J1Z0,2025-12-21,2026-01-20,2025-12-23,PO-2025-5614,Admin,A. Iyer,scanned_mail,USD,168687.7,0,0.0,168687.7,30,3664,0.965,False,none,False,
INV-2026-000122,Meridian Consulting Group,15QSBVE0740U1Z2,2026-07-15,2026-07-30,2026-07-17,PO-2026-4093,Operations,T. Rao,scanned_mail,INR,463687.71,0,0.0,463687.71,15,1878,0.903,False,none,False,
INV-2025-000123,Northgate Print Hub,05JLZJZ0076N1Z6,2025-04-17,2025-05-17,2025-04-19,PO-2024-5500,IT,D'Souza,edi_feed,USD,471740.65,10,47174.07,518914.72,30,8502,0.975,True,duplicate_invoice,True,Same vendor/amount seen on a prior invoice within 10 days.
INV-2026-000124,Falcon IT Solutions,34CJNJF2158G1Z1,2026-07-24,2026-09-22,2026-07-29,PO-2026-1372,Admin,A. Iyer,email,INR,100181.69,5,5009.08,105190.77,60,6028,0.95,False,none,False,
INV-2024-000125,Kaveri Industrial Parts,32NTSOO4302D1Z5,2024-02-18,2024-03-04,2024-02-23,PO-2024-1229,IT,N. Bhatt,scanned_mail,USD,59886.95,8,4790.96,64677.91,15,0332,0.924,False,none,False,
INV-2024-000126,Wingspan Travel Corp,23ZMJBG1209H1Z5,2024-10-15,2024-12-14,2024-10-19,PO-2024-7289,Logistics,V. Desai,vendor_portal,INR,437662.16,5,21883.11,459545.27,60,7941,0.931,False,none,False,
INV-2024-000127,Indus Valley Textiles,07WIUAE2417K1Z8,2024-11-24,2024-12-09,2024-11-29,PO-2024-5390,Procurement,A. Iyer,email,USD,357667.81,10,35766.78,393434.59,15,3234,0.994,False,none,False,
INV-2025-000128,Nandi Hardware Co,17JAQVY2362X1Z0,2025-04-10,2025-06-09,2025-04-13,PO-2025-7869,Facilities,P. Nair,email,INR,191234.37,28,53545.62,244779.99,60,9611,0.926,False,none,False,
INV-2026-000129,Horizon Facilities Mgmt,11TOMBS0921Z1Z2,2026-01-09,2026-02-23,2026-01-13,PO-2026-4282,Legal,M. Krishnan,edi_feed,INR,140935.29,18,25368.35,166303.64,45,6402,0.943,False,none,False,
INV-2025-000130,Jyothi Print & Design,09SENSQ5034D1Z2,2025-11-11,2026-01-10,2025-11-14,PO-2025-2062,Procurement,R. Menon,scanned_mail,INR,44511.83,0,0.0,44511.83,60,9460,0.975,False,none,False,
INV-2026-000131,Jyothi Print & Design,16XOVNW1292V1Z3,2026-01-19,2026-02-18,2026-01-21,PO-2026-1063,Legal,V. Desai,scanned_mail,USD,387359.17,0,0.0,387359.17,30,7205,0.974,False,none,False,
INV-2024-000132,Yamuna Water Solutions,29ELMIP5741H1Z8,2024-02-15,2024-03-31,2024-02-20,PO-2024-9575,HR,P. Nair,scanned_mail,INR,133928.57,12,16071.43,150000.0,45,4778,0.99,False,round_number_amount,True,Total is an unusually round figure for this line of business.
INV-2024-000133,Bluewave Logistics Pvt Ltd,12CWVIF9621B1Z3,2024-09-08,2024-10-08,2024-09-08,PO-2024-9357,Admin,R. Menon,edi_feed,INR,473877.6,28,132685.73,606563.33,30,3313,0.949,False,none,False,
INV-2024-000134,Orion Cloud Systems,35PMABM9756K1Z9,2024-01-23,2024-02-07,2024-01-27,PO-2024-9999,Admin,M. Krishnan,email,INR,472948.99,28,132425.72,605374.71,15,9207,0.979,False,none,False,
INV-2026-000135,Bright Path Cleaning Services,20KXDAI9652X1Z4,2026-04-16,2026-05-01,2026-04-18,PO-2026-2189,Logistics,T. Rao,edi_feed,INR,213088.91,5,10654.45,223743.36,15,2097,0.974,False,none,False,
INV-2025-000136,Everest Packaging Co,10VSACX0288P1Z8,2025-10-21,2025-11-20,2025-10-25,PO-2025-6097,Marketing,V. Desai,email,USD,412677.11,6,24760.63,437437.74,30,8471,0.905,False,weekend_submission,True,Submitted outside business hours/days with no prior pattern for this vendor.
INV-2025-000137,Zenith Office Furnishings,14GSADL4175K1Z7,2025-06-18,2025-07-18,2025-06-18,PO-2025-8808,Legal,D'Souza,edi_feed,INR,198860.47,28,55680.93,254541.4,30,6988,0.953,False,none,False,
INV-2024-000138,Zenith Office Furnishings,22VYHLB2454Q1Z9,2024-11-11,2024-12-26,2024-11-11,PO-2024-2750,Procurement,A. Iyer,vendor_portal,USD,398958.08,10,39895.81,438853.89,45,5614,0.922,False,none,False,
INV-2025-000139,Sundaram Motors Spares,10SPQQQ9258A1Z6,2025-07-02,2025-07-17,2025-07-03,PO-2025-2370,Operations,P. Nair,edi_feed,EUR,207826.45,0,0.0,207826.45,15,2599,0.983,False,none,False,
INV-2026-000140,Tejas Security Services,01ALYVZ4999Y1Z3,2026-08-06,2026-10-05,2026-08-07,PO-2026-8710,Marketing,K. Reddy,email,INR,157083.68,12,18850.04,175933.72,60,7075,0.95,False,none,False,
INV-2026-000141,Kaveri Industrial Parts,28VLTTH2349G1Z4,2026-03-10,2026-03-25,2026-03-11,PO-2026-3450,Admin,M. Krishnan,scanned_mail,INR,273847.47,5,13692.37,287539.84,15,6770,0.987,False,none,False,
INV-2025-000142,Sundaram Motors Spares,22TYIIR8790S1Z3,2025-02-01,2025-04-02,2025-02-06,PO-2025-8973,Legal,K. Reddy,edi_feed,INR,275849.68,28,77237.91,353087.59,60,7986,0.92,False,none,False,
INV-2024-000143,Ganga Freight Services,11MPIEE7520S1Z7,2024-05-05,2024-06-19,2024-05-10,PO-2024-8302,Admin,R. Menon,edi_feed,INR,275926.15,12,33111.14,309037.29,45,6577,0.992,False,none,False,
INV-2024-000144,Udupi Fresh Foods,04BSCCC2747X1Z9,2024-03-04,2024-05-03,2024-03-07,PO-2024-3023,Procurement,M. Krishnan,scanned_mail,INR,454063.07,0,0.0,454063.07,60,1956,0.909,False,none,False,
INV-2025-000145,Yamuna Water Solutions,09XUOXD9579E1Z5,2025-06-19,2025-07-04,2025-06-23,PO-2025-1999,Operations,N. Bhatt,scanned_mail,INR,224247.69,28,62789.35,287037.04,15,6189,0.945,False,none,False,
INV-2026-000146,Wingspan Travel Corp,22LDAWM5233U1Z4,2026-07-05,2026-09-03,2026-07-05,PO-2026-4776,Admin,P. Nair,vendor_portal,EUR,263339.63,8,21067.17,284406.8,60,7894,0.948,False,none,False,
INV-2026-000147,Tejas Security Services,23UPCJX9342K1Z2,2026-07-23,2026-08-07,2026-07-24,PO-2026-4487,Operations,S. Kulkarni,email,INR,86775.92,0,0.0,86775.92,15,7093,0.958,False,none,False,
INV-2025-000148,Zenith Office Furnishings,07KTNUS4481Q1Z8,2025-10-13,2025-10-28,2025-10-17,PO-2025-3616,Marketing,S. Kulkarni,vendor_portal,USD,212521.45,0,0.0,212521.45,15,4880,0.964,False,none,False,
INV-2024-000149,Falcon IT Solutions,16CSYYE0158X1Z8,2024-12-24,2025-01-08,2024-12-27,PO-2024-5391,IT,A. Iyer,email,INR,311115.09,18,56000.72,367115.81,15,7577,0.963,False,none,False,
INV-2024-000150,Lotus Catering Services,36XAGOG7113G1Z0,2024-11-10,2024-11-25,2024-11-15,PO-2024-7179,Logistics,T. Rao,vendor_portal,USD,266734.97,0,0.0,266734.97,15,1252,0.944,False,none,False,
INV-2025-000151,Coastal Cargo Movers,32GSNLP6573H1Z4,2025-08-12,2025-08-27,2025-08-13,PO-2025-5626,Facilities,T. Rao,edi_feed,USD,227934.22,6,13676.05,241610.27,15,1821,0.953,False,none,False,
INV-2025-000152,Prakash Stationery Mart,21HVHDM0161I1Z4,2025-09-03,2025-10-03,2025-09-03,PO-2025-8263,IT,T. Rao,email,USD,330770.42,0,0.0,330770.42,30,4499,0.939,False,none,False,
INV-2024-000153,Northgate Print Hub,37NDCCL3881S1Z8,2024-09-30,2024-10-30,2024-10-01,PO-2024-5362,Logistics,K. Reddy,email,USD,12542.37,6,752.54,13294.91,30,9454,0.959,False,none,False,
INV-2025-000154,Chola Office Supplies,29ODKHH2288C1Z9,2025-01-31,2025-03-17,2025-02-03,PO-2025-8091,Legal,T. Rao,vendor_portal,USD,282768.49,8,22621.48,305389.97,45,9641,0.99,False,none,False,
INV-2026-000155,Aravind Steel Traders,37DESEY4713G1Z3,2026-02-17,2026-03-19,2026-02-22,PO-2026-3410,Marketing,P. Nair,edi_feed,INR,16007.24,5,800.36,16807.6,30,3147,0.927,False,none,False,
INV-2025-000156,Prakash Stationery Mart,29DYUYA4546X1Z9,2025-03-26,2025-04-10,2025-03-30,PO-2025-9836,Operations,R. Menon,edi_feed,INR,461655.72,5,23082.79,484738.51,15,5185,0.989,False,none,False,
INV-2026-000157,Meridian Consulting Group,21XNRIQ8039Q1Z8,2026-04-11,2026-05-11,2026-04-11,PO-2026-2348,IT,N. Bhatt,edi_feed,INR,135850.59,18,24453.11,160303.7,30,4017,0.965,False,none,False,
INV-2025-000158,Bright Path Cleaning Services,03BBQUW2698A1Z5,2025-05-11,2025-05-26,2025-05-11,PO-2025-1130,Facilities,N. Bhatt,edi_feed,USD,329151.52,0,0.0,329151.52,15,2356,0.932,False,none,False,
INV-2024-000159,Falcon IT Solutions,03BUUHW8162S1Z8,2024-10-18,2024-11-02,2024-10-19,PO-2024-1497,Legal,P. Nair,vendor_portal,INR,160436.26,0,0.0,160436.26,15,6583,0.945,False,none,False,
INV-2025-000160,Everest Packaging Co,25XDSPQ9622D1Z5,2025-04-13,2025-04-28,2025-04-18,PO-2025-9647,IT,P. Nair,scanned_mail,INR,208082.29,12,24969.87,233052.16,15,6636,0.943,False,none,False,
INV-2026-000161,Chola Office Supplies,13WCLUD9783K1Z3,2026-04-08,2026-05-23,2026-04-13,PO-2026-4145,Logistics,N. Bhatt,vendor_portal,INR,406685.49,0,0.0,406685.49,45,2256,0.989,False,none,False,
INV-2025-000162,Apex Manpower Agency,03RXAXY0088K1Z6,2025-07-25,2025-09-23,2025-07-29,PO-2025-8460,Finance,M. Krishnan,edi_feed,INR,377089.74,5,18854.49,395944.23,60,9382,0.931,False,none,False,
INV-2025-000163,Nandi Hardware Co,36MULPZ4643Y1Z3,2025-01-25,2025-03-26,2025-01-30,PO-2025-3672,Marketing,T. Rao,email,INR,160317.3,28,44888.84,205206.14,60,5779,0.99,False,none,False,
INV-2024-000164,Ganga Freight Services,24VMRKV4213H1Z0,2024-02-06,2024-03-07,2024-02-10,PO-2024-1628,Procurement,S. Kulkarni,scanned_mail,USD,334978.77,8,26798.3,361777.07,30,4803,0.911,False,none,False,
INV-2025-000165,Yamuna Water Solutions,06TECTA1964J1Z6,2025-09-18,2025-11-02,2025-09-18,PO-2025-9390,Procurement,T. Rao,edi_feed,INR,131481.89,0,0.0,131481.89,45,9759,0.928,False,none,False,
INV-2026-000166,Prakash Stationery Mart,32XFMQC4553E1Z8,2026-01-03,2026-03-04,2026-01-07,PO-2026-2889,Logistics,S. Kulkarni,vendor_portal,INR,143966.74,12,17276.01,161242.75,60,5906,0.927,False,none,False,
INV-2024-000167,Quantum Networks Pvt Ltd,16TUUXR6552Z1Z7,2024-07-22,2024-09-20,2024-07-22,PO-2024-1865,HR,M. Krishnan,scanned_mail,INR,118727.63,12,14247.32,132974.95,60,4152,0.932,False,none,False,
INV-2024-000168,Umbra Services LLP,GSTIN-MISSING,2024-02-06,2024-02-21,2024-02-11,PO-2024-9293,Procurement,M. Krishnan,scanned_mail,EUR,19731.35,10,1973.13,21704.48,15,2230,0.75,False,ghost_vendor,True,Vendor has no prior transaction history; GSTIN fails format check.
INV-2025-000169,Kaveri Industrial Parts,14HQGOJ3091Y1Z4,2025-09-27,2025-11-26,2025-09-27,PO-2025-4275,Finance,A. Iyer,vendor_portal,INR,120356.56,28,33699.84,154056.4,60,1146,0.902,False,none,False,
INV-2026-000170,Aravind Steel Traders,34WXFAD3559A1Z0,2026-08-06,2026-10-05,2026-08-10,PO-2026-3161,HR,M. Krishnan,edi_feed,USD,305681.66,0,0.0,305681.66,60,8472,0.983,False,none,False,
INV-2024-000171,Ganga Freight Services,17TAWGC8707S1Z3,2024-12-30,2025-01-14,2024-12-31,PO-2024-4193,Procurement,N. Bhatt,scanned_mail,INR,222630.41,12,26715.65,249346.06,15,4802,0.944,False,none,False,
INV-2025-000172,Kaveri Industrial Parts,11LQIOL1108T1Z2,2025-12-22,2026-01-06,2025-12-22,PO-2025-7956,Facilities,V. Desai,scanned_mail,INR,242510.56,5,12125.53,254636.09,15,7145,0.929,False,none,False,
INV-2024-000173,Nandi Hardware Co,03KWZRQ5652W1Z8,2024-04-16,2024-05-01,2024-04-16,PO-2024-3279,Facilities,N. Bhatt,edi_feed,INR,461167.62,5,23058.38,484226.0,15,5791,0.92,False,none,False,
INV-2024-000174,Prakash Stationery Mart,29RTEMW7511I1Z3,2024-06-24,2024-08-23,2024-06-29,PO-2024-1645,Facilities,D'Souza,scanned_mail,USD,62091.33,0,0.0,62091.33,60,8415,0.989,False,none,False,
INV-2024-000175,Zenith Office Furnishings,20WUSMZ7909X1Z9,2024-01-22,2024-03-22,2024-01-25,PO-2024-2016,IT,N. Bhatt,email,INR,308790.15,0,0.0,308790.15,60,3803,0.977,False,none,False,
INV-2025-000176,Chola Office Supplies,29VUYRW2351I1Z0,2025-09-02,2025-09-17,2025-09-06,PO-2025-3372,Finance,A. Iyer,vendor_portal,INR,113965.5,18,20513.79,134479.29,15,7096,0.963,False,none,False,
INV-2024-000177,Jyothi Print & Design,29QSPYC0638U1Z1,2024-09-30,2024-11-29,2024-10-05,PO-2024-3162,Finance,S. Kulkarni,email,INR,345423.16,12,41450.78,386873.94,60,9566,0.969,False,none,False,
INV-2025-000178,Global Freight Partners,08DFUDR7319C1Z0,2025-07-07,2025-08-21,2025-07-12,PO-2025-1648,IT,V. Desai,vendor_portal,INR,302487.18,18,54447.69,356934.87,45,8907,0.916,False,none,False,
INV-2024-000179,Yamuna Water Solutions,34TKNSA2622F1Z8,2024-08-02,2024-09-01,2024-08-03,PO-2024-3598,Logistics,S. Kulkarni,vendor_portal,INR,177479.81,28,49694.35,227174.16,30,2301,0.956,False,none,False,
INV-2025-000180,Bluewave Logistics Pvt Ltd,36XUBCQ3139W1Z8,2025-05-13,2025-06-27,2025-05-18,PO-2025-5738,Operations,A. Iyer,email,INR,382676.25,0,0.0,382676.25,45,0243,0.924,False,none,False,
INV-2025-000181,Everest Packaging Co,32EFZXM7503V1Z9,2025-03-26,2025-04-10,2025-03-30,PO-2025-8411,HR,S. Kulkarni,scanned_mail,INR,387142.37,0,0.0,387142.37,15,8856,0.967,False,none,False,
INV-2024-000182,Horizon Facilities Mgmt,02HCUDN8242B1Z8,2024-11-04,2024-11-19,2024-11-09,PO-2024-4840,HR,T. Rao,scanned_mail,INR,173873.29,12,20864.79,194738.08,15,6820,0.943,False,none,False,
INV-2024-000183,Vishwa Engineering Works,35BMFVP3323B1Z8,2024-08-26,2024-10-10,2024-08-29,PO-2024-3952,HR,A. Iyer,edi_feed,INR,176817.26,5,8840.86,185658.12,45,2944,0.963,False,none,False,
INV-2026-000184,Zenith Office Furnishings,12ROQOX2348F1Z5,2026-08-28,2026-10-12,2026-08-28,PO-2026-7753,Facilities,V. Desai,scanned_mail,INR,424153.48,28,118762.97,542916.45,45,8726,0.95,False,none,False,
INV-2025-000185,Meridian Consulting Group,24DPUUG5266O1Z6,2025-03-28,2025-04-27,2025-04-01,PO-2025-5397,Marketing,R. Menon,edi_feed,USD,257941.7,10,25794.17,283735.87,30,7998,0.934,False,none,False,
INV-2024-000186,Chola Office Supplies,34KLUXM3089T1Z1,2024-06-27,2024-08-11,2024-07-02,PO-2024-9968,Marketing,N. Bhatt,edi_feed,INR,303152.54,5,15157.63,318310.17,45,8231,0.992,False,none,False,
INV-2025-000187,Yamuna Water Solutions,04RUVJK7090F1Z5,2025-10-13,2025-11-12,2025-10-15,PO-2025-8822,Procurement,S. Kulkarni,scanned_mail,INR,101744.75,18,18314.06,120058.81,30,6610,0.977,False,none,False,
INV-2026-000188,Vishwa Engineering Works,37YNFZP2059R1Z5,2026-04-14,2026-06-13,2026-04-16,PO-2026-4025,Marketing,A. Iyer,email,INR,227704.82,0,0.0,227704.82,60,4346,0.929,False,none,False,
INV-2026-000189,Prakash Stationery Mart,12DDUPH6277T1Z1,2026-06-27,2026-07-27,2026-06-30,PO-2026-6409,Finance,A. Iyer,edi_feed,INR,288577.33,12,34629.28,323206.61,30,2256,0.979,False,none,False,
INV-2026-000190,Horizon Facilities Mgmt,26YJVSO7391M1Z1,2026-06-20,2026-08-04,2026-06-21,PO-2026-2974,IT,S. Kulkarni,vendor_portal,INR,121965.79,5,6098.29,168359.87,45,1439,0.921,False,altered_total,True,Total does not reconcile with subtotal + tax.
INV-2025-000191,Everest Packaging Co,28BRBFD3009Z1Z9,2025-03-19,2025-04-18,2025-03-23,PO-2025-8496,Marketing,P. Nair,edi_feed,INR,395759.94,5,19788.0,415547.94,30,0685,0.949,False,none,False,
INV-2024-000192,Wingspan Travel Corp,35HFYWO0178M1Z3,2024-07-02,2024-08-01,2024-07-03,PO-2024-9694,IT,V. Desai,scanned_mail,INR,311080.57,0,0.0,311080.57,30,1266,0.921,False,none,False,
INV-2025-000193,Zenith Office Furnishings,06TBDZU2356K1Z1,2025-06-26,2025-08-25,2025-07-01,PO-2025-8491,Logistics,S. Kulkarni,vendor_portal,INR,353328.41,0,0.0,353328.41,60,5296,0.971,False,none,False,
INV-2024-000194,Falcon IT Solutions,01YMPEC7404R1Z7,2024-10-27,2024-11-26,2024-10-28,PO-2026-2199,IT,K. Reddy,edi_feed,INR,160436.26,0,0.0,160436.26,30,4109,0.936,True,duplicate_invoice,True,Same vendor/amount seen on a prior invoice within 10 days.
INV-2024-000195,Aravind Steel Traders,16TVCYZ7576K1Z4,2024-09-10,2024-10-25,2024-09-14,PO-2024-8391,Logistics,P. Nair,email,INR,274551.24,0,0.0,274551.24,45,6897,0.975,False,weekend_submission,True,Submitted outside business hours/days with no prior pattern for this vendor.
INV-2024-000196,Meridian Consulting Group,08ZDKMR1893L1Z5,2024-08-19,2024-10-03,2024-08-24,PO-2024-5277,Procurement,A. Iyer,vendor_portal,INR,23036.01,0,0.0,23036.01,45,2252,0.944,False,none,False,
INV-2024-000197,Wingspan Travel Corp,24MPWXF6608R1Z4,2024-06-11,2024-07-26,2024-06-16,PO-2024-2536,Legal,N. Bhatt,vendor_portal,USD,367206.5,6,22032.39,389238.89,45,0949,0.932,False,none,False,
INV-2024-000198,Vishwa Engineering Works,35JQGJK4708A1Z7,2024-07-03,2024-07-18,2024-07-06,PO-2024-7498,Admin,P. Nair,edi_feed,INR,91481.22,12,10977.75,102458.97,15,2967,0.911,False,none,False,
INV-2025-000199,Prakash Stationery Mart,19DJXTT0645Z1Z3,2025-02-27,2025-03-14,2025-03-04,PO-2025-9190,IT,A. Iyer,scanned_mail,INR,268438.79,0,0.0,268438.79,15,0542,0.958,False,none,False,
INV-2025-000200,Coastal Cargo Movers,25ISPKL8221H1Z2,2025-02-06,2025-02-21,2025-02-10,PO-2025-8996,Admin,V. Desai,vendor_portal,INR,103732.52,5,5186.63,108919.15,15,9987,0.938,False,none,False,
INV-2024-000201,Coastal Cargo Movers,05VNPRV1740E1Z0,2024-03-26,2024-05-10,2024-03-30,PO-2024-1791,Legal,M. Krishnan,vendor_portal,INR,268945.09,18,48410.12,317355.21,45,3254,0.946,False,none,False,
INV-2025-000202,Quantum Networks Pvt Ltd,09AEMUU8981Y1Z3,2025-12-19,2026-01-18,2025-12-22,PO-2025-6214,IT,R. Menon,edi_feed,INR,81034.91,28,22689.77,103724.68,30,5373,0.967,False,none,False,
INV-2026-000203,Bluewave Logistics Pvt Ltd,02PYIBT4891I1Z7,2026-06-03,2026-07-03,2026-06-04,PO-2026-3313,Facilities,A. Iyer,edi_feed,INR,84541.72,0,0.0,84541.72,30,6558,0.949,False,none,False,
INV-2024-000204,Coastal Cargo Movers,33KODAQ1635P1Z1,2024-03-13,2024-05-12,2024-03-16,PO-2024-3035,Finance,M. Krishnan,scanned_mail,INR,194484.12,12,23338.09,217822.21,60,8252,0.921,False,none,False,
INV-2025-000205,Bluewave Logistics Pvt Ltd,37UFRBC6028Z1Z8,2025-03-13,2025-05-12,2025-03-14,PO-2025-7855,Finance,N. Bhatt,scanned_mail,INR,281011.54,12,33721.38,314732.92,60,3474,0.98,False,none,False,
INV-2024-000206,Global Freight Partners,20IAXPI2966Z1Z4,2024-07-16,2024-07-31,2024-07-21,PO-2024-3850,Operations,P. Nair,scanned_mail,INR,39011.37,28,10923.18,49934.55,15,7501,0.951,False,split_invoice,True,"Amount sits just under the approval threshold, alongside a same-day sibling invoice."
INV-2026-000207,Global Freight Partners,30OMLVO2739Z1Z8,2026-05-08,2026-07-07,2026-05-11,PO-2026-8175,Marketing,V. Desai,vendor_portal,USD,107022.95,0,0.0,107022.95,60,3553,0.968,False,none,False,
INV-2024-000208,Indus Valley Textiles,35OPDWM0391U1Z8,2024-08-04,2024-08-19,2024-08-09,PO-2024-5104,Logistics,T. Rao,email,INR,171143.14,28,47920.08,277249.44,15,9822,0.932,False,altered_total,True,Total does not reconcile with subtotal + tax.
INV-2024-000209,Global Freight Partners,14MFHSU1725I1Z1,2024-01-03,2024-01-18,2024-01-06,PO-2024-9178,Finance,N. Bhatt,email,INR,132425.25,28,37079.07,169504.32,15,7920,0.968,False,none,False,
INV-2026-000210,Indus Valley Textiles,04PMRFU8659Y1Z3,2026-05-07,2026-07-06,2026-05-12,PO-2026-8860,Legal,V. Desai,vendor_portal,INR,417178.36,5,20858.92,438037.28,60,3821,0.948,False,none,False,
INV-2026-000211,Zenith Office Furnishings,28TETVA2029I1Z2,2026-05-30,2026-07-14,2026-05-30,PO-2026-4948,IT,R. Menon,email,INR,242121.75,5,12106.09,254227.84,45,0325,0.984,False,none,False,
INV-2026-000212,Meridian Consulting Group,19EABIB3444R1Z5,2026-03-04,2026-04-03,2026-03-07,PO-2026-7045,IT,M. Krishnan,edi_feed,INR,227124.8,28,63594.94,290719.74,30,8540,0.978,False,none,False,
INV-2024-000213,Prakash Stationery Mart,02NVZQP1143P1Z9,2024-06-18,2024-08-02,2024-06-18,PO-2024-9274,Facilities,D'Souza,edi_feed,INR,400256.05,28,112071.69,512327.74,45,9160,0.942,False,none,False,
INV-2025-000214,Falcon IT Solutions,13TJZDW1760F1Z1,2025-01-15,2025-01-30,2025-01-20,PO-2025-7188,Legal,K. Reddy,scanned_mail,INR,59135.12,5,2956.76,62091.88,15,2427,0.976,False,none,False,
INV-2024-000215,Coastal Cargo Movers,30FGSJO4898O1Z6,2024-11-21,2024-12-21,2024-11-23,PO-2024-6455,Finance,K. Reddy,vendor_portal,USD,382113.51,10,38211.35,420324.86,30,2533,0.919,False,none,False,
INV-2025-000216,Deccan Electricals,37VPCPB5235J1Z6,2025-03-28,2025-04-27,2025-03-31,PO-2025-7505,Logistics,A. Iyer,email,INR,476816.89,18,85827.04,562643.93,30,3399,0.991,False,none,False,
INV-2025-000217,Tejas Security Services,14MULTG5026B1Z2,2025-12-22,2026-01-21,2025-12-27,PO-2025-2775,IT,N. Bhatt,scanned_mail,INR,435710.19,12,52285.22,487995.41,30,6017,0.99,False,none,False,
INV-2025-000218,Deccan Electricals,09PJEGN7138R1Z2,2025-09-15,2025-10-15,2025-09-20,PO-2025-7140,Legal,V. Desai,edi_feed,USD,275857.09,0,0.0,275857.09,30,6686,0.919,False,none,False,
INV-2025-000219,Jyothi Print & Design,21HSPFK9253H1Z2,2025-06-08,2025-06-23,2025-06-09,PO-2025-3723,Logistics,S. Kulkarni,vendor_portal,EUR,467095.06,10,46709.51,513804.57,15,2986,0.992,False,none,False,
INV-2025-000220,Aravind Steel Traders,36FWYIR1250N1Z6,2025-05-05,2025-07-04,2025-05-10,PO-2025-9135,Procurement,A. Iyer,scanned_mail,INR,162637.11,28,45538.39,208175.5,60,5340,0.918,False,none,False,
INV-2024-000221,Kaveri Industrial Parts,34UEQBX5046U1Z2,2024-02-25,2024-03-26,2024-02-28,PO-2024-6363,Finance,R. Menon,email,INR,105782.19,28,29619.01,135401.2,30,4605,0.956,False,none,False,
INV-2025-000222,Vishwa Engineering Works,21PVJZS2484H1Z4,2025-10-15,2025-10-30,2025-10-18,PO-2025-8349,Procurement,S. Kulkarni,vendor_portal,INR,89326.7,18,16078.81,105405.51,15,3839,0.957,False,none,False,
INV-2025-000223,Orion Cloud Systems,09ZHCIG3553H1Z8,2025-07-11,2025-08-10,2025-07-16,PO-2025-4800,Operations,A. Iyer,edi_feed,INR,241617.28,18,43491.11,285108.39,30,2922,0.938,False,none,False,
INV-2025-000224,Everest Packaging Co,07WVOCZ0777Y1Z1,2025-06-26,2025-08-25,2025-06-28,PO-2025-9805,Marketing,S. Kulkarni,vendor_portal,INR,86265.11,28,24154.23,110419.34,60,5647,0.924,False,none,False,
INV-2025-000225,Ganga Freight Services,37IIEVI2647Q1Z7,2025-12-03,2026-01-02,2025-12-05,PO-2025-5473,HR,M. Krishnan,edi_feed,INR,81189.29,0,0.0,81189.29,30,3990,0.913,False,none,False,
INV-2025-000226,Coastal Cargo Movers,21GEOLS6699G1Z0,2025-07-13,2025-08-27,2025-07-15,PO-2025-2240,Marketing,T. Rao,vendor_portal,INR,207363.16,12,24883.58,232246.74,45,7791,0.972,False,none,False,
INV-2024-000227,Jyothi Print & Design,14ADXOG4374E1Z2,2024-01-21,2024-03-06,2024-01-26,PO-2024-3735,Admin,M. Krishnan,email,INR,215325.73,5,10766.29,226092.02,45,2018,0.987,False,none,False,
INV-2024-000228,Prakash Stationery Mart,33KWWAS3992Y1Z6,2024-02-21,2024-03-22,2024-02-25,PO-2024-4638,Admin,N. Bhatt,edi_feed,INR,395721.03,28,110801.89,506522.92,30,1633,0.958,False,none,False,
INV-2024-000229,Bluewave Logistics Pvt Ltd,18BQJMF7470U1Z6,2024-02-21,2024-03-22,2024-02-25,PO-2024-1020,Procurement,A. Iyer,email,INR,165023.13,18,29704.16,194727.29,30,8382,0.902,False,none,False,
INV-2024-000230,Kaveri Industrial Parts,29XQRMB3848F1Z4,2024-06-17,2024-08-01,2024-06-20,PO-2024-2875,HR,V. Desai,scanned_mail,USD,172567.6,8,13805.41,186373.01,45,5899,0.979,False,none,False,
INV-2026-000231,Tejas Security Services,36YEAYO1125H1Z6,2026-06-02,2026-07-17,2026-06-02,PO-2026-6300,Finance,M. Krishnan,vendor_portal,INR,416060.49,18,74890.89,490951.38,45,1635,0.974,False,none,False,
INV-2025-000232,Bright Path Cleaning Services,31ICOAQ0981I1Z5,2025-09-28,2025-11-27,2025-09-30,PO-2025-5071,Procurement,A. Iyer,scanned_mail,INR,423110.04,28,118470.81,541580.85,60,0941,0.938,False,none,False,
INV-2024-000233,Wingspan Travel Corp,12SHAHA6827D1Z6,2024-10-10,2024-12-09,2024-10-12,PO-2024-4946,Legal,M. Krishnan,vendor_portal,INR,403029.9,18,72545.38,475575.28,60,9094,0.942,False,none,False,
INV-2026-000234,Orion Cloud Systems,08NLNNU6437Y1Z5,2026-01-18,2026-03-19,2026-01-18,PO-2026-6123,Finance,T. Rao,vendor_portal,USD,317813.08,0,0.0,356049.58,60,6852,0.948,False,altered_total,True,Total does not reconcile with subtotal + tax.
INV-2025-000235,Quantum Networks Pvt Ltd,35NKXTO6007H1Z0,2025-09-05,2025-10-20,2025-09-05,PO-2025-2097,Procurement,S. Kulkarni,email,INR,387041.7,5,19352.08,406393.78,45,9187,0.977,False,none,False,
INV-2024-000236,Bright Path Cleaning Services,06VPKET5625K1Z7,2024-07-02,2024-08-31,2024-07-06,PO-2024-1582,Logistics,D'Souza,vendor_portal,INR,1772.26,5,88.61,1860.87,60,9750,0.965,False,none,False,
INV-2024-000237,Lotus Catering Services,10CEEEC1802S1Z9,2024-07-02,2024-08-16,2024-07-03,PO-2024-7735,Operations,M. Krishnan,edi_feed,USD,69444.44,8,5555.56,75000.0,45,2590,0.931,False,round_number_amount,True,Total is an unusually round figure for this line of business.
INV-2025-000238,Aravind Steel Traders,11WERPB0282O1Z0,2025-07-10,2025-08-09,2025-07-15,PO-2025-8530,Admin,V. Desai,scanned_mail,INR,137123.26,28,38394.51,175517.77,30,6281,0.974,False,none,False,
INV-2025-000239,Meridian Consulting Group,12MSOIB2940M1Z6,2025-10-02,2025-11-16,2025-10-03,PO-2025-6568,Logistics,K. Reddy,edi_feed,INR,214945.86,18,38690.25,253636.11,45,4453,0.984,False,none,False,
INV-2024-000240,Orion Cloud Systems,19YEFTY5682G1Z9,2024-09-11,2024-10-11,2024-09-16,PO-2024-7022,Operations,T. Rao,email,USD,124043.63,8,9923.49,133967.12,30,2926,0.928,False,none,False,
INV-2024-000241,Coastal Cargo Movers,24YMODT0737F1Z2,2024-05-05,2024-06-04,2024-05-07,PO-2024-1983,Logistics,D'Souza,scanned_mail,INR,435993.6,12,52319.23,488312.83,30,6581,0.971,False,none,False,
INV-2025-000242,Indus Valley Textiles,16LHBWU3334N1Z0,2025-09-01,2025-10-16,2025-09-01,PO-2025-2277,IT,T. Rao,scanned_mail,INR,300253.19,5,15012.66,315265.85,45,9158,0.973,False,none,False,
INV-2024-000243,Tejas Security Services,13IMHQH5559U1Z5,2024-10-21,2024-12-05,2024-10-23,PO-2024-3098,Marketing,K. Reddy,email,INR,242778.06,12,29133.37,271911.43,45,2317,0.95,False,none,False,
INV-2024-000244,Apex Manpower Agency,33WZMXC0792P1Z4,2024-09-22,2024-10-22,2024-09-22,PO-2024-9807,Procurement,P. Nair,email,INR,158313.14,28,44327.68,202640.82,30,1825,0.964,False,none,False,
INV-2025-000245,Quantum Networks Pvt Ltd,24UHKWP2281B1Z3,2025-11-17,2025-12-17,2025-11-21,PO-2025-3811,Finance,S. Kulkarni,edi_feed,INR,264510.39,0,0.0,264510.39,30,2623,0.927,False,none,False,
INV-2026-000246,Lotus Catering Services,28XZOYO8361F1Z3,2026-02-13,2026-03-15,2026-02-13,PO-2026-6724,Procurement,S. Kulkarni,edi_feed,INR,208741.27,12,25048.95,233790.22,30,7464,0.942,False,none,False,
INV-2025-000247,Horizon Facilities Mgmt,35HKFKN3053W1Z4,2025-10-29,2025-11-13,2025-10-30,PO-2025-2899,Operations,K. Reddy,email,USD,431528.81,0,0.0,431528.81,15,2925,0.909,False,none,False,
INV-2025-000248,Coastal Cargo Movers,09TCIEV2661H1Z7,2025-03-18,2025-05-17,2025-03-21,PO-2025-1902,Logistics,D'Souza,edi_feed,INR,22505.45,18,4050.98,26556.43,60,1356,0.966,False,none,False,
INV-2026-000249,Indus Valley Textiles,24RLKQU2620Q1Z9,2026-05-13,2026-06-27,2026-05-14,PO-2025-1249,IT,D'Souza,vendor_portal,EUR,318123.28,8,25449.86,343573.14,45,4357,0.992,False,mismatched_po,True,PO number does not correspond to an open purchase order.
INV-2024-000250,Prakash Stationery Mart,32CKQFZ4196Z1Z4,2024-06-16,2024-07-01,2024-06-19,PO-2024-1920,HR,D'Souza,edi_feed,INR,253395.33,12,30407.44,283802.77,15,9231,0.93,False,none,False,
INV-2024-000251,Orion Cloud Systems,05UESBK2649M1Z4,2024-11-05,2024-12-20,2024-11-08,PO-2024-5006,Procurement,K. Reddy,edi_feed,USD,169139.68,0,0.0,169139.68,45,1046,0.926,False,none,False,
INV-2024-000252,Vishwa Engineering Works,05TSQHP4202H1Z5,2024-03-07,2024-04-06,2024-03-07,PO-2024-1756,Procurement,A. Iyer,scanned_mail,INR,203261.11,5,10163.06,213424.17,30,5258,0.986,False,none,False,
INV-2026-000253,Ganga Freight Services,30OGLJS3223X1Z5,2026-03-08,2026-05-07,2026-03-10,PO-2026-9725,Procurement,D'Souza,edi_feed,INR,156113.93,5,7805.7,163919.63,60,1857,0.923,False,none,False,
INV-2025-000254,Aravind Steel Traders,17XJKMM5243Z1Z0,2025-07-17,2025-08-01,2025-07-20,PO-2025-5037,Operations,T. Rao,edi_feed,INR,240461.05,0,0.0,240461.05,15,0970,0.972,False,none,False,
INV-2025-000255,Jyothi Print & Design,01KYGIS7532W1Z6,2025-07-19,2025-09-17,2025-07-20,PO-2025-3984,Logistics,K. Reddy,edi_feed,USD,45764.03,6,2745.84,48509.87,60,1913,0.908,False,split_invoice,True,"Amount sits just under the approval threshold, alongside a same-day sibling invoice."
INV-2025-000256,Zenith Office Furnishings,15SNZXR7317O1Z5,2025-01-08,2025-03-09,2025-01-10,PO-2025-5717,Facilities,K. Reddy,edi_feed,INR,465733.77,0,0.0,465733.77,60,8515,0.925,False,none,False,
INV-2024-000257,Orion Cloud Systems,08KKBZB9507L1Z5,2024-10-03,2024-11-17,2024-10-06,PO-2024-2749,Legal,V. Desai,email,INR,22991.9,0,0.0,22991.9,45,0081,0.971,False,none,False,
INV-2024-000258,Chola Office Supplies,02ZVNPP1241Q1Z8,2024-04-10,2024-05-10,2024-04-10,PO-2024-8086,Logistics,M. Krishnan,vendor_portal,INR,89976.73,5,4498.84,94475.57,30,2416,0.97,False,none,False,
INV-2024-000259,Tejas Security Services,27KHLJC9616O1Z8,2024-04-16,2024-06-15,2024-04-21,PO-2024-1177,IT,M. Krishnan,scanned_mail,INR,139466.25,5,6973.31,146439.56,60,4609,0.906,False,none,False,
INV-2024-000260,Tejas Security Services,15TAYLO9910H1Z9,2024-02-12,2024-03-28,2024-02-16,PO-2024-2588,Marketing,K. Reddy,scanned_mail,INR,440593.72,28,123366.24,563959.96,45,3396,0.982,False,none,False,
INV-2026-000261,Falcon IT Solutions,23DCOZB1693B1Z3,2026-03-17,2026-05-16,2026-03-19,PO-2026-5505,IT,S. Kulkarni,email,INR,15610.04,0,0.0,15610.04,60,9041,0.972,False,none,False,
INV-2024-000262,Jyothi Print & Design,02NWXAD1803T1Z2,2024-08-21,2024-09-05,2024-08-26,PO-2024-2333,Procurement,R. Menon,edi_feed,INR,362132.13,5,18106.61,380238.74,15,7432,0.96,False,none,False,
INV-2024-000263,Quantum Networks Pvt Ltd,27ZNBFH0311Z1Z1,2024-03-03,2024-04-02,2024-03-03,PO-2024-4412,Logistics,K. Reddy,email,INR,290903.88,18,52362.7,343266.58,30,8939,0.933,False,none,False,
INV-2024-000264,Bluewave Logistics Pvt Ltd,21OHQIR8280T1Z5,2024-09-26,2024-10-26,2024-09-27,PO-2024-8694,Legal,S. Kulkarni,scanned_mail,INR,249447.72,5,12472.39,261920.11,30,5167,0.9,False,none,False,
INV-2025-000265,Coastal Cargo Movers,17ENTTQ2461L1Z5,2025-03-17,2025-04-16,2025-03-17,PO-2025-7865,Marketing,T. Rao,email,INR,418344.03,0,0.0,418344.03,30,9255,0.935,False,none,False,
INV-2024-000266,Horizon Facilities Mgmt,25KSTPT9110M1Z4,2024-01-29,2024-03-14,2024-01-31,PO-2024-9459,Procurement,M. Krishnan,vendor_portal,INR,133658.81,5,6682.94,140341.75,45,2800,0.916,False,none,False,
INV-2025-000267,Kaveri Industrial Parts,21PQETM1859W1Z9,2025-02-14,2025-03-01,2025-02-18,PO-2025-3372,Procurement,R. Menon,vendor_portal,INR,147934.16,0,0.0,147934.16,15,3388,0.917,False,none,False,
INV-2026-000268,Horizon Facilities Mgmt,10REGDL7544F1Z0,2026-07-06,2026-08-05,2026-07-11,PO-2026-9285,HR,P. Nair,vendor_portal,INR,72856.02,28,20399.69,93255.71,30,0268,0.981,False,none,False,
INV-2025-000269,Falcon IT Solutions,19UWTAZ9120H1Z5,2025-06-27,2025-08-26,2025-06-27,PO-2025-5343,Logistics,T. Rao,vendor_portal,INR,9098.0,28,2547.44,11645.44,60,1354,0.939,False,none,False,
INV-2024-000270,Horizon Facilities Mgmt,12NDHDE1597K1Z3,2024-10-11,2024-12-10,2024-10-14,PO-2024-1992,Finance,N. Bhatt,scanned_mail,INR,304344.08,0,0.0,304344.08,60,7191,0.991,False,none,False,
INV-2025-000271,Quantum Networks Pvt Ltd,09MQNKT1050H1Z4,2025-07-21,2025-08-05,2025-07-23,PO-2025-1946,IT,T. Rao,scanned_mail,INR,47550.33,28,13314.09,60864.42,15,8220,0.934,False,none,False,
INV-2024-000272,Coastal Cargo Movers,28MMDOG3978W1Z7,2024-12-21,2025-01-20,2024-12-21,PO-2024-6669,Legal,S. Kulkarni,email,INR,232378.38,28,65065.95,297444.33,30,0273,0.949,False,none,False,
INV-2026-000273,Nandi Hardware Co,21CXAHN5632R1Z2,2026-04-24,2026-05-09,2026-04-24,PO-2026-3341,Logistics,T. Rao,email,INR,402465.48,28,112690.33,515155.81,15,3801,0.924,False,none,False,
INV-2024-000274,Vishwa Engineering Works,24LCPGN1543K1Z8,2024-01-23,2024-03-23,2024-01-27,PO-2024-4763,HR,P. Nair,email,INR,276287.03,5,13814.35,290101.38,60,9244,0.957,False,none,False,
INV-2026-000275,Kaveri Industrial Parts,29OKQII2709T1Z4,2026-09-04,2026-09-19,2026-09-05,PO-2026-3447,Legal,K. Reddy,scanned_mail,INR,405790.77,0,0.0,405790.77,15,5551,0.925,False,none,False,
INV-2026-000276,Tejas Security Services,24KTBCD9076X1Z6,2026-01-11,2026-01-26,2026-01-11,PO-2026-7804,Procurement,P. Nair,email,USD,50250.82,6,3015.05,53265.87,15,3908,0.968,False,none,False,
INV-2024-000277,Falcon IT Solutions,04QTFEV9007C1Z0,2024-08-26,2024-09-25,2024-08-26,PO-2024-9625,HR,R. Menon,email,INR,285015.23,28,79804.26,364819.49,30,5228,0.968,False,none,False,
INV-2024-000278,Coastal Cargo Movers,21SSXCL9562W1Z4,2024-10-17,2024-12-01,2024-10-17,PO-2024-6058,Logistics,N. Bhatt,email,INR,46341.45,5,2317.07,48658.52,45,8963,0.954,False,none,False,
INV-2024-000279,Vishwa Engineering Works,35SVCND3955T1Z5,2024-12-11,2025-01-10,2024-12-15,PO-2024-8976,HR,S. Kulkarni,scanned_mail,INR,227374.9,12,27284.99,254659.89,30,2633,0.95,False,none,False,
INV-2024-000280,Vishwa Engineering Works,21CCSKZ5504W1Z6,2024-03-02,2024-04-16,2024-03-07,PO-2024-4047,Finance,T. Rao,email,INR,197527.24,12,23703.27,221230.51,45,1026,0.937,False,none,False,
INV-2024-000281,Meridian Consulting Group,27CEFDM6223B1Z8,2024-11-19,2025-01-18,2024-11-19,PO-2024-1032,Admin,T. Rao,scanned_mail,INR,316633.8,0,0.0,316633.8,60,8906,0.963,False,none,False,
INV-2024-000282,Orion Cloud Systems,20WMHCI8870V1Z8,2024-09-20,2024-10-05,2024-09-25,PO-2024-9286,Marketing,P. Nair,scanned_mail,INR,410946.92,28,115065.14,526012.06,15,3895,0.972,False,none,False,
INV-2026-000283,Horizon Facilities Mgmt,35IGJQS8144Z1Z3,2026-05-19,2026-06-03,2026-05-24,PO-2026-3806,Marketing,T. Rao,vendor_portal,INR,237253.69,18,42705.66,279959.35,15,7238,0.928,False,none,False,
INV-2026-000284,Nandi Hardware Co,01LTBFG1291Y1Z4,2026-02-01,2026-04-02,2026-02-04,PO-2026-9922,Logistics,K. Reddy,scanned_mail,USD,110050.02,8,8804.0,118854.02,60,3885,0.993,False,none,False,
INV-2024-000285,Global Freight Partners,19YOKLF8204I1Z3,2024-05-16,2024-06-15,2024-05-20,PO-2024-6039,Procurement,M. Krishnan,scanned_mail,INR,328990.12,0,0.0,328990.12,30,8742,0.953,False,none,False,
INV-2024-000286,Prakash Stationery Mart,03RUPXG4010X1Z4,2024-02-02,2024-02-17,2024-02-07,PO-2024-7691,Legal,N. Bhatt,scanned_mail,INR,65818.62,28,18429.21,84247.83,15,0239,0.989,False,none,False,
INV-2025-000287,Quantum Networks Pvt Ltd,10JBJIQ5117I1Z2,2025-01-20,2025-03-06,2025-01-20,PO-2025-4846,IT,A. Iyer,email,INR,278571.34,28,77999.98,356571.32,45,6768,0.991,False,none,False,
INV-2025-000288,Wingspan Travel Corp,12CJVBC3218M1Z5,2025-07-29,2025-08-28,2025-08-02,PO-2025-3233,Facilities,V. Desai,vendor_portal,INR,202622.0,5,10131.1,212753.1,30,6610,0.991,False,weekend_submission,True,Submitted outside business hours/days with no prior pattern for this vendor.
INV-2024-000289,Udupi Fresh Foods,01RCEUB7026L1Z5,2024-10-17,2024-11-16,2024-10-18,PO-2026-8479,Admin,N. Bhatt,vendor_portal,INR,211846.45,5,10592.32,222438.77,30,6527,0.91,True,duplicate_invoice,True,Same vendor/amount seen on a prior invoice within 10 days.
INV-2024-000290,Zenith Office Furnishings,13VBCZY2890D1Z0,2024-01-28,2024-03-28,2024-01-28,PO-2024-5845,Finance,V. Desai,edi_feed,INR,286409.35,0,0.0,286409.35,60,2742,0.907,False,none,False,
INV-2026-000291,Bright Path Cleaning Services,06TQZRL5099X1Z5,2026-02-20,2026-04-06,2026-02-24,PO-2026-8086,Operations,A. Iyer,scanned_mail,INR,274682.58,5,13734.13,288416.71,45,0942,0.981,False,none,False,
INV-2024-000292,Deccan Electricals,27GXQTJ8261Y1Z2,2024-05-23,2024-07-22,2024-05-26,PO-2024-5744,IT,K. Reddy,email,USD,262995.67,0,0.0,262995.67,60,6174,0.94,False,none,False,
INV-2025-000293,Horizon Facilities Mgmt,23QUWAF1443L1Z2,2025-09-17,2025-10-02,2025-09-21,PO-2025-6060,Facilities,N. Bhatt,vendor_portal,INR,463395.9,5,23169.79,486565.69,15,3226,0.984,False,none,False,
INV-2026-000294,Everest Packaging Co,12IMNNB3764P1Z4,2026-07-28,2026-09-11,2026-08-08,PO-2026-4156,Facilities,D'Souza,edi_feed,INR,438546.19,18,78938.31,517484.5,45,3030,0.955,False,weekend_submission,True,Submitted outside business hours/days with no prior pattern for this vendor.
INV-2024-000295,Quantum Networks Pvt Ltd,01TOSMV4217F1Z7,2024-05-22,2024-06-21,2024-05-24,PO-2024-4459,Marketing,T. Rao,email,INR,325207.2,5,16260.36,341467.56,30,6482,0.975,False,none,False,
INV-2025-000296,Aravind Steel Traders,03KCHND9155I1Z4,2025-04-03,2025-05-03,2025-04-07,PO-2025-4393,Finance,V. Desai,scanned_mail,INR,150590.14,0,0.0,150590.14,30,5403,0.93,False,none,False,
INV-2024-000297,Tejas Security Services,04DWZQK8595G1Z3,2024-12-30,2025-02-13,2025-01-01,PO-2024-8932,Legal,V. Desai,scanned_mail,INR,471254.26,28,131951.19,603205.45,45,1699,0.955,False,none,False,
INV-2025-000298,Falcon IT Solutions,09OONYS7826U1Z4,2025-06-16,2025-08-15,2025-06-21,PO-2025-9879,Facilities,R. Menon,email,USD,398787.9,6,23927.27,422715.17,60,7377,0.904,False,none,False,
INV-2024-000299,Northgate Print Hub,03BHMDM1837T1Z6,2024-04-17,2024-06-01,2024-04-21,PO-2024-7698,Admin,T. Rao,edi_feed,USD,27513.81,8,2201.1,29714.91,45,7494,0.932,False,none,False,
INV-2024-000300,Northgate Print Hub,19PCPMX7234G1Z2,2024-11-22,2024-12-22,2024-11-24,PO-2024-4507,Facilities,M. Krishnan,email,INR,62507.29,18,11251.31,73758.6,30,9788,0.969,False,none,False,
INV-2026-000301,Prakash Stationery Mart,16CKQXK0169N1Z7,2026-04-03,2026-05-03,2026-04-03,PO-2026-6357,Marketing,P. Nair,vendor_portal,INR,453379.89,12,54405.59,507785.48,30,0052,0.965,False,none,False,
INV-2024-000302,Bluewave Logistics Pvt Ltd,27YMDDU7886X1Z0,2024-09-14,2024-09-29,2024-09-19,PO-2024-5560,IT,A. Iyer,edi_feed,INR,252468.55,5,12623.43,265091.98,15,1483,0.973,False,none,False,
INV-2025-000303,Ganga Freight Services,01QOOAW0268C1Z5,2025-04-16,2025-05-31,2025-04-16,PO-2025-2008,Procurement,A. Iyer,edi_feed,INR,16234.19,5,811.71,17045.9,45,7311,0.907,False,none,False,
INV-2024-000304,Meridian Consulting Group,30UFIDR6210H1Z7,2024-09-10,2024-11-09,2024-09-14,PO-2024-5007,Marketing,P. Nair,scanned_mail,INR,146368.45,12,17564.21,163932.66,60,6131,0.923,False,none,False,
INV-2026-000305,Everest Packaging Co,32OMACA3672D1Z7,2026-02-23,2026-04-24,2026-02-24,PO-2026-3768,IT,K. Reddy,email,INR,362585.48,5,18129.27,380714.75,60,1135,0.902,False,none,False,
INV-2025-000306,Yamuna Water Solutions,20UGOUA6724K1Z3,2025-09-05,2025-09-20,2025-09-07,PO-2025-7974,Admin,V. Desai,vendor_portal,INR,138661.32,0,0.0,138661.32,15,4708,0.993,False,none,False,
INV-2026-000307,Udupi Fresh Foods,05LGFVX1964Y1Z3,2026-02-23,2026-03-10,2026-02-24,PO-2026-3127,Finance,M. Krishnan,email,INR,338906.23,18,61003.12,477007.48,15,0004,0.967,False,altered_total,True,Total does not reconcile with subtotal + tax.
INV-2026-000308,Yamuna Water Solutions,01RXBWB0953J1Z6,2026-02-01,2026-03-18,2026-02-02,PO-2026-6464,Admin,S. Kulkarni,vendor_portal,INR,395300.34,12,47436.04,442736.38,45,6122,0.906,False,none,False,
INV-2024-000309,Bright Path Cleaning Services,12GEOHP8646W1Z5,2024-03-07,2024-04-21,2024-03-12,PO-2024-3206,Admin,S. Kulkarni,vendor_portal,USD,319701.3,6,19182.08,338883.38,45,7719,0.931,False,none,False,
INV-2026-000310,Bright Path Cleaning Services,29KOPQM3718Q1Z0,2026-06-12,2026-07-27,2026-06-13,PO-2026-4581,Admin,T. Rao,email,INR,296324.83,12,35558.98,331883.81,45,3695,0.987,False,none,False,
INV-2025-000311,Orion Cloud Systems,09YRDTP7196I1Z7,2025-11-12,2025-12-12,2025-11-15,PO-2025-7492,Admin,P. Nair,vendor_portal,INR,310399.13,18,55871.84,366270.97,30,9287,0.983,False,weekend_submission,True,Submitted outside business hours/days with no prior pattern for this vendor.
INV-2025-000312,Bright Path Cleaning Services,08UHXSS7221J1Z5,2025-06-03,2025-06-18,2025-06-05,PO-2025-4324,Facilities,V. Desai,edi_feed,INR,31293.43,28,8762.16,40055.59,15,3875,0.956,False,none,False,
INV-2026-000313,Vishwa Engineering Works,04ZEXLU0888D1Z4,2026-05-25,2026-06-09,2026-05-28,PO-2026-2065,Admin,V. Desai,vendor_portal,INR,38441.78,0,0.0,38441.78,15,0850,0.975,False,none,False,
INV-2024-000314,Aravind Steel Traders,13TNATX5647R1Z8,2024-06-23,2024-08-22,2024-06-28,PO-2024-1384,Marketing,P. Nair,scanned_mail,INR,74223.99,5,3711.2,77935.19,60,0504,0.977,False,none,False,
INV-2025-000315,Falcon IT Solutions,02HTCGB2267A1Z9,2025-06-15,2025-07-30,2025-06-15,PO-2025-3249,Facilities,K. Reddy,vendor_portal,INR,152271.16,0,0.0,152271.16,45,3916,0.984,False,none,False,
INV-2024-000316,Coastal Cargo Movers,36OPYKC9819C1Z5,2024-08-22,2024-09-21,2024-08-24,PO-2024-9067,IT,M. Krishnan,email,INR,284912.22,0,0.0,284912.22,30,5443,0.902,False,none,False,
INV-2024-000317,Tejas Security Services,36VLZMJ0498P1Z0,2024-09-16,2024-10-01,2024-09-17,PO-2024-7980,Finance,M. Krishnan,scanned_mail,USD,212905.41,10,21290.54,234195.95,15,3018,0.959,False,none,False,
INV-2026-000318,Indus Valley Textiles,02GOKZX1563R1Z3,2026-06-20,2026-07-20,2026-06-25,PO-2026-1406,Facilities,M. Krishnan,scanned_mail,INR,162045.36,28,45372.7,207418.06,30,2908,0.956,False,none,False,
INV-2024-000319,Global Freight Partners,33PVKOW6119B1Z8,2024-11-11,2024-12-11,2024-11-12,PO-2024-8294,Operations,R. Menon,vendor_portal,INR,474000.23,18,85320.04,559320.27,30,4808,0.946,False,none,False,
INV-2025-000320,Wingspan Travel Corp,09RSYZN0564O1Z4,2025-07-16,2025-08-15,2025-07-17,PO-2025-6797,HR,A. Iyer,edi_feed,INR,174347.61,12,20921.71,195269.32,30,2387,0.956,False,none,False,
INV-2026-000321,Chola Office Supplies,20AUZYG5529P1Z7,2026-01-06,2026-03-07,2026-01-06,PO-2026-3040,Facilities,N. Bhatt,email,INR,25000.0,0,0.0,25000.0,60,2303,0.976,False,round_number_amount,True,Total is an unusually round figure for this line of business.
INV-2024-000322,Coastal Cargo Movers,01DSJWF5377N1Z5,2024-06-16,2024-07-16,2024-06-19,PO-2024-4836,Legal,S. Kulkarni,email,INR,349729.99,18,62951.4,412681.39,30,3708,0.91,False,none,False,
INV-2026-000323,Prakash Stationery Mart,36AIEKG4763J1Z1,2026-01-24,2026-02-23,2026-01-27,PO-2026-6442,Marketing,N. Bhatt,edi_feed,INR,445449.17,5,22272.46,467721.63,30,8721,0.902,False,none,False,
INV-2025-000324,Horizon Facilities Mgmt,21AYWBO8851M1Z1,2025-11-19,2025-12-04,2025-11-23,PO-2025-4396,Procurement,S. Kulkarni,edi_feed,INR,85470.2,28,23931.66,109401.86,15,6760,0.901,False,none,False,
INV-2025-000325,Bluewave Logistics Pvt Ltd,24UTWXT0769U1Z2,2025-04-20,2025-05-05,2025-04-20,PO-2025-8272,Procurement,D'Souza,edi_feed,INR,423373.37,12,50804.8,474178.17,15,7401,0.919,False,none,False,
INV-2024-000326,Zenith Office Furnishings,35JTKAN2261E1Z8,2024-11-15,2024-12-15,2024-11-19,PO-2024-7549,Legal,M. Krishnan,email,INR,163274.16,28,45716.76,208990.92,30,6265,0.911,False,none,False,
INV-2026-000327,Jyothi Print & Design,26DDXLI4843K1Z8,2026-06-09,2026-07-09,2026-06-10,PO-2026-2210,HR,A. Iyer,email,INR,273266.06,5,13663.3,286929.36,30,3596,0.987,False,none,False,
INV-2026-000328,Deccan Electricals,29JKFEY8259P1Z0,2026-04-01,2026-05-16,2026-04-05,PO-2026-7189,Admin,M. Krishnan,scanned_mail,USD,116477.17,8,9318.17,125795.34,45,4728,0.958,False,none,False,
INV-2024-000329,Prakash Stationery Mart,04DQPXB3000T1Z5,2024-03-12,2024-04-11,2024-03-12,PO-2024-8736,Legal,S. Kulkarni,email,INR,261060.74,18,46990.93,308051.67,30,3893,0.961,False,none,False,
INV-2026-000330,Quantum Networks Pvt Ltd,25KDSSR3841X1Z8,2026-05-16,2026-07-15,2026-05-16,PO-2026-4689,HR,A. Iyer,edi_feed,INR,29815.3,5,1490.77,31306.07,60,7559,0.909,False,none,False,
INV-2024-000331,Raagam Interiors,15NMNRO6331Y1Z9,2024-01-07,2024-02-21,2024-01-07,PO-2024-4251,Logistics,S. Kulkarni,edi_feed,INR,16230.77,5,811.54,17042.31,45,3427,0.972,False,none,False,
INV-2024-000332,Deccan Electricals,24NJBYD5518E1Z8,2024-05-18,2024-07-02,2024-05-22,PO-2024-1110,Facilities,K. Reddy,email,INR,31592.7,5,1579.63,33172.33,45,8363,0.927,False,none,False,
INV-2024-000333,Zenith Office Furnishings,14ATWXT3071U1Z3,2024-11-04,2024-12-04,2024-11-09,PO-2024-1193,Legal,P. Nair,email,INR,228357.79,18,41104.4,269462.19,30,9730,0.931,False,none,False,
INV-2024-000334,Coastal Cargo Movers,12PRZYJ9513L1Z8,2024-07-14,2024-07-29,2024-07-14,PO-2024-4166,Admin,M. Krishnan,edi_feed,INR,81233.55,12,9748.03,90981.58,15,5054,0.966,False,none,False,
INV-2025-000335,Northgate Print Hub,25ZEXCN8662U1Z6,2025-07-12,2025-08-26,2025-07-17,PO-2025-2575,Finance,A. Iyer,edi_feed,INR,296715.31,28,83080.29,379795.6,45,7711,0.95,False,none,False,
INV-2025-000336,Global Freight Partners,09GLMNK8447Q1Z9,2025-05-15,2025-06-29,2025-05-16,PO-2025-3944,Logistics,A. Iyer,vendor_portal,INR,85043.12,28,23812.07,108855.19,45,9648,0.968,False,none,False,
INV-2026-000337,Lotus Catering Services,21VYUUM3636V1Z1,2026-07-04,2026-09-02,2026-07-08,PO-2026-9548,IT,V. Desai,scanned_mail,INR,440341.32,0,0.0,440341.32,60,0114,0.972,False,none,False,
INV-2024-000338,Meridian Consulting Group,01ILJSJ8185V1Z2,2024-09-18,2024-11-17,2024-09-22,PO-2024-3385,HR,N. Bhatt,edi_feed,INR,246525.28,18,44374.55,290899.83,60,9964,0.918,False,none,False,
INV-2024-000339,Zenith Office Furnishings,15NGFDD4416R1Z5,2024-04-16,2024-05-31,2024-04-16,PO-2024-2019,Logistics,D'Souza,edi_feed,INR,302052.81,28,84574.79,386627.6,45,1967,0.974,False,none,False,
INV-2024-000340,Ganga Freight Services,29XQHMY0599Z1Z9,2024-05-08,2024-06-07,2024-05-10,PO-2024-3176,HR,A. Iyer,vendor_portal,USD,92829.06,0,0.0,92829.06,30,0654,0.989,False,none,False,
INV-2026-000341,Tejas Security Services,05ZRFOR2751T1Z0,2026-03-14,2026-05-13,2026-03-15,PO-2026-6916,Marketing,R. Menon,vendor_portal,INR,254827.13,18,45868.88,300696.01,60,7508,0.911,False,none,False,
INV-2025-000342,Kaveri Industrial Parts,21RXNBF9511B1Z9,2025-11-11,2025-12-26,2025-11-15,PO-2025-6708,Facilities,R. Menon,scanned_mail,INR,411026.31,12,49323.16,460349.47,45,0742,0.947,False,none,False,
INV-2026-000343,Northgate Print Hub,31UTKSI8853M1Z2,2026-06-10,2026-06-25,2026-06-15,PO-2026-2188,Procurement,S. Kulkarni,scanned_mail,INR,393305.83,12,47196.7,440502.53,15,5198,0.992,False,none,False,
INV-2026-000344,Global Freight Partners,32XWSIG8182B1Z2,2026-04-18,2026-05-18,2026-04-18,PO-2026-2730,IT,M. Krishnan,edi_feed,INR,284533.22,5,14226.66,298759.88,30,4178,0.984,False,none,False,
INV-2026-000345,Coastal Cargo Movers,16ZQRTF7829B1Z3,2026-03-20,2026-04-04,2026-03-24,PO-2026-2359,Operations,N. Bhatt,email,INR,341786.49,0,0.0,341786.49,15,0567,0.947,False,none,False,
INV-2025-000346,Everest Packaging Co,02VPZKK6332O1Z6,2025-01-04,2025-02-18,2025-01-05,PO-2025-7710,Logistics,M. Krishnan,email,INR,382829.15,28,107192.16,490021.31,45,0703,0.989,False,none,False,
INV-2025-000347,Global Freight Partners,15SFDRL3142P1Z5,2025-01-09,2025-03-10,2025-01-10,PO-2025-1637,Legal,T. Rao,scanned_mail,INR,301980.24,5,15099.01,317079.25,60,6330,0.981,False,none,False,
INV-2025-000348,Trident Trading Co,00INVALID000,2025-10-13,2025-11-12,2025-10-16,PO-2025-5781,Operations,M. Krishnan,edi_feed,INR,128156.52,28,35883.83,164040.35,30,7126,0.842,False,ghost_vendor,True,Vendor has no prior transaction history; GSTIN fails format check.
INV-2025-000349,Umbra Services LLP,12ABCDE,2025-08-28,2025-09-12,2025-08-31,PO-2025-5074,Procurement,K. Reddy,edi_feed,INR,47659.2,18,8578.66,56237.86,15,3049,0.704,False,ghost_vendor,True,Vendor has no prior transaction history; GSTIN fails format check.
INV-2025-000350,Global Freight Partners,07BTZTT5721S1Z8,2025-10-19,2025-11-18,2025-10-19,PO-2025-5231,Operations,S. Kulkarni,email,INR,314800.47,0,0.0,314800.47,30,7869,0.965,False,none,False,
INV-2024-000351,Chola Office Supplies,29OGZBT8292L1Z4,2024-12-07,2025-01-06,2024-12-11,PO-2024-2812,Operations,P. Nair,vendor_portal,INR,46968.9,5,2348.45,49317.35,30,6113,0.904,False,split_invoice,True,"Amount sits just under the approval threshold, alongside a same-day sibling invoice."
INV-2024-000352,Horizon Facilities Mgmt,36CKOPA2190C1Z6,2024-04-11,2024-05-11,2024-04-13,PO-2024-3479,Procurement,T. Rao,scanned_mail,INR,431426.93,28,120799.54,552226.47,30,2150,0.979,False,none,False,
INV-2024-000353,Meridian Consulting Group,24GINYG9114D1Z1,2024-12-22,2025-01-06,2024-12-25,PO-2024-2025,Operations,T. Rao,email,INR,46076.79,5,2303.84,48380.63,15,5369,0.922,False,split_invoice,True,"Amount sits just under the approval threshold, alongside a same-day sibling invoice."
INV-2025-000354,Udupi Fresh Foods,18BAZEV3639J1Z8,2025-11-28,2025-12-13,2025-12-01,PO-2025-8184,Admin,V. Desai,vendor_portal,USD,441379.45,6,26482.77,467862.22,15,9783,0.912,False,none,False,
INV-2025-000355,Tejas Security Services,37VOKWD9245V1Z4,2025-02-03,2025-03-20,2025-02-03,PO-2025-1863,Legal,S. Kulkarni,scanned_mail,INR,137998.92,18,24839.81,162838.73,45,5809,0.938,False,none,False,
INV-2025-000356,Quantum Networks Pvt Ltd,31XCZBD3982V1Z2,2025-10-12,2025-11-11,2025-10-16,PO-2025-3865,Operations,T. Rao,edi_feed,INR,184279.66,18,33170.34,217450.0,30,3884,0.926,False,none,False,
INV-2026-000357,Bluewave Logistics Pvt Ltd,29ZQGNH1301I1Z9,2026-02-10,2026-04-11,2026-02-11,PO-2026-6311,HR,A. Iyer,edi_feed,USD,167877.39,6,10072.64,177950.03,60,9301,0.979,False,none,False,
INV-2026-000358,Sundaram Motors Spares,30JHCZF2156U1Z6,2026-08-30,2026-09-14,2026-08-31,PO-2026-3268,IT,T. Rao,edi_feed,EUR,174755.25,0,0.0,174755.25,15,1569,0.97,False,none,False,
INV-2024-000359,Raagam Interiors,18AJFXP2728W1Z6,2024-01-28,2024-02-12,2024-01-28,PO-2024-4414,Admin,A. Iyer,edi_feed,INR,249383.77,28,69827.46,319211.23,15,8386,0.971,False,none,False,
INV-2025-000360,Yamuna Water Solutions,25TNDJO9290C1Z0,2025-05-18,2025-06-17,2025-05-18,PO-2025-4516,Logistics,P. Nair,email,INR,25668.68,0,0.0,25668.68,30,6442,0.943,False,none,False,
INV-2026-000361,Raagam Interiors,33PDNYD6786H1Z1,2026-06-18,2026-07-18,2026-06-18,PO-2026-1301,Operations,R. Menon,edi_feed,USD,456952.18,6,27417.13,484369.31,30,8439,0.961,False,none,False,
INV-2026-000362,Raagam Interiors,22LPPGD6059F1Z4,2026-04-03,2026-05-18,2026-04-04,PO-2026-3471,Logistics,N. Bhatt,email,INR,437263.67,12,52471.64,489735.31,45,0650,0.967,False,none,False,
INV-2026-000363,Aravind Steel Traders,32MBDBS9725J1Z8,2026-09-08,2026-11-07,2026-09-09,PO-2026-2117,Admin,V. Desai,email,EUR,46980.18,6,2818.81,49798.99,60,8278,0.971,False,none,False,
INV-2024-000364,Wingspan Travel Corp,20VZUBZ0950M1Z4,2024-05-12,2024-06-11,2024-05-13,PO-2024-5474,Marketing,P. Nair,scanned_mail,INR,399894.9,12,47987.39,447882.29,30,1557,0.917,False,none,False,
INV-2025-000365,Indus Valley Textiles,22NKBUS3154D1Z4,2025-09-02,2025-10-17,2025-09-05,PO-2025-2768,Facilities,K. Reddy,edi_feed,INR,378402.82,12,45408.34,423811.16,45,1121,0.924,False,none,False,
INV-2025-000366,Northgate Print Hub,22SMYUG9255Y1Z5,2025-08-17,2025-09-16,2025-08-17,PO-2025-9005,Logistics,K. Reddy,scanned_mail,INR,375619.89,5,18780.99,394400.88,30,2104,0.981,False,none,False,
INV-2025-000367,Indus Valley Textiles,09OINAP7637V1Z9,2025-10-10,2025-11-09,2025-10-12,PO-2025-4738,Marketing,D'Souza,vendor_portal,INR,428887.78,5,21444.39,450332.17,30,4992,0.971,False,none,False,
INV-2026-000368,Meridian Consulting Group,20RITOM4634C1Z6,2026-09-06,2026-11-05,2026-09-10,PO-2026-5423,Facilities,A. Iyer,scanned_mail,INR,108505.02,18,19530.9,128035.92,60,4927,0.957,False,none,False,
INV-2026-000369,Sundaram Motors Spares,23PYTLN9574I1Z6,2026-09-04,2026-10-19,2026-09-05,PO-2026-1895,Finance,M. Krishnan,email,INR,456975.73,18,82255.63,539231.36,45,9915,0.983,False,none,False,
INV-2025-000370,Siddha Supply Chain,GSTIN-MISSING,2025-05-01,2025-05-31,2025-05-02,PO-2025-8592,Operations,R. Menon,scanned_mail,INR,456503.75,12,54780.45,511284.2,30,4744,0.782,False,ghost_vendor,True,Vendor has no prior transaction history; GSTIN fails format check.
INV-2025-000371,Lotus Catering Services,17KDLUZ9235T1Z0,2025-01-12,2025-03-13,2025-01-13,PO-2025-9592,Marketing,M. Krishnan,edi_feed,INR,95322.9,18,17158.12,112481.02,60,4475,0.956,False,none,False,
INV-2025-000372,Coastal Cargo Movers,02KHMMU6855M1Z2,2025-04-23,2025-06-22,2025-04-27,PO-2025-3573,Facilities,D'Souza,edi_feed,INR,34925.42,18,6286.58,41212.0,60,8242,0.956,False,none,False,
INV-2024-000373,Lotus Catering Services,11BGRVQ9937V1Z6,2024-01-16,2024-03-01,2024-01-18,PO-2024-9417,Facilities,N. Bhatt,vendor_portal,INR,70680.33,0,0.0,70680.33,45,2973,0.907,False,none,False,
INV-2025-000374,Yamuna Water Solutions,07SFCNQ5039E1Z3,2025-10-16,2025-11-30,2025-10-21,PO-2025-7212,HR,N. Bhatt,edi_feed,INR,288860.01,5,14443.0,303303.01,45,2109,0.911,False,none,False,
INV-2025-000375,Udupi Fresh Foods,15HYMGY5739X1Z3,2025-01-02,2025-01-17,2025-01-05,PO-2025-5233,Marketing,K. Reddy,email,INR,7838.64,0,0.0,7838.64,15,4101,0.91,False,none,False,
INV-2025-000376,Udupi Fresh Foods,19UGIKL0348T1Z0,2025-01-21,2025-03-07,2025-01-26,PO-2025-8124,Operations,K. Reddy,vendor_portal,INR,237361.02,0,0.0,237361.02,45,9719,0.935,False,none,False,
INV-2024-000377,Lotus Catering Services,22YQXFS7977F1Z9,2024-10-28,2024-12-12,2024-10-31,PO-2024-8652,Admin,T. Rao,edi_feed,INR,405534.06,18,72996.13,478530.19,45,8818,0.967,False,none,False,
INV-2024-000378,Prakash Stationery Mart,32GHPDF2767A1Z8,2024-03-06,2024-04-20,2024-03-08,PO-2024-7871,Operations,M. Krishnan,email,INR,452542.15,12,54305.06,506847.21,45,9539,0.917,False,none,False,
INV-2026-000379,Orion Cloud Systems,14LXFBO9351H1Z6,2026-02-06,2026-02-21,2026-02-06,PO-2026-5068,Facilities,T. Rao,email,INR,51331.56,5,2566.58,53898.14,15,7484,0.984,False,none,False,
INV-2024-000380,Global Freight Partners,03OHRWO0402C1Z1,2024-12-27,2025-02-10,2024-12-27,PO-2024-3675,Facilities,N. Bhatt,scanned_mail,INR,232520.55,12,27902.47,260423.02,45,4989,0.968,False,none,False,
INV-2025-000381,Jyothi Print & Design,30ITQER9483A1Z5,2025-07-15,2025-08-14,2025-07-16,PO-2025-5576,Procurement,S. Kulkarni,vendor_portal,INR,402292.56,12,48275.11,450567.67,30,4006,0.964,False,none,False,
INV-2024-000382,Nandi Hardware Co,12GZAPR2354K1Z1,2024-12-29,2025-02-27,2024-12-29,PO-2024-2700,Finance,M. Krishnan,vendor_portal,INR,458046.01,18,82448.28,540494.29,60,9124,0.988,False,none,False,
INV-2025-000383,Deccan Electricals,18BIIQA2158K1Z2,2025-06-22,2025-08-06,2025-06-22,PO-2025-4058,Admin,M. Krishnan,edi_feed,EUR,182664.09,10,18266.41,200930.5,45,6071,0.908,False,none,False,
INV-2024-000384,Yamuna Water Solutions,03CZHBV0195O1Z9,2024-09-12,2024-10-12,2024-09-15,PO-2024-3950,Facilities,S. Kulkarni,scanned_mail,INR,100000.0,0,0.0,100000.0,30,9380,0.947,False,round_number_amount,True,Total is an unusually round figure for this line of business.
INV-2024-000385,Global Freight Partners,18ZAXMY2361T1Z3,2024-03-29,2024-04-28,2024-03-30,PO-2024-4209,Operations,R. Menon,email,INR,406459.45,28,113808.65,520268.1,30,8709,0.931,False,none,False,
INV-2024-000386,Meridian Consulting Group,35FAMQA0772V1Z2,2024-06-24,2024-07-24,2024-06-29,PO-2024-8718,Finance,K. Reddy,edi_feed,INR,372458.27,18,67042.49,439500.76,30,1708,0.91,False,weekend_submission,True,Submitted outside business hours/days with no prior pattern for this vendor.
INV-2026-000387,Zenith Office Furnishings,01ZHSRW4821Q1Z9,2026-08-07,2026-09-06,2026-08-12,PO-2026-2844,Legal,V. Desai,edi_feed,INR,399265.25,28,111794.27,511059.52,30,2321,0.912,False,none,False,
INV-2024-000388,Northgate Print Hub,37QWPEX9603K1Z0,2024-02-09,2024-03-10,2024-02-11,PO-2024-2495,Operations,V. Desai,edi_feed,INR,72907.85,0,0.0,72907.85,30,6373,0.915,False,none,False,
INV-2024-000389,Indus Valley Textiles,19DBPCO1590V1Z3,2024-12-30,2025-01-14,2025-01-03,PO-2024-4901,Facilities,R. Menon,vendor_portal,INR,118536.73,0,0.0,118536.73,15,8794,0.975,False,none,False,
INV-2024-000390,Coastal Cargo Movers,18IJMEZ9188O1Z6,2024-08-06,2024-08-21,2024-08-06,PO-2024-9749,HR,T. Rao,edi_feed,INR,296281.37,28,82958.78,379240.15,15,5863,0.918,False,none,False,
INV-2024-000391,Raagam Interiors,06YHBNJ5093K1Z9,2024-10-06,2024-12-05,2024-10-07,PO-2024-9645,Operations,A. Iyer,edi_feed,INR,314165.12,5,15708.26,329873.38,60,9669,0.902,False,none,False,
INV-2025-000392,Indus Valley Textiles,11HWJPJ8232U1Z0,2025-08-26,2025-10-25,2025-08-28,PO-2025-8254,Operations,P. Nair,vendor_portal,EUR,192909.69,8,15432.78,208342.47,60,0403,0.943,False,none,False,
INV-2026-000393,Prakash Stationery Mart,37QYMKZ7178D1Z2,2026-02-17,2026-03-04,2026-02-19,PO-2026-9208,Finance,N. Bhatt,scanned_mail,INR,265542.86,12,31865.14,321769.67,15,1720,0.93,False,altered_total,True,Total does not reconcile with subtotal + tax.
INV-2025-000394,Ganga Freight Services,12LBAST8470V1Z5,2025-02-16,2025-03-03,2025-02-16,PO-2025-4583,Marketing,R. Menon,scanned_mail,INR,100330.74,18,18059.53,118390.27,15,2543,0.901,False,none,False,
INV-2026-000395,Udupi Fresh Foods,07PWYVF6369G1Z7,2026-03-20,2026-05-04,2026-03-23,PO-2026-2749,Facilities,N. Bhatt,edi_feed,INR,293716.65,12,35246.0,328962.65,45,6019,0.987,False,none,False,
INV-2026-000396,Horizon Facilities Mgmt,32SKNJV7658F1Z2,2026-01-03,2026-02-02,2026-01-08,PO-2026-3334,HR,A. Iyer,vendor_portal,INR,92505.99,28,25901.68,118407.67,30,6326,0.952,False,none,False,
INV-2024-000397,Global Freight Partners,08XBUUJ4883B1Z5,2024-04-02,2024-04-17,2024-04-06,PO-2023-5809,HR,D'Souza,email,USD,105550.11,10,10555.01,116105.12,15,8453,0.933,False,mismatched_po,True,PO number does not correspond to an open purchase order.
INV-2026-000398,Bright Path Cleaning Services,35WWZAQ7216R1Z2,2026-06-18,2026-07-18,2026-06-18,PO-2026-3870,Finance,D'Souza,scanned_mail,INR,296324.83,12,35558.98,331883.81,30,9435,0.992,True,duplicate_invoice,True,Same vendor/amount seen on a prior invoice within 10 days.
INV-2025-000399,Coastal Cargo Movers,13CYAFA3071Z1Z6,2025-09-23,2025-10-08,2025-09-24,PO-2025-5172,IT,D'Souza,edi_feed,INR,37117.68,12,4454.12,41571.8,15,7372,0.958,False,none,False,
INV-2026-000400,Wingspan Travel Corp,15DPBOS0638I1Z5,2026-01-06,2026-01-21,2026-01-10,PO-2026-1162,Operations,K. Reddy,email,INR,408941.12,28,114503.51,523444.63,15,9225,0.911,False,none,False,
INV-2025-000401,Vishwa Engineering Works,31WVNYQ4662Y1Z9,2025-10-25,2025-12-24,2025-10-28,PO-2025-5024,Admin,P. Nair,vendor_portal,EUR,158172.55,10,15817.25,173989.8,60,1817,0.951,False,none,False,
INV-2025-000402,Horizon Facilities Mgmt,10DFYKH1365O1Z1,2025-03-14,2025-04-28,2025-03-19,PO-2025-6238,Finance,P. Nair,email,INR,403181.97,5,20159.1,423341.07,45,2679,0.94,False,none,False,
INV-2026-000403,Bluewave Logistics Pvt Ltd,15SOVQC8220E1Z5,2026-04-09,2026-04-24,2026-04-10,PO-2026-7940,Procurement,A. Iyer,scanned_mail,EUR,23253.8,10,2325.38,25579.18,15,6984,0.953,False,none,False,
INV-2025-000404,Everest Packaging Co,34ADKCB8760V1Z8,2025-01-12,2025-03-13,2025-01-14,PO-2025-3894,Admin,K. Reddy,edi_feed,USD,281716.25,10,28171.62,309887.87,60,9027,0.956,False,none,False,
INV-2026-000405,Orion Cloud Systems,32UIFEV2649K1Z5,2026-08-03,2026-08-18,2026-08-08,PO-2026-9613,Legal,A. Iyer,scanned_mail,USD,185825.24,8,14866.02,200691.26,15,1366,0.975,False,none,False,
INV-2024-000406,Global Freight Partners,33KCLUF3518Y1Z9,2024-05-31,2024-07-30,2024-06-01,PO-2024-1509,Facilities,T. Rao,edi_feed,EUR,412380.51,10,41238.05,453618.56,60,4242,0.922,False,none,False,
INV-2024-000407,Nandi Hardware Co,35HWYMF8566U1Z5,2024-06-23,2024-07-23,2024-06-23,PO-2024-1352,Finance,A. Iyer,edi_feed,INR,114962.78,28,32189.58,147152.36,30,0605,0.989,False,none,False,
INV-2024-000408,Ganga Freight Services,33XBFCS3252H1Z4,2024-09-20,2024-10-05,2024-09-20,PO-2024-5115,Operations,A. Iyer,edi_feed,INR,303809.66,12,36457.16,340266.82,15,3713,0.98,False,none,False,
INV-2024-000409,Raagam Interiors,36QZGGP8470A1Z4,2024-03-09,2024-05-08,2024-03-13,PO-2024-6974,IT,A. Iyer,edi_feed,INR,190854.94,0,0.0,190854.94,60,0392,0.96,False,none,False,
INV-2026-000410,Vishwa Engineering Works,16PPIOL6200K1Z5,2026-05-27,2026-07-26,2026-06-01,PO-2026-1305,Marketing,D'Souza,edi_feed,INR,183085.82,5,9154.29,192240.11,60,7857,0.925,False,none,False,
INV-2025-000411,Bluewave Logistics Pvt Ltd,04MTKRI6488W1Z4,2025-10-11,2025-12-10,2025-10-11,PO-2025-3897,Logistics,R. Menon,vendor_portal,INR,22714.85,5,1135.74,23850.59,60,7835,0.905,False,none,False,
INV-2024-000412,Raagam Interiors,21HXBIU4105K1Z5,2024-04-29,2024-06-13,2024-04-29,PO-2023-9778,Marketing,R. Menon,email,INR,269688.86,12,32362.66,302051.52,45,5756,0.96,False,mismatched_po,True,PO number does not correspond to an open purchase order.
INV-2025-000413,Jyothi Print & Design,12LVXIA4017Q1Z0,2025-07-28,2025-09-11,2025-08-01,PO-2025-7498,Admin,T. Rao,edi_feed,INR,256398.62,12,30767.83,287166.45,45,1941,0.931,False,none,False,
INV-2025-000414,Deccan Electricals,06OQHWB0453W1Z9,2025-04-15,2025-05-15,2025-04-19,PO-2025-1723,Marketing,A. Iyer,scanned_mail,INR,109633.22,0,0.0,109633.22,30,5355,0.975,False,none,False,
INV-2025-000415,Orion Cloud Systems,27UVPAT8131F1Z4,2025-05-17,2025-07-01,2025-05-19,PO-2025-5449,Marketing,T. Rao,scanned_mail,EUR,330936.33,0,0.0,330936.33,45,3763,0.985,False,none,False,
INV-2026-000416,Ganga Freight Services,01XHVMX7588P1Z8,2026-06-12,2026-06-27,2026-06-13,PO-2026-9535,Marketing,N. Bhatt,scanned_mail,USD,32332.84,0,0.0,32332.84,15,1565,0.991,False,none,False,
INV-2025-000417,Deccan Electricals,08BPZQN8392S1Z4,2025-11-22,2025-12-07,2025-11-22,PO-2025-4545,Procurement,D'Souza,edi_feed,EUR,159619.11,8,12769.53,172388.64,15,7539,0.905,False,none,False,
INV-2024-000418,Umbra Services LLP,GSTIN-MISSING,2024-05-07,2024-06-21,2024-05-12,PO-2024-7829,Legal,T. Rao,scanned_mail,USD,172790.23,8,13823.22,186613.45,45,0049,0.828,False,ghost_vendor,True,Vendor has no prior transaction history; GSTIN fails format check.
INV-2024-000419,Nandi Hardware Co,15FEPXJ5995D1Z6,2024-10-19,2024-11-18,2024-10-21,PO-2025-1699,Legal,N. Bhatt,scanned_mail,INR,428053.99,0,0.0,428053.99,30,4777,0.901,True,duplicate_invoice,True,Same vendor/amount seen on a prior invoice within 10 days.
INV-2024-000420,Lotus Catering Services,04VZMFM7478C1Z0,2024-03-25,2024-04-09,2024-03-25,PO-2024-2761,Logistics,R. Menon,edi_feed,INR,434899.62,12,52187.95,487087.57,15,0168,0.926,False,none,False,
INV-2025-000421,Horizon Facilities Mgmt,32OXVPG0303Z1Z3,2025-03-22,2025-05-06,2025-03-24,PO-2025-8455,Procurement,R. Menon,scanned_mail,INR,346773.2,18,62419.18,409192.38,45,5528,0.935,False,none,False,
INV-2025-000422,Lotus Catering Services,13PXUUT9984K1Z6,2025-12-05,2026-01-19,2025-12-05,PO-2025-7175,Marketing,R. Menon,email,INR,241920.07,5,12096.0,254016.07,45,7430,0.95,False,none,False,
INV-2026-000423,Nandi Hardware Co,35HMOMX9948B1Z8,2026-02-20,2026-04-06,2026-02-25,PO-2026-7091,Procurement,S. Kulkarni,email,INR,134335.02,12,16120.2,150455.22,45,9456,0.982,False,none,False,
INV-2026-000424,Deccan Electricals,37AZJYZ3814U1Z9,2026-06-23,2026-08-22,2026-06-28,PO-2026-4037,IT,N. Bhatt,email,INR,466135.17,12,55936.22,522071.39,60,4809,0.954,False,none,False,
INV-2025-000425,Horizon Facilities Mgmt,05IACLX3758X1Z3,2025-01-22,2025-02-06,2025-01-23,PO-2025-1924,Finance,T. Rao,vendor_portal,USD,238545.37,10,23854.54,262399.91,15,3661,0.937,False,none,False,
INV-2025-000426,Everest Packaging Co,13JIYKM8448I1Z2,2025-04-11,2025-06-10,2025-04-11,PO-2025-8694,Logistics,S. Kulkarni,scanned_mail,INR,392915.32,0,0.0,392915.32,60,1383,0.918,False,none,False,
INV-2024-000427,Falcon IT Solutions,27OPTMN6068I1Z0,2024-07-16,2024-07-31,2024-07-17,PO-2024-5148,Procurement,S. Kulkarni,scanned_mail,EUR,421387.0,6,25283.22,446670.22,15,9830,0.942,False,none,False,
INV-2025-000428,Meridian Consulting Group,32XUMMG7850A1Z9,2025-04-14,2025-04-29,2025-04-17,PO-2025-1826,Facilities,R. Menon,email,USD,290308.97,0,0.0,290308.97,15,1083,0.919,False,none,False,
INV-2025-000429,Vishwa Engineering Works,36LQNZY5249W1Z2,2025-05-28,2025-07-12,2025-05-29,PO-2025-5325,Legal,R. Menon,scanned_mail,INR,45981.64,12,5517.8,51499.44,45,3268,0.921,False,none,False,
INV-2025-000430,Wingspan Travel Corp,20QVZLV5863O1Z5,2025-03-16,2025-04-15,2025-03-18,PO-2025-6004,Finance,V. Desai,vendor_portal,EUR,287648.08,6,17258.88,304906.96,30,3379,0.949,False,none,False,
INV-2025-000431,Lotus Catering Services,05QOXJI6992A1Z5,2025-10-21,2025-11-05,2025-10-23,PO-2025-8074,Admin,D'Souza,edi_feed,USD,442003.32,8,35360.27,477363.59,15,2284,0.95,False,none,False,
INV-2024-000432,Falcon IT Solutions,05ANOYU3793J1Z3,2024-01-13,2024-02-12,2024-01-18,PO-2024-2327,Logistics,T. Rao,edi_feed,INR,151204.49,18,27216.81,178421.3,30,5309,0.922,False,none,False,
INV-2024-000433,Bluewave Logistics Pvt Ltd,06DHTLP8504R1Z1,2024-03-03,2024-04-17,2024-03-05,PO-2024-1335,Operations,M. Krishnan,email,INR,107376.4,0,0.0,107376.4,45,9215,0.915,False,none,False,
INV-2026-000434,Tejas Security Services,22PYRNM8594P1Z3,2026-01-03,2026-03-04,2026-01-07,PO-2026-1732,Operations,R. Menon,email,USD,260899.63,10,26089.96,286989.59,60,6049,0.979,False,none,False,
INV-2024-000435,Chola Office Supplies,08PQZCF5941C1Z6,2024-03-27,2024-04-11,2024-03-30,PO-2024-2986,IT,P. Nair,email,INR,368236.48,5,18411.82,386648.3,15,3566,0.901,False,none,False,
INV-2025-000436,Wingspan Travel Corp,17KUGWG8712K1Z4,2025-07-11,2025-08-10,2025-07-12,PO-2025-7778,Admin,S. Kulkarni,email,INR,401129.0,5,20056.45,421185.45,30,5517,0.969,False,none,False,
INV-2025-000437,Horizon Facilities Mgmt,08OXDVC6688J1Z9,2025-05-31,2025-07-30,2025-06-04,PO-2025-8451,Finance,A. Iyer,email,INR,431305.42,0,0.0,431305.42,60,9487,0.916,False,none,False,
INV-2024-000438,Global Freight Partners,23KMDLS0751Y1Z5,2024-12-22,2025-02-20,2024-12-22,PO-2024-5608,Finance,A. Iyer,scanned_mail,INR,373153.22,5,18657.66,391810.88,60,7106,0.921,False,none,False,
INV-2026-000439,Bluewave Logistics Pvt Ltd,27XXVYM4702W1Z7,2026-02-26,2026-04-12,2026-02-26,PO-2026-4417,Marketing,K. Reddy,email,INR,197411.76,28,55275.29,252687.05,45,9336,0.976,False,none,False,
INV-2025-000440,Global Freight Partners,36ISXAY8998I1Z0,2025-03-26,2025-05-10,2025-03-29,PO-2025-7810,IT,K. Reddy,vendor_portal,INR,262230.58,28,73424.56,335655.14,45,1146,0.976,False,none,False,
INV-2024-000441,Aravind Steel Traders,10UBESU0155X1Z4,2024-05-26,2024-07-25,2024-05-31,PO-2024-9762,Marketing,P. Nair,vendor_portal,INR,134601.5,12,16152.18,150753.68,60,3779,0.978,False,none,False,
INV-2024-000442,Yamuna Water Solutions,14XCVXY7745L1Z2,2024-07-31,2024-08-30,2024-08-03,PO-2024-8029,IT,S. Kulkarni,edi_feed,INR,199191.91,0,0.0,199191.91,30,7290,0.917,False,none,False,
INV-2025-000443,Horizon Facilities Mgmt,22XJGPK3924C1Z4,2025-06-27,2025-08-26,2025-07-01,PO-2025-7579,Facilities,R. Menon,vendor_portal,USD,341263.3,6,20475.8,361739.1,60,6631,0.972,False,none,False,
INV-2026-000444,Kaveri Industrial Parts,22AJIXH3568D1Z6,2026-06-03,2026-07-03,2026-06-04,PO-2026-6073,Admin,P. Nair,edi_feed,INR,47698.44,5,2384.92,50083.36,30,8835,0.952,False,none,False,
INV-2026-000445,Lotus Catering Services,02WFXJH5146J1Z6,2026-02-16,2026-03-18,2026-02-16,PO-2025-8500,IT,R. Menon,scanned_mail,INR,208741.27,12,25048.95,233790.22,30,9374,0.942,True,duplicate_invoice,True,Same vendor/amount seen on a prior invoice within 10 days.
INV-2025-000446,Lotus Catering Services,07VHQLN8868C1Z2,2025-12-07,2026-02-05,2025-12-10,PO-2025-4031,IT,N. Bhatt,vendor_portal,INR,51608.47,28,14450.37,66058.84,60,1856,0.976,False,none,False,
INV-2024-000447,Horizon Facilities Mgmt,10YNWRV7276C1Z0,2024-07-13,2024-08-12,2024-07-17,PO-2024-1048,Logistics,N. Bhatt,vendor_portal,INR,193498.49,0,0.0,193498.49,30,0532,0.975,False,none,False,
INV-2024-000448,Prakash Stationery Mart,04SFEIP9882F1Z5,2024-05-29,2024-07-13,2024-06-02,PO-2024-6292,HR,R. Menon,scanned_mail,INR,58810.94,28,16467.06,75278.0,45,5907,0.987,False,none,False,
INV-2024-000449,Udupi Fresh Foods,07SEPUA9671R1Z7,2024-11-23,2024-12-08,2024-11-26,PO-2024-7782,Marketing,K. Reddy,scanned_mail,INR,220792.02,0,0.0,220792.02,15,8210,0.916,False,none,False,
INV-2025-000450,Lotus Catering Services,03OCEDC1117A1Z6,2025-04-20,2025-05-20,2025-04-23,PO-2025-4558,Admin,K. Reddy,scanned_mail,INR,274304.67,28,76805.31,351109.98,30,5097,0.971,False,none,False,
INV-2024-000451,Lotus Catering Services,24CPIOY8897H1Z7,2024-08-16,2024-09-15,2024-08-20,PO-2024-6489,Procurement,D'Souza,email,INR,431523.5,18,77674.23,509197.73,30,4070,0.936,False,none,False,
INV-2026-000452,Coastal Cargo Movers,29ZQJFY5661M1Z4,2026-07-06,2026-08-20,2026-07-09,PO-2026-1298,Marketing,R. Menon,edi_feed,INR,170032.99,18,30605.94,200638.93,45,9741,0.904,False,none,False,
INV-2026-000453,Nandi Hardware Co,04QWZKD5971A1Z7,2026-01-06,2026-01-21,2026-01-07,PO-2026-9528,Operations,M. Krishnan,vendor_portal,INR,223070.68,0,0.0,223070.68,15,2227,0.957,False,none,False,
INV-2026-000454,Horizon Facilities Mgmt,21RHPXQ4517E1Z9,2026-06-01,2026-07-31,2026-06-02,PO-2026-5175,Procurement,M. Krishnan,email,INR,53865.95,0,0.0,53865.95,60,4709,0.973,False,none,False,
INV-2025-000455,Aravind Steel Traders,23QKHGA9033J1Z7,2025-07-29,2025-08-13,2025-07-30,PO-2025-9702,Admin,M. Krishnan,edi_feed,INR,80326.39,5,4016.32,84342.71,15,6721,0.937,False,none,False,
INV-2025-000456,Indus Valley Textiles,11MDGTJ6525A1Z3,2025-06-27,2025-07-12,2025-07-01,PO-2025-6500,Facilities,S. Kulkarni,email,INR,60517.44,5,3025.87,63543.31,15,7028,0.906,False,none,False,
INV-2025-000457,Lotus Catering Services,11IPZLW4409C1Z0,2025-12-10,2026-01-09,2025-12-12,PO-2024-6705,Legal,V. Desai,email,INR,51608.47,28,14450.37,66058.84,30,2926,0.925,True,duplicate_invoice,True,Same vendor/amount seen on a prior invoice within 10 days.
INV-2025-000458,Orion Cloud Systems,02OAACK1450Z1Z8,2025-01-26,2025-03-27,2025-01-30,PO-2025-4652,IT,D'Souza,edi_feed,INR,472044.07,28,132172.34,604216.41,60,2293,0.975,False,none,False,
INV-2024-000459,Northgate Print Hub,16FOBRH0848T1Z1,2024-07-06,2024-09-04,2024-07-11,PO-2024-9057,HR,V. Desai,scanned_mail,INR,23563.1,28,6597.67,30160.77,60,5996,0.973,False,none,False,
INV-2026-000460,Orion Cloud Systems,20SXOYQ1388G1Z7,2026-05-10,2026-06-09,2026-05-14,PO-2026-5586,Marketing,M. Krishnan,scanned_mail,INR,287847.25,28,80597.23,368444.48,30,6464,0.919,False,none,False,
INV-2025-000461,Ganga Freight Services,04ZAHPU3226C1Z3,2025-07-13,2025-09-11,2025-07-17,PO-2025-2474,Legal,K. Reddy,email,INR,24997.89,0,0.0,24997.89,60,1937,0.967,False,none,False,
INV-2024-000462,Meridian Consulting Group,10BTGTL8347D1Z4,2024-05-18,2024-07-02,2024-05-20,PO-2024-7327,Marketing,S. Kulkarni,email,INR,156885.22,18,28239.34,185124.56,45,5403,0.973,False,none,False,
INV-2025-000463,Chola Office Supplies,12NBWQF4376Y1Z8,2025-05-15,2025-07-14,2025-05-16,PO-2025-3790,Procurement,S. Kulkarni,edi_feed,INR,415782.05,18,74840.77,490622.82,60,4082,0.98,False,none,False,
INV-2026-000464,Meridian Consulting Group,21OQAJU0166A1Z7,2026-05-02,2026-07-01,2026-05-07,PO-2026-3221,Admin,S. Kulkarni,edi_feed,INR,434902.6,28,121772.73,616432.74,60,5852,0.916,False,altered_total,True,Total does not reconcile with subtotal + tax.
INV-2024-000465,Northgate Print Hub,19OQGWO0871P1Z1,2024-01-23,2024-03-23,2024-01-24,PO-2024-8209,Legal,A. Iyer,vendor_portal,INR,27004.1,18,4860.74,31864.84,60,4992,0.94,False,none,False,
INV-2026-000466,Tejas Security Services,34ECGFH5131W1Z9,2026-04-18,2026-06-02,2026-04-23,PO-2026-8643,IT,T. Rao,email,INR,52384.48,5,2619.22,55003.7,45,3384,0.925,False,none,False,
INV-2025-000467,Zenith Office Furnishings,08RLYEY3672J1Z8,2025-05-11,2025-05-26,2025-05-12,PO-2025-3833,Finance,T. Rao,email,INR,256207.43,18,46117.34,302324.77,15,9700,0.962,False,none,False,
INV-2025-000468,Lotus Catering Services,06NEAHZ6155M1Z1,2025-04-10,2025-06-09,2025-04-12,PO-2025-6289,Finance,K. Reddy,email,INR,401023.93,12,48122.87,449146.8,60,1128,0.923,False,none,False,
INV-2024-000469,Indus Valley Textiles,23VYGWM6437A1Z8,2024-12-16,2025-01-15,2024-12-16,PO-2024-7725,Procurement,K. Reddy,scanned_mail,INR,254617.2,28,71292.82,325910.02,30,1719,0.967,False,none,False,
INV-2024-000470,Jyothi Print & Design,17YIKUJ0706W1Z1,2024-12-23,2025-02-06,2024-12-25,PO-2024-4490,Marketing,S. Kulkarni,vendor_portal,INR,23152.44,28,6482.68,29635.12,45,9999,0.968,False,none,False,
INV-2024-000471,Horizon Facilities Mgmt,24TKIFG3343T1Z4,2024-09-11,2024-10-11,2024-09-15,PO-2024-7344,Marketing,P. Nair,edi_feed,INR,450118.88,0,0.0,450118.88,30,6315,0.956,False,none,False,
INV-2024-000472,Falcon IT Solutions,37VHKFJ7362B1Z0,2024-12-07,2025-01-21,2024-12-12,PO-2024-5128,Procurement,S. Kulkarni,email,INR,215866.44,28,60442.6,276309.04,45,1035,0.935,False,none,False,
INV-2026-000473,Kaveri Industrial Parts,01EVQRZ8234P1Z1,2026-04-10,2026-05-10,2026-04-15,PO-2026-1828,IT,S. Kulkarni,vendor_portal,INR,85892.59,18,15460.67,101353.26,30,8822,0.938,False,none,False,
INV-2026-000474,Apex Manpower Agency,36IIFHI9686E1Z5,2026-04-18,2026-06-17,2026-04-20,PO-2026-9450,Finance,S. Kulkarni,scanned_mail,INR,47619.05,5,2380.95,50000.0,60,8582,0.94,False,round_number_amount,True,Total is an unusually round figure for this line of business.
INV-2025-000475,Kaveri Industrial Parts,34EIBNL6756B1Z6,2025-10-31,2025-11-15,2025-11-02,PO-2025-7525,Admin,D'Souza,email,INR,8919.87,0,0.0,8919.87,15,0896,0.942,False,none,False,
INV-2024-000476,Everest Packaging Co,12RYNUM2449F1Z9,2024-03-06,2024-04-05,2024-03-08,PO-2024-2478,Admin,V. Desai,edi_feed,INR,298904.28,5,14945.21,313849.49,30,8422,0.931,False,none,False,
INV-2024-000477,Lotus Catering Services,28QNFAK7211W1Z3,2024-08-02,2024-09-01,2024-08-07,PO-2024-6412,Finance,T. Rao,vendor_portal,INR,298068.35,28,83459.14,381527.49,30,3029,0.935,False,none,False,
INV-2026-000478,Coastal Cargo Movers,30UEQEG7083B1Z6,2026-09-08,2026-11-07,2026-09-10,PO-2026-1340,Procurement,T. Rao,scanned_mail,INR,432533.63,18,77856.05,510389.68,60,3770,0.991,False,none,False,
INV-2026-000479,Deccan Electricals,37SPESI6838V1Z9,2026-01-22,2026-02-21,2026-01-26,PO-2026-3867,Admin,T. Rao,email,INR,134352.48,5,6717.62,141070.1,30,6128,0.932,False,none,False,
INV-2025-000480,Aravind Steel Traders,11WRKXS5726U1Z7,2025-03-27,2025-05-26,2025-04-01,PO-2025-1075,HR,N. Bhatt,email,INR,15814.73,28,4428.12,20242.85,60,1852,0.934,False,none,False,
INV-2024-000481,Nandi Hardware Co,22TXYIA9690H1Z2,2024-07-10,2024-07-25,2024-07-15,PO-2024-3731,Legal,P. Nair,scanned_mail,INR,99875.08,0,0.0,99875.08,15,9198,0.947,False,none,False,
INV-2024-000482,Apex Manpower Agency,25ZWSFT3630C1Z8,2024-09-03,2024-09-18,2024-09-04,PO-2024-3760,Finance,K. Reddy,vendor_portal,USD,421285.64,10,42128.56,463414.2,15,0627,0.965,False,none,False,
INV-2024-000483,Coastal Cargo Movers,10ZEUCA5941E1Z0,2024-01-02,2024-01-17,2024-01-05,PO-2024-5688,IT,V. Desai,edi_feed,INR,277190.42,12,33262.85,310453.27,15,8744,0.977,False,none,False,
INV-2025-000484,Kaveri Industrial Parts,31JULKV3428R1Z3,2025-07-25,2025-08-09,2025-07-28,PO-2025-4974,Finance,T. Rao,scanned_mail,INR,215765.51,28,60414.34,276179.85,15,6454,0.927,False,none,False,
INV-2026-000485,Deccan Electricals,28EARIW6924Q1Z8,2026-08-02,2026-09-01,2026-08-06,PO-2026-7939,Procurement,K. Reddy,scanned_mail,INR,58899.22,18,10601.86,69501.08,30,9890,0.993,False,none,False,
INV-2024-000486,Raagam Interiors,19QQHSD1813C1Z2,2024-05-09,2024-06-23,2024-05-09,PO-2024-9656,Admin,S. Kulkarni,vendor_portal,INR,218997.17,5,10949.86,229947.03,45,9096,0.961,False,none,False,
INV-2026-000487,Global Freight Partners,22ZMFHH0093Q1Z2,2026-05-30,2026-07-14,2026-05-30,PO-2026-9198,Finance,S. Kulkarni,scanned_mail,INR,413571.87,12,49628.62,463200.49,45,1220,0.911,False,none,False,
INV-2025-000488,Deccan Electricals,18EWILW2899K1Z9,2025-10-23,2025-11-22,2025-10-28,PO-2025-5822,Marketing,D'Souza,vendor_portal,INR,396005.25,18,71280.95,467286.2,30,4089,0.972,False,none,False,
INV-2025-000489,Prakash Stationery Mart,34AKYPN9110N1Z4,2025-10-31,2025-12-15,2025-11-05,PO-2025-5289,Operations,N. Bhatt,scanned_mail,INR,56688.42,5,2834.42,59522.84,45,9133,0.95,False,none,False,
INV-2025-000490,Northgate Print Hub,22WQUBJ2558S1Z9,2025-06-10,2025-07-25,2025-06-13,PO-2025-9208,Procurement,A. Iyer,scanned_mail,INR,122521.76,28,34306.09,156827.85,45,6138,0.905,False,none,False,
INV-2024-000491,Udupi Fresh Foods,26DCBIL5055Z1Z8,2024-01-17,2024-02-16,2024-01-17,PO-2024-2326,Procurement,A. Iyer,edi_feed,INR,347173.64,0,0.0,347173.64,30,8647,0.923,False,none,False,
INV-2024-000492,Quantum Networks Pvt Ltd,12ILMET9979Z1Z8,2024-09-23,2024-11-07,2024-09-23,PO-2024-5367,Procurement,V. Desai,vendor_portal,INR,278815.69,12,33457.88,312273.57,45,9919,0.991,False,none,False,
INV-2026-000493,Northgate Print Hub,20SQQYK9855E1Z5,2026-06-23,2026-07-08,2026-06-27,PO-2026-8544,Admin,R. Menon,scanned_mail,INR,302489.77,5,15124.49,317614.26,15,5175,0.979,False,none,False,
INV-2024-000494,Meridian Consulting Group,09TNTUZ1380N1Z9,2024-11-21,2024-12-21,2024-11-24,PO-2024-2918,IT,T. Rao,vendor_portal,USD,471534.07,6,28292.04,499826.11,30,2829,0.91,False,none,False,
INV-2024-000495,Deccan Electricals,17WLJGS2252S1Z9,2024-07-26,2024-09-09,2024-07-29,PO-2024-5855,Legal,V. Desai,vendor_portal,INR,314414.44,28,88036.04,402450.48,45,1673,0.939,False,none,False,
INV-2024-000496,Lotus Catering Services,34PZJOX0712N1Z9,2024-09-02,2024-10-17,2024-09-07,PO-2024-1524,Procurement,P. Nair,email,INR,142298.94,5,7114.95,149413.89,45,7291,0.91,False,none,False,
INV-2024-000497,Tejas Security Services,20NHMWL0510B1Z7,2024-12-29,2025-02-12,2025-01-02,PO-2024-1050,Facilities,K. Reddy,vendor_portal,INR,162440.68,5,8122.03,170562.71,45,6340,0.906,False,none,False,
INV-2024-000498,Aravind Steel Traders,17HAOTO7771W1Z5,2024-01-07,2024-03-07,2024-01-12,PO-2024-4481,IT,R. Menon,email,INR,456288.2,12,54754.58,511042.78,60,2252,0.986,False,none,False,
INV-2026-000499,Global Freight Partners,10UHPZQ7887N1Z1,2026-01-11,2026-01-26,2026-01-13,PO-2026-7571,Logistics,P. Nair,edi_feed,INR,170874.94,18,30757.49,201632.43,15,2971,0.929,False,none,False,
INV-2026-000500,Udupi Fresh Foods,10MGBMW5164U1Z4,2026-03-14,2026-05-13,2026-03-19,PO-2026-1243,IT,K. Reddy,email,INR,437252.97,0,0.0,437252.97,60,5958,0.946,False,none,False,
INV-2026-000501,Bright Path Cleaning Services,29LQYOL9205R1Z8,2026-05-14,2026-06-28,2026-05-18,PO-2026-6010,Marketing,T. Rao,vendor_portal,INR,300148.69,18,54026.76,354175.45,45,4160,0.924,False,none,False,
INV-2025-000502,Deccan Electricals,28UPKCC5414R1Z0,2025-07-01,2025-07-16,2025-07-02,PO-2025-2473,Logistics,K. Reddy,vendor_portal,INR,164620.87,12,19754.5,184375.37,15,6218,0.903,False,none,False,
INV-2025-000503,Yamuna Water Solutions,32UNEJL2234E1Z4,2025-11-06,2025-12-06,2025-11-07,PO-2025-6153,Admin,A. Iyer,vendor_portal,INR,475391.64,0,0.0,475391.64,30,7646,0.924,False,none,False,
INV-2024-000504,Kaveri Industrial Parts,30NAKKI2146W1Z4,2024-04-27,2024-06-11,2024-04-30,PO-2024-5588,HR,N. Bhatt,edi_feed,INR,448293.13,28,125522.08,573815.21,45,6434,0.991,False,none,False,
INV-2025-000505,Lotus Catering Services,26EKDBF9546Q1Z4,2025-05-27,2025-07-26,2025-06-01,PO-2025-8737,Legal,D'Souza,vendor_portal,INR,336256.91,12,40350.83,376607.74,60,1713,0.901,False,none,False,
INV-2025-000506,Aravind Steel Traders,05OPZYD1443Y1Z4,2025-04-08,2025-05-23,2025-04-11,PO-2025-9657,IT,P. Nair,email,USD,332145.97,8,26571.68,358717.65,45,1734,0.933,False,none,False,
INV-2024-000507,Meridian Consulting Group,22BGFYN7600Y1Z4,2024-12-14,2025-02-12,2024-12-15,PO-2024-4876,Logistics,D'Souza,edi_feed,INR,183659.36,0,0.0,183659.36,60,2445,0.918,False,none,False,
INV-2025-000508,Lotus Catering Services,28CSKXJ8921O1Z7,2025-06-04,2025-06-19,2025-06-05,PO-2025-2030,HR,V. Desai,scanned_mail,INR,283897.81,12,34067.74,317965.55,15,6316,0.946,False,none,False,
INV-2026-000509,Tejas Security Services,21BCHIR9026B1Z7,2026-07-21,2026-09-19,2026-07-24,PO-2026-6443,IT,T. Rao,email,INR,71358.76,0,0.0,71358.76,60,6953,0.941,False,none,False,
INV-2025-000510,Bright Path Cleaning Services,09DZIJZ3324X1Z3,2025-12-27,2026-01-11,2025-12-29,PO-2025-1455,Operations,A. Iyer,edi_feed,INR,347997.2,0,0.0,347997.2,15,0139,0.902,False,none,False,
INV-2026-000511,Indus Valley Textiles,18FVHNZ6237C1Z8,2026-07-31,2026-09-14,2026-08-01,PO-2026-1952,Admin,S. Kulkarni,email,INR,117266.17,5,5863.31,123129.48,45,6958,0.932,False,none,False,
INV-2024-000512,Falcon IT Solutions,09GNGEW1915U1Z8,2024-03-26,2024-04-10,2024-03-28,PO-2024-3092,Procurement,K. Reddy,vendor_portal,INR,146420.81,28,40997.83,187418.64,15,1088,0.957,False,none,False,
INV-2024-000513,Kaveri Industrial Parts,05CIEXO6678C1Z1,2024-01-30,2024-02-29,2024-02-02,PO-2023-3742,Admin,V. Desai,vendor_portal,INR,339542.03,28,95071.77,434613.8,30,7102,0.99,False,mismatched_po,True,PO number does not correspond to an open purchase order.
INV-2026-000514,Zenith Office Furnishings,06SABZO3896R1Z5,2026-03-20,2026-04-04,2026-03-25,PO-2026-6702,Admin,T. Rao,edi_feed,INR,132132.53,12,15855.9,147988.43,15,4222,0.954,False,none,False,
INV-2026-000515,Raagam Interiors,11RRVMQ2455C1Z1,2026-05-05,2026-06-19,2026-05-10,PO-2026-2553,IT,N. Bhatt,scanned_mail,INR,235978.83,28,66074.07,302052.9,45,1261,0.923,False,none,False,
INV-2025-000516,Zenith Office Furnishings,26JGDGJ2834X1Z9,2025-01-12,2025-02-11,2025-01-12,PO-2025-4961,Legal,R. Menon,vendor_portal,INR,178669.74,0,0.0,178669.74,30,9430,0.957,False,none,False,
INV-2024-000517,Sundaram Motors Spares,29OCSHD5323G1Z4,2024-12-30,2025-02-13,2024-12-30,PO-2024-5970,HR,T. Rao,email,INR,129682.34,0,0.0,129682.34,45,8819,0.986,False,none,False,
INV-2025-000518,Sundaram Motors Spares,22DFTXI6156T1Z9,2025-11-12,2025-11-27,2025-11-14,PO-2025-7897,Procurement,P. Nair,vendor_portal,INR,219954.1,28,61587.15,281541.25,15,3690,0.947,False,none,False,
INV-2026-000519,Coastal Cargo Movers,29XJBFJ4377M1Z7,2026-02-03,2026-02-18,2026-02-03,PO-2026-7143,Finance,R. Menon,scanned_mail,INR,65016.59,12,7801.99,72818.58,15,3488,0.965,False,none,False,
INV-2025-000520,Ganga Freight Services,14LSKVO4617P1Z3,2025-05-16,2025-06-15,2025-05-19,PO-2025-5171,Legal,M. Krishnan,scanned_mail,INR,362388.18,28,101468.69,463856.87,30,2572,0.934,False,none,False,
INV-2024-000521,Coastal Cargo Movers,12UHLGC5156K1Z6,2024-01-17,2024-02-16,2024-01-18,PO-2024-8571,HR,M. Krishnan,edi_feed,INR,301310.01,5,15065.5,316375.51,30,0566,0.981,False,none,False,
INV-2026-000522,Sundaram Motors Spares,11VTFLI4355E1Z8,2026-05-04,2026-06-18,2026-05-04,PO-2026-9196,Facilities,N. Bhatt,email,INR,17575.86,18,3163.65,20739.51,45,3116,0.953,False,none,False,
INV-2025-000523,Kaveri Industrial Parts,06MYBLQ5552M1Z4,2025-02-22,2025-03-09,2025-02-22,PO-2025-7831,Marketing,K. Reddy,email,USD,163563.57,8,13085.09,176648.66,15,3737,0.941,False,none,False,
INV-2026-000524,Kaveri Industrial Parts,14YSURQ0412Y1Z0,2026-07-03,2026-07-18,2026-07-04,PO-2026-5903,IT,D'Souza,email,INR,35222.56,12,4226.71,39449.27,15,7187,0.923,False,none,False,
INV-2024-000525,Indus Valley Textiles,36ZIGBW6228B1Z0,2024-07-07,2024-08-06,2024-07-09,PO-2024-8331,Admin,S. Kulkarni,edi_feed,INR,383749.91,12,46049.99,429799.9,30,2355,0.934,False,none,False,
INV-2025-000526,Prakash Stationery Mart,03MJONX7077M1Z5,2025-07-22,2025-08-21,2025-07-25,PO-2025-1352,IT,P. Nair,scanned_mail,INR,74119.72,28,20753.52,94873.24,30,3624,0.96,False,none,False,
INV-2025-000527,Yamuna Water Solutions,21SWQXJ6759H1Z6,2025-04-05,2025-05-20,2025-04-07,PO-2025-7253,Finance,D'Souza,email,INR,259855.55,12,31182.67,291038.22,45,5027,0.991,False,none,False,
INV-2024-000528,Jyothi Print & Design,06TKNWS1175Q1Z4,2024-08-25,2024-10-24,2024-08-28,PO-2024-3255,HR,K. Reddy,email,EUR,129415.06,8,10353.2,139768.26,60,3221,0.922,False,none,False,
INV-2024-000529,Chola Office Supplies,10SPLCZ0108B1Z4,2024-02-11,2024-03-12,2024-02-14,PO-2024-9722,Legal,M. Krishnan,email,INR,42263.24,18,7607.38,49870.62,30,3901,0.964,False,split_invoice,True,"Amount sits just under the approval threshold, alongside a same-day sibling invoice."
INV-2025-000530,Nandi Hardware Co,20NTKPQ4461B1Z3,2025-11-15,2025-11-30,2025-11-20,PO-2025-6000,IT,A. Iyer,vendor_portal,INR,333347.83,12,40001.74,373349.57,15,9613,0.915,False,none,False,
INV-2026-000531,Wingspan Travel Corp,11XIBKN7233G1Z0,2026-07-20,2026-08-19,2026-07-25,PO-2026-2073,HR,S. Kulkarni,vendor_portal,INR,175386.76,28,49108.29,224495.05,30,5246,0.917,False,none,False,
INV-2024-000532,Tejas Security Services,21ONQNV8113W1Z0,2024-08-01,2024-08-31,2024-08-04,PO-2024-8802,Legal,A. Iyer,edi_feed,INR,345256.16,28,96671.72,441927.88,30,1677,0.95,False,none,False,
INV-2024-000533,Jyothi Print & Design,30JBZOZ8469E1Z6,2024-04-30,2024-05-15,2024-05-04,PO-2024-4086,Facilities,T. Rao,scanned_mail,INR,380494.75,12,45659.37,426154.12,15,7239,0.94,False,none,False,
INV-2025-000534,Tejas Security Services,08KRZSF8500Z1Z5,2025-11-10,2025-11-25,2025-11-10,PO-2025-2162,Legal,R. Menon,vendor_portal,USD,264340.25,10,26434.03,290774.28,15,4236,0.933,False,none,False,
INV-2024-000535,Aravind Steel Traders,31INIYZ4249E1Z9,2024-08-16,2024-09-30,2024-08-20,PO-2024-1288,Admin,D'Souza,edi_feed,INR,374294.73,5,18714.74,393009.47,45,9295,0.959,False,none,False,
INV-2024-000536,Ganga Freight Services,22HOEZE3547H1Z3,2024-10-30,2024-12-14,2024-10-31,PO-2024-9841,Admin,A. Iyer,edi_feed,INR,51131.0,5,2556.55,53687.55,45,0816,0.961,False,none,False,
INV-2025-000537,Raagam Interiors,27TPUFA4056K1Z4,2025-10-15,2025-12-14,2025-10-18,PO-2025-9163,Admin,V. Desai,edi_feed,INR,441197.31,0,0.0,441197.31,60,4114,0.912,False,none,False,
INV-2026-000538,Coastal Cargo Movers,36JYJPK4166Z1Z7,2026-01-25,2026-02-09,2026-01-26,PO-2026-1366,Logistics,M. Krishnan,email,INR,174305.09,5,8715.25,183020.34,15,9876,0.938,False,none,False,
INV-2025-000539,Vishwa Engineering Works,12FAMUT3246B1Z4,2025-03-15,2025-05-14,2025-03-20,PO-2025-1725,Legal,N. Bhatt,email,USD,26659.51,6,1599.57,28259.08,60,4150,0.967,False,none,False,
INV-2024-000540,Yamuna Water Solutions,20ERCBT1908V1Z2,2024-07-07,2024-08-21,2024-07-09,PO-2024-1716,HR,N. Bhatt,scanned_mail,INR,111158.61,18,20008.55,131167.16,45,0348,0.915,False,none,False,
INV-2024-000541,Yamuna Water Solutions,27RLVYR8793B1Z1,2024-08-04,2024-10-03,2024-08-08,PO-2024-7853,Finance,M. Krishnan,email,INR,170208.63,0,0.0,170208.63,60,4817,0.95,False,none,False,
INV-2024-000542,Ganga Freight Services,03VKRCP5139C1Z6,2024-10-25,2024-12-24,2024-10-26,PO-2024-5343,Facilities,N. Bhatt,edi_feed,INR,174455.48,18,31401.99,205857.47,60,9798,0.94,False,none,False,
INV-2026-000543,Raagam Interiors,08ULJTR0427K1Z1,2026-07-24,2026-09-22,2026-07-24,PO-2026-4691,IT,T. Rao,scanned_mail,INR,219991.25,28,61597.55,281588.8,60,7705,0.916,False,none,False,
INV-2026-000544,Apex Manpower Agency,30NPSCJ3780F1Z6,2026-06-28,2026-08-12,2026-06-28,PO-2026-1510,Logistics,P. Nair,edi_feed,INR,155870.47,12,18704.46,174574.93,45,4836,0.911,False,none,False,
INV-2026-000545,Indus Valley Textiles,08WXQBY0819W1Z8,2026-01-16,2026-02-15,2026-01-18,PO-2026-7393,IT,K. Reddy,vendor_portal,INR,134506.4,0,0.0,134506.4,30,5446,0.976,False,none,False,
INV-2025-000546,Chola Office Supplies,26PMUNR3906B1Z6,2025-05-13,2025-05-28,2025-05-14,PO-2025-3369,Admin,A. Iyer,email,INR,215414.54,0,0.0,215414.54,15,5495,0.936,False,none,False,
INV-2025-000547,Kaveri Industrial Parts,21XROHB8754C1Z9,2025-10-06,2025-12-05,2025-10-06,PO-2025-8596,IT,D'Souza,scanned_mail,INR,398662.89,5,19933.14,418596.03,60,0090,0.906,False,none,False,
INV-2025-000548,Northgate Print Hub,30PSUZZ2681C1Z2,2025-06-20,2025-08-04,2025-06-20,PO-2025-7482,IT,V. Desai,email,INR,101270.65,5,5063.53,106334.18,45,1881,0.961,False,none,False,
INV-2025-000549,Falcon IT Solutions,35HGJAG2310X1Z0,2025-12-18,2026-01-02,2025-12-22,PO-2025-5525,Marketing,P. Nair,scanned_mail,INR,272107.12,0,0.0,272107.12,15,3623,0.949,False,none,False,
INV-2025-000550,Indus Valley Textiles,30PRTQK7059D1Z1,2025-12-09,2025-12-24,2025-12-10,PO-2025-9912,Procurement,K. Reddy,edi_feed,EUR,118950.43,10,11895.04,130845.47,15,4279,0.99,False,none,False,
INV-2026-000551,Aravind Steel Traders,32PYTFF0850I1Z7,2026-01-09,2026-03-10,2026-01-10,PO-2026-3243,Legal,A. Iyer,scanned_mail,INR,427124.86,0,0.0,427124.86,60,8878,0.912,False,none,False,
INV-2024-000552,Orion Cloud Systems,15TIEKM1216L1Z5,2024-06-23,2024-07-23,2024-06-25,PO-2024-8433,Facilities,P. Nair,edi_feed,INR,386464.13,12,46375.7,432839.83,30,3904,0.957,False,none,False,
INV-2025-000553,Udupi Fresh Foods,20RGWTX6972U1Z7,2025-01-25,2025-02-24,2025-01-27,PO-2025-3264,Procurement,S. Kulkarni,scanned_mail,INR,237361.02,0,0.0,237361.02,30,9298,0.988,True,duplicate_invoice,True,Same vendor/amount seen on a prior invoice within 10 days.
INV-2024-000554,Yamuna Water Solutions,03HPKEA1096I1Z8,2024-09-06,2024-11-05,2024-09-09,PO-2024-7052,Facilities,M. Krishnan,vendor_portal,INR,227867.78,5,11393.39,239261.17,60,1913,0.981,False,none,False,
INV-2024-000555,Falcon IT Solutions,03AORBH7942Y1Z7,2024-09-21,2024-11-05,2024-09-25,PO-2024-2013,Facilities,D'Souza,vendor_portal,INR,396821.28,18,71427.83,468249.11,45,2145,0.938,False,none,False,
INV-2025-000556,Quantum Networks Pvt Ltd,26WQDDV8694K1Z8,2025-01-26,2025-02-10,2025-01-27,PO-2025-2472,IT,N. Bhatt,scanned_mail,INR,22078.51,18,3974.13,26052.64,15,7979,0.921,False,none,False,
INV-2024-000557,Orion Cloud Systems,16BWCXF8692M1Z5,2024-08-16,2024-09-15,2024-08-21,PO-2024-6373,Facilities,S. Kulkarni,email,INR,311014.88,5,15550.74,326565.62,30,0267,0.936,False,none,False,
INV-2026-000558,Kaveri Industrial Parts,12HDMZH6987A1Z7,2026-07-08,2026-09-06,2026-07-08,PO-2026-5471,Procurement,V. Desai,vendor_portal,INR,303665.24,12,36439.83,340105.07,60,7039,0.905,False,none,False,
INV-2025-000559,Meridian Consulting Group,20ACESZ4212L1Z7,2025-09-09,2025-10-09,2025-09-12,PO-2025-1825,Finance,D'Souza,vendor_portal,INR,4138.18,5,206.91,4345.09,30,1984,0.903,False,none,False,
INV-2026-000560,Zenith Office Furnishings,27OOTQH4001Q1Z6,2026-05-24,2026-07-23,2026-05-25,PO-2026-1563,Procurement,T. Rao,scanned_mail,INR,395340.02,5,19767.0,415107.02,60,0045,0.975,False,none,False,
INV-2024-000561,Sundaram Motors Spares,06RIGYI4786I1Z8,2024-04-26,2024-06-10,2024-04-29,PO-2024-6347,Logistics,D'Souza,email,INR,226372.08,0,0.0,226372.08,45,9907,0.981,False,none,False,
INV-2025-000562,Prakash Stationery Mart,26BZXJC5402U1Z7,2025-08-17,2025-09-16,2025-08-18,PO-2025-5344,Logistics,K. Reddy,vendor_portal,USD,73542.88,6,4412.57,77955.45,30,6052,0.936,False,none,False,
INV-2026-000563,Bright Path Cleaning Services,13KZNRF9423K1Z7,2026-01-02,2026-02-16,2026-01-02,PO-2026-7095,HR,M. Krishnan,email,INR,50500.21,12,6060.03,56560.24,45,6173,0.963,False,none,False,
INV-2026-000564,Sundaram Motors Spares,02SOYWF1141H1Z5,2026-07-26,2026-08-25,2026-07-28,PO-2026-3460,Admin,N. Bhatt,scanned_mail,INR,290841.35,0,0.0,290841.35,30,6902,0.923,False,none,False,
INV-2025-000565,Prakash Stationery Mart,22SXRZX1069R1Z8,2025-03-09,2025-03-24,2025-03-10,PO-2025-6408,IT,S. Kulkarni,email,INR,133286.44,18,23991.56,157278.0,15,5580,0.915,False,none,False,
INV-2024-000566,Kaveri Industrial Parts,31XCOKM8629X1Z6,2024-02-02,2024-02-17,2024-02-04,PO-2024-7849,Finance,P. Nair,vendor_portal,INR,216138.24,5,10806.91,226945.15,15,2900,0.959,False,none,False,
INV-2026-000567,Jyothi Print & Design,10MUYSA2706A1Z9,2026-06-16,2026-07-31,2026-06-19,PO-2026-7574,HR,N. Bhatt,edi_feed,INR,25175.25,28,7049.07,32224.32,45,2930,0.926,False,none,False,
INV-2024-000568,Zenith Office Furnishings,28RNRGD4351E1Z2,2024-08-20,2024-10-19,2024-08-20,PO-2024-7418,HR,N. Bhatt,vendor_portal,INR,101134.47,0,0.0,101134.47,60,2605,0.937,False,none,False,
INV-2024-000569,Jyothi Print & Design,07OQKST9898O1Z7,2024-06-27,2024-08-26,2024-06-29,PO-2024-1731,Admin,V. Desai,email,USD,4328.86,8,346.31,4675.17,60,0393,0.931,False,none,False,
INV-2024-000570,Aravind Steel Traders,34WUYKF1102V1Z3,2024-05-06,2024-07-05,2024-05-09,PO-2024-6649,Legal,P. Nair,email,INR,473541.34,0,0.0,473541.34,60,6477,0.936,False,none,False,
INV-2026-000571,Aravind Steel Traders,24GUQFS1590Q1Z5,2026-05-08,2026-05-23,2026-05-11,PO-2026-3830,Procurement,R. Menon,scanned_mail,INR,80133.1,12,9615.97,89749.07,15,2877,0.923,False,none,False,
INV-2024-000572,Apex Manpower Agency,22IXTXZ2753P1Z6,2024-10-03,2024-12-02,2024-10-03,PO-2024-9108,Marketing,V. Desai,scanned_mail,INR,214788.46,5,10739.42,225527.88,60,4317,0.946,False,none,False,
INV-2025-000573,Nandi Hardware Co,07VAURL4980Z1Z9,2025-05-17,2025-06-01,2025-05-22,PO-2025-5174,Facilities,R. Menon,vendor_portal,INR,2717.75,12,326.13,3043.88,15,6209,0.915,False,none,False,
INV-2024-000574,Northgate Print Hub,22UFORI7095M1Z0,2024-04-24,2024-06-08,2024-04-25,PO-2024-4567,Operations,V. Desai,vendor_portal,INR,274805.23,5,13740.26,288545.49,45,0463,0.982,False,none,False,
INV-2025-000575,Zenith Office Furnishings,17DIJTP7692J1Z7,2025-01-10,2025-02-24,2025-01-10,PO-2025-8557,IT,R. Menon,email,INR,62773.96,18,11299.31,74073.27,45,2404,0.959,False,none,False,
INV-2026-000576,Aravind Steel Traders,01MVXGF8845B1Z9,2026-03-10,2026-03-25,2026-03-15,PO-2026-3017,IT,A. Iyer,vendor_portal,INR,411675.81,18,74101.65,485777.46,15,1673,0.987,False,none,False,
INV-2025-000577,Lotus Catering Services,19CXHHX5210X1Z0,2025-09-13,2025-11-12,2025-09-17,PO-2025-5987,IT,D'Souza,scanned_mail,USD,135800.32,0,0.0,176098.3,60,5290,0.949,False,altered_total,True,Total does not reconcile with subtotal + tax.
INV-2026-000578,Coastal Cargo Movers,14YMUED9692R1Z2,2026-04-05,2026-06-04,2026-04-07,PO-2026-9734,Facilities,A. Iyer,email,INR,404738.8,28,113326.86,518065.66,60,9491,0.945,False,none,False,
INV-2025-000579,Bluewave Logistics Pvt Ltd,25ETIEC7258P1Z5,2025-10-21,2025-12-05,2025-10-25,PO-2025-3204,Procurement,T. Rao,email,INR,178234.6,12,21388.15,199622.75,45,1538,0.979,False,none,False,
INV-2026-000580,Jyothi Print & Design,24PBPNT4437E1Z9,2026-06-13,2026-08-12,2026-06-15,PO-2026-6646,IT,A. Iyer,email,INR,389589.15,0,0.0,389589.15,60,4786,0.97,False,none,False,
INV-2024-000581,Apex Manpower Agency,27HZIZJ9180S1Z5,2024-12-18,2025-02-16,2024-12-23,PO-2024-8538,IT,A. Iyer,edi_feed,INR,229675.09,18,41341.52,271016.61,60,3698,0.925,False,none,False,
INV-2026-000582,Everest Packaging Co,15JVXMN5389Q1Z3,2026-01-03,2026-02-02,2026-01-05,PO-2026-5150,Procurement,M. Krishnan,scanned_mail,INR,56830.66,18,10229.52,67060.18,30,1350,0.902,False,none,False,
INV-2025-000583,Bright Path Cleaning Services,24RMFOW0529X1Z5,2025-01-21,2025-03-07,2025-01-25,PO-2025-6991,Facilities,M. Krishnan,vendor_portal,INR,430610.13,12,51673.22,482283.35,45,1362,0.925,False,none,False,
INV-2024-000584,Vishwa Engineering Works,25TMYRD8164C1Z6,2024-02-21,2024-03-07,2024-02-21,PO-2024-9532,Legal,N. Bhatt,edi_feed,INR,72899.79,18,13121.96,86021.75,15,7768,0.987,False,none,False,
INV-2024-000585,Northgate Print Hub,01ICZHE9903B1Z4,2024-04-14,2024-04-29,2024-04-18,PO-2024-7056,IT,M. Krishnan,scanned_mail,INR,454752.9,5,22737.65,477490.55,15,0846,0.964,False,none,False,
INV-2024-000586,Kaveri Industrial Parts,20YNVAJ4236H1Z6,2024-08-23,2024-09-07,2024-08-25,PO-2024-3982,Finance,S. Kulkarni,scanned_mail,INR,24609.33,12,2953.12,27562.45,15,0869,0.915,False,none,False,
INV-2025-000587,Orion Cloud Systems,26MDROR1326I1Z6,2025-03-29,2025-05-13,2025-04-03,PO-2025-7091,Logistics,R. Menon,edi_feed,INR,210231.01,5,10511.55,220742.56,45,6021,0.913,False,none,False,
INV-2025-000588,Apex Manpower Agency,35UKLYZ9180H1Z8,2025-02-10,2025-04-11,2025-02-10,PO-2025-7932,Legal,M. Krishnan,email,INR,207664.74,28,58146.13,265810.87,60,1323,0.956,False,none,False,
INV-2026-000589,Meridian Consulting Group,09ADFUN2324Z1Z4,2026-02-16,2026-04-17,2026-02-20,PO-2026-2474,Logistics,M. Krishnan,email,USD,294386.92,8,23550.95,317937.87,60,2051,0.986,False,none,False,
INV-2024-000590,Nandi Hardware Co,13GUSDC6956U1Z4,2024-09-20,2024-10-05,2024-09-23,PO-2024-8355,HR,A. Iyer,email,EUR,456928.81,8,36554.3,493483.11,15,1190,0.972,False,none,False,
INV-2024-000591,Coastal Cargo Movers,14OMPWQ5020J1Z0,2024-12-31,2025-02-14,2024-12-31,PO-2024-6704,Marketing,S. Kulkarni,vendor_portal,EUR,439899.79,6,26393.99,466293.78,45,3894,0.951,False,none,False,
INV-2026-000592,Deccan Electricals,08CJDLY8039I1Z7,2026-06-19,2026-08-03,2026-06-23,PO-2026-8828,Operations,K. Reddy,vendor_portal,INR,407108.79,28,113990.46,521099.25,45,3866,0.988,False,none,False,
INV-2024-000593,Udupi Fresh Foods,07PNOCZ7456F1Z7,2024-10-05,2024-12-04,2024-10-09,PO-2024-9263,Operations,K. Reddy,scanned_mail,INR,196394.21,28,54990.38,251384.59,60,1352,0.923,False,none,False,
INV-2024-000594,Yamuna Water Solutions,17YPDNX3688V1Z3,2024-01-18,2024-03-18,2024-01-18,PO-2024-4363,Procurement,D'Souza,scanned_mail,USD,445034.58,8,35602.77,480637.35,60,7872,0.994,False,none,False,
INV-2025-000595,Nandi Hardware Co,11OMBCM3400X1Z6,2025-05-05,2025-07-04,2025-05-09,PO-2025-5904,Marketing,P. Nair,email,INR,473721.29,28,132641.96,606363.25,60,8485,0.979,False,none,False,
INV-2024-000596,Raagam Interiors,20TWUHG3809W1Z9,2024-05-27,2024-07-11,2024-05-30,PO-2024-9756,Operations,S. Kulkarni,scanned_mail,USD,400695.35,8,32055.63,432750.98,45,8184,0.928,False,none,False,
INV-2025-000597,Global Freight Partners,15MMMQK3739A1Z9,2025-09-27,2025-11-26,2025-10-01,PO-2025-9198,IT,D'Souza,edi_feed,INR,439426.66,18,79096.8,518523.46,60,1522,0.926,False,none,False,
INV-2024-000598,Ganga Freight Services,09DMEOM3428F1Z0,2024-09-03,2024-09-18,2024-09-07,PO-2024-2771,Admin,T. Rao,edi_feed,INR,286026.5,28,80087.42,366113.92,15,3893,0.913,False,none,False,
INV-2026-000599,Zenith Office Furnishings,01NOQXK7750I1Z5,2026-05-16,2026-06-15,2026-05-20,PO-2026-2245,IT,D'Souza,scanned_mail,INR,33594.01,12,4031.28,37625.29,30,9638,0.905,False,none,False,
INV-2025-000600,Aravind Steel Traders,15IOBVO2751J1Z2,2025-03-24,2025-05-23,2025-03-24,PO-2025-1522,Facilities,P. Nair,scanned_mail,INR,347217.61,28,97220.93,444438.54,60,1898,0.924,False,none,False,
INV-2024-000601,Sundaram Motors Spares,30LBAYP5176D1Z7,2024-03-17,2024-05-16,2024-03-21,PO-2024-2362,IT,V. Desai,email,INR,315199.39,12,37823.93,353023.32,60,7713,0.928,False,none,False,
INV-2025-000602,Kaveri Industrial Parts,21VULGE7965M1Z8,2025-09-13,2025-11-12,2025-09-17,PO-2025-5361,Marketing,S. Kulkarni,email,INR,320137.35,12,38416.48,358553.83,60,0375,0.931,False,none,False,
INV-2024-000603,Udupi Fresh Foods,34IAAPU5978X1Z6,2024-04-29,2024-05-14,2024-04-29,PO-2024-5585,Marketing,S. Kulkarni,email,INR,156489.53,5,7824.48,164314.01,15,3710,0.923,False,none,False,
INV-2024-000604,Yamuna Water Solutions,01UQMHT2090R1Z2,2024-04-11,2024-06-10,2024-04-15,PO-2024-9615,IT,K. Reddy,vendor_portal,INR,203778.83,5,10188.94,213967.77,60,4775,0.912,False,none,False,
INV-2026-000605,Global Freight Partners,33INMVC1162E1Z1,2026-08-31,2026-09-15,2026-08-31,PO-2026-1969,Admin,D'Souza,edi_feed,USD,420987.58,8,33679.01,454666.59,15,8922,0.951,False,none,False,
INV-2024-000606,Tejas Security Services,07RTFPV6512J1Z6,2024-09-23,2024-10-08,2024-09-23,PO-2024-4483,HR,N. Bhatt,scanned_mail,INR,471550.92,18,84879.17,556430.09,15,6842,0.95,False,none,False,
INV-2024-000607,Orion Cloud Systems,19DNCJG9450N1Z1,2024-08-25,2024-09-24,2024-08-26,PO-2024-7252,Logistics,K. Reddy,edi_feed,INR,357551.82,5,17877.59,375429.41,30,9375,0.952,False,none,False,
INV-2024-000608,Falcon IT Solutions,36AISJT6257S1Z3,2024-01-01,2024-03-01,2024-01-05,PO-2024-6812,Procurement,K. Reddy,vendor_portal,USD,108484.37,6,6509.06,114993.43,60,6461,0.954,False,none,False,
INV-2026-000609,Raagam Interiors,24BHBDN0851Y1Z5,2026-07-04,2026-09-02,2026-07-09,PO-2026-9096,Logistics,S. Kulkarni,email,INR,123186.19,5,6159.31,129345.5,60,5334,0.962,False,none,False,
INV-2026-000610,Northgate Print Hub,20TMKPI0859L1Z4,2026-08-11,2026-08-26,2026-08-11,PO-2026-2525,Finance,P. Nair,edi_feed,USD,112448.38,8,8995.87,121444.25,15,6413,0.933,False,none,False,
INV-2025-000611,Orion Cloud Systems,15HWFZP1134N1Z2,2025-04-02,2025-04-17,2025-04-06,PO-2025-3447,Operations,T. Rao,vendor_portal,INR,178571.43,12,21428.57,200000.0,15,0841,0.947,False,round_number_amount,True,Total is an unusually round figure for this line of business.
INV-2024-000612,Aravind Steel Traders,10KMRNB8309V1Z0,2024-04-27,2024-05-12,2024-04-28,PO-2024-7162,Logistics,P. Nair,email,INR,74841.51,12,8980.98,83822.49,15,5229,0.904,False,none,False,
INV-2024-000613,Orion Cloud Systems,03QTQOW0453L1Z8,2024-04-02,2024-05-17,2024-04-07,PO-2024-7079,Operations,K. Reddy,email,INR,189339.82,5,9466.99,198806.81,45,2757,0.938,False,none,False,
INV-2025-000614,Coastal Cargo Movers,36HGEZB0361D1Z6,2025-04-11,2025-05-26,2025-04-13,PO-2025-7799,Finance,R. Menon,vendor_portal,INR,50357.55,18,9064.36,59421.91,45,4090,0.954,False,none,False,
INV-2026-000615,Ganga Freight Services,05WMNTC1928C1Z3,2026-09-04,2026-10-19,2026-09-09,PO-2026-5936,Finance,A. Iyer,email,INR,350580.18,0,0.0,350580.18,45,5187,0.948,False,none,False,
INV-2026-000616,Indus Valley Textiles,23RVXRO4320N1Z3,2026-04-02,2026-04-17,2026-04-03,PO-2026-7562,Finance,R. Menon,vendor_portal,USD,140837.4,10,14083.74,154921.14,15,7033,0.976,False,none,False,
INV-2025-000617,Horizon Facilities Mgmt,32YPJCS6537L1Z5,2025-03-19,2025-04-18,2025-03-20,PO-2025-5354,Finance,N. Bhatt,vendor_portal,INR,133023.94,5,6651.2,139675.14,30,9007,0.95,False,none,False,
INV-2024-000618,Northgate Print Hub,17QAYCN4561U1Z9,2024-11-21,2025-01-05,2024-11-22,PO-2024-6211,Finance,P. Nair,edi_feed,INR,126004.97,0,0.0,126004.97,45,2425,0.992,False,none,False,
INV-2026-000619,Falcon IT Solutions,21QRDIP0762P1Z5,2026-03-07,2026-05-06,2026-03-07,PO-2026-2541,HR,V. Desai,edi_feed,INR,41913.81,18,7544.48,49458.29,60,6525,0.963,False,split_invoice,True,"Amount sits just under the approval threshold, alongside a same-day sibling invoice."
INV-2026-000620,Nandi Hardware Co,12UJVRK3624V1Z0,2026-09-04,2026-10-04,2026-09-07,PO-2026-8619,IT,S. Kulkarni,email,USD,151380.55,10,15138.06,166518.61,30,1561,0.909,False,none,False,
INV-2026-000621,Falcon IT Solutions,23VZLXX9671P1Z6,2026-02-23,2026-03-10,2026-02-26,PO-2026-3372,Operations,K. Reddy,edi_feed,INR,205745.9,12,24689.51,230435.41,15,0418,0.936,False,none,False,
INV-2026-000622,Kaveri Industrial Parts,18UGAJE4421J1Z6,2026-05-26,2026-07-10,2026-05-28,PO-2026-7557,Procurement,D'Souza,scanned_mail,USD,211893.12,10,21189.31,233082.43,45,1071,0.93,False,none,False,
INV-2026-000623,Deccan Electricals,11QCJZD3006D1Z2,2026-06-14,2026-07-14,2026-06-19,PO-2026-3846,IT,R. Menon,vendor_portal,INR,266778.67,18,48020.16,314798.83,30,5072,0.923,False,none,False,
INV-2026-000624,Everest Packaging Co,14IWCHF7818L1Z3,2026-03-12,2026-03-27,2026-03-17,PO-2026-5728,Procurement,D'Souza,scanned_mail,USD,190240.29,8,15219.22,205459.51,15,3501,0.954,False,none,False,
INV-2025-000625,Nandi Hardware Co,15DQCJH9596K1Z5,2025-04-19,2025-05-19,2025-04-23,PO-2025-5056,Procurement,S. Kulkarni,email,INR,259178.64,0,0.0,259178.64,30,8701,0.966,False,none,False,
INV-2025-000626,Meridian Consulting Group,16HMMTD0884I1Z1,2025-02-15,2025-04-01,2025-02-15,PO-2025-8504,Admin,K. Reddy,email,EUR,410612.71,6,24636.76,435249.47,45,0397,0.991,False,none,False,
INV-2024-000627,Lotus Catering Services,05LOKVR7869K1Z2,2024-04-09,2024-04-24,2024-04-12,PO-2024-3810,IT,V. Desai,vendor_portal,USD,454226.93,8,36338.15,490565.08,15,5524,0.963,False,none,False,
INV-2024-000628,Indus Valley Textiles,17YFNBV8226T1Z6,2024-11-21,2024-12-21,2024-11-22,PO-2024-1739,Facilities,M. Krishnan,vendor_portal,INR,452921.29,12,54350.55,507271.84,30,0593,0.99,False,none,False,
INV-2024-000629,Udupi Fresh Foods,02BAJFX5106Z1Z9,2024-02-01,2024-04-01,2024-02-06,PO-2024-8154,Procurement,S. Kulkarni,edi_feed,INR,470440.43,0,0.0,470440.43,60,8798,0.954,False,none,False,
INV-2025-000630,Zenith Office Furnishings,18LXYYY8223M1Z7,2025-06-24,2025-08-08,2025-06-24,PO-2025-8293,Operations,M. Krishnan,scanned_mail,INR,212560.02,18,38260.8,250820.82,45,2125,0.94,False,none,False,
INV-2024-000631,Everest Packaging Co,25ZQHEG7658T1Z7,2024-02-12,2024-02-27,2024-02-15,PO-2024-9765,Admin,K. Reddy,edi_feed,INR,12359.7,5,617.99,12977.69,15,8791,0.952,False,none,False,
INV-2025-000632,Bright Path Cleaning Services,37SSCWB0086K1Z8,2025-08-25,2025-10-09,2025-08-25,PO-2025-9737,Logistics,R. Menon,email,INR,257983.62,28,72235.41,330219.03,45,8882,0.933,False,none,False,
INV-2025-000633,Global Freight Partners,31WADJP1397W1Z4,2025-12-30,2026-02-28,2026-01-02,PO-2025-2393,HR,N. Bhatt,vendor_portal,USD,423670.88,8,33893.67,457564.55,60,7126,0.97,False,none,False,
INV-2025-000634,Prakash Stationery Mart,29CCBGO7333X1Z7,2025-12-16,2025-12-31,2025-12-20,PO-2025-8173,IT,R. Menon,vendor_portal,INR,292808.14,5,14640.41,307448.55,15,0398,0.924,False,none,False,
INV-2024-000635,Quantum Networks Pvt Ltd,03BKYSI6081T1Z4,2024-04-25,2024-06-24,2024-04-28,PO-2024-7495,Procurement,M. Krishnan,vendor_portal,INR,124256.35,18,22366.14,146622.49,60,9154,0.958,False,none,False,
INV-2025-000636,Raagam Interiors,34DIMHN7356L1Z9,2025-06-01,2025-07-16,2025-06-04,PO-2025-2957,IT,T. Rao,scanned_mail,INR,53514.98,12,6421.8,59936.78,45,4078,0.927,False,none,False,
INV-2025-000637,Tejas Security Services,22VOMNR7327I1Z7,2025-05-21,2025-06-20,2025-05-25,PO-2025-3555,Logistics,M. Krishnan,email,EUR,20128.76,6,1207.73,21336.49,30,6022,0.988,False,none,False,
INV-2024-000638,Vishwa Engineering Works,33HIASY7032W1Z3,2024-07-18,2024-09-01,2024-07-20,PO-2024-2618,Finance,N. Bhatt,edi_feed,INR,8836.83,12,1060.42,9897.25,45,0161,0.927,False,none,False,
INV-2026-000639,Indus Valley Textiles,09AKYWP5941K1Z4,2026-04-17,2026-05-17,2026-04-20,PO-2026-8637,Finance,M. Krishnan,email,INR,158676.16,18,28561.71,187237.87,30,1484,0.918,False,none,False,
INV-2024-000640,Udupi Fresh Foods,31PQSTR3670A1Z0,2024-06-27,2024-08-26,2024-07-01,PO-2024-4551,Marketing,K. Reddy,email,INR,367614.34,5,18380.72,385995.06,60,4219,0.929,False,none,False,
INV-2024-000641,Everest Packaging Co,08NZIDM8259S1Z0,2024-08-08,2024-09-22,2024-08-13,PO-2024-5313,Legal,T. Rao,scanned_mail,INR,96183.02,0,0.0,96183.02,45,2242,0.948,False,none,False,
INV-2024-000642,Aravind Steel Traders,32KRWHZ8777O1Z0,2024-03-13,2024-03-28,2024-03-16,PO-2024-1020,Facilities,T. Rao,scanned_mail,INR,280733.52,28,78605.39,359338.91,15,1531,0.904,False,none,False,
INV-2025-000643,Quantum Networks Pvt Ltd,08PSMII4004S1Z3,2025-04-01,2025-05-01,2025-04-03,PO-2025-8194,Logistics,N. Bhatt,edi_feed,INR,212539.48,12,25504.74,238044.22,30,8396,0.934,False,none,False,
INV-2024-000644,Orion Cloud Systems,07IAWNJ6744F1Z1,2024-11-19,2025-01-03,2024-11-22,PO-2024-6143,HR,P. Nair,scanned_mail,INR,334976.21,12,40197.15,375173.36,45,3860,0.945,False,none,False,
INV-2025-000645,Apex Manpower Agency,18ORPPN8110V1Z7,2025-02-28,2025-04-14,2025-03-02,PO-2025-3291,Operations,R. Menon,vendor_portal,INR,119661.84,5,5983.09,169262.03,45,8439,0.905,False,altered_total,True,Total does not reconcile with subtotal + tax.
INV-2025-000646,Aravind Steel Traders,02RFGOZ4372E1Z8,2025-05-19,2025-07-03,2025-05-23,PO-2025-3182,Logistics,D'Souza,email,INR,379198.13,12,45503.78,424701.91,45,5867,0.978,False,none,False,
INV-2025-000647,Nandi Hardware Co,21XYMBT7535U1Z5,2025-04-12,2025-05-27,2025-04-17,PO-2025-3110,Operations,A. Iyer,email,USD,12670.15,10,1267.02,13937.17,45,4708,0.927,False,none,False,
INV-2025-000648,Global Freight Partners,11URHSA1173E1Z2,2025-05-21,2025-07-20,2025-05-23,PO-2025-9264,Operations,K. Reddy,vendor_portal,INR,106115.26,28,29712.27,135827.53,60,8415,0.987,False,none,False,
INV-2026-000649,Jyothi Print & Design,18ZAEOL2634R1Z1,2026-02-12,2026-03-29,2026-02-14,PO-2026-5860,Legal,S. Kulkarni,scanned_mail,INR,185748.28,28,52009.52,237757.8,45,5861,0.935,False,none,False,
INV-2026-000650,Deccan Electricals,07NASCH7804N1Z8,2026-04-16,2026-06-15,2026-04-18,PO-2026-6727,Logistics,P. Nair,edi_feed,INR,341315.1,18,61436.72,402751.82,60,7779,0.98,False,none,False,
INV-2026-000651,Tejas Security Services,12MIWCL6393B1Z2,2026-06-01,2026-07-31,2026-06-04,PO-2026-8840,Logistics,N. Bhatt,email,INR,252882.05,0,0.0,252882.05,60,8347,0.95,False,none,False,
INV-2025-000652,Nandi Hardware Co,33MGTNJ6696U1Z5,2025-12-29,2026-01-13,2025-12-31,PO-2025-7455,Facilities,P. Nair,scanned_mail,EUR,144139.87,8,11531.19,155671.06,15,3537,0.93,False,none,False,
INV-2024-000653,Nandi Hardware Co,22EIKRL0397N1Z0,2024-06-01,2024-06-16,2024-06-06,PO-2024-8781,Admin,M. Krishnan,vendor_portal,INR,32712.76,28,9159.57,41872.33,15,7851,0.933,False,none,False,
INV-2024-000654,Sundaram Motors Spares,29IHFVD3160I1Z9,2024-05-30,2024-06-14,2024-06-01,PO-2024-6164,Admin,T. Rao,scanned_mail,INR,96863.49,18,17435.43,114298.92,15,6475,0.943,False,none,False,
INV-2025-000655,Ganga Freight Services,01WZDMS7416P1Z9,2025-11-25,2026-01-24,2025-11-28,PO-2025-8810,Admin,S. Kulkarni,vendor_portal,INR,147435.13,5,7371.76,154806.89,60,4102,0.965,False,none,False,
INV-2026-000656,Sundaram Motors Spares,09GWIMS9162F1Z5,2026-06-26,2026-08-25,2026-06-29,PO-2026-5751,HR,K. Reddy,vendor_portal,INR,212117.09,0,0.0,212117.09,60,7938,0.984,False,none,False,
INV-2024-000657,Aravind Steel Traders,32CCOOO8634K1Z1,2024-08-23,2024-09-07,2024-08-24,PO-2024-9401,Legal,D'Souza,scanned_mail,INR,385537.11,18,69396.68,454933.79,15,9785,0.965,False,none,False,
INV-2025-000658,Coastal Cargo Movers,12TLUYU5589P1Z1,2025-08-10,2025-10-09,2025-08-10,PO-2025-6985,Finance,V. Desai,vendor_portal,INR,207013.94,12,24841.67,231855.61,60,4564,0.915,False,none,False,
INV-2026-000659,Wingspan Travel Corp,31TXOHW3761K1Z0,2026-06-08,2026-07-23,2026-06-10,PO-2026-1712,IT,V. Desai,scanned_mail,INR,277706.21,12,33324.75,311030.96,45,0674,0.952,False,none,False,
INV-2024-000660,Deccan Electricals,22FNZDZ1409A1Z7,2024-08-30,2024-10-29,2024-09-02,PO-2024-3466,Legal,D'Souza,scanned_mail,INR,445650.35,28,124782.1,570432.45,60,3818,0.905,False,none,False,
INV-2024-000661,Global Freight Partners,33RLBEU8082U1Z7,2024-07-14,2024-09-12,2024-07-14,PO-2024-7607,Operations,A. Iyer,email,INR,350624.97,18,63112.49,413737.46,60,2559,0.91,False,none,False,
INV-2025-000662,Deccan Electricals,01WWIBZ6765O1Z3,2025-10-16,2025-11-15,2025-10-16,PO-2025-9419,Legal,M. Krishnan,vendor_portal,USD,20666.29,10,2066.63,22732.92,30,8282,0.956,False,none,False,
INV-2025-000663,Siddha Supply Chain,12ABCDE,2025-08-11,2025-09-10,2025-08-14,PO-2025-6689,IT,A. Iyer,scanned_mail,USD,243337.19,10,24333.72,267670.91,30,3947,0.752,False,ghost_vendor,True,Vendor has no prior transaction history; GSTIN fails format check.
INV-2025-000664,Prakash Stationery Mart,22KAHJV6176T1Z9,2025-08-13,2025-09-27,2025-08-15,PO-2025-3699,Finance,T. Rao,edi_feed,INR,463660.4,5,23183.02,486843.42,45,5780,0.91,False,none,False,
INV-2024-000665,Orion Cloud Systems,36YPKLZ1232N1Z6,2024-05-14,2024-05-29,2024-05-16,PO-2024-1004,Procurement,R. Menon,scanned_mail,INR,325794.46,28,91222.45,417016.91,15,4890,0.994,False,none,False,
INV-2025-000666,Horizon Facilities Mgmt,22CTKGZ8019D1Z8,2025-09-04,2025-11-03,2025-09-07,PO-2025-4886,IT,N. Bhatt,scanned_mail,INR,36313.26,18,6536.39,42849.65,60,6262,0.917,False,none,False,
INV-2024-000667,Chola Office Supplies,37EODVY5087P1Z4,2024-09-14,2024-10-29,2024-09-19,PO-2024-1397,Legal,V. Desai,vendor_portal,INR,255093.5,5,12754.67,267848.17,45,0131,0.958,False,none,False,
INV-2024-000668,Chola Office Supplies,24VWUZG0218I1Z3,2024-08-27,2024-10-11,2024-08-29,PO-2024-7217,HR,N. Bhatt,scanned_mail,INR,147302.88,0,0.0,173659.33,45,5806,0.992,False,altered_total,True,Total does not reconcile with subtotal + tax.
INV-2024-000669,Raagam Interiors,22FLBLZ1133D1Z2,2024-12-12,2025-01-11,2024-12-15,PO-2024-6244,Admin,T. Rao,vendor_portal,INR,278786.52,12,33454.38,312240.9,30,7470,0.952,False,none,False,
INV-2025-000670,Wingspan Travel Corp,30OXTLX9173Y1Z8,2025-08-15,2025-08-30,2025-08-15,PO-2025-8029,HR,K. Reddy,edi_feed,USD,148767.06,8,11901.36,160668.42,15,2856,0.995,False,none,False,
INV-2025-000671,Tejas Security Services,08TEUOS4892Q1Z0,2025-06-05,2025-07-05,2025-06-06,PO-2025-2507,Marketing,T. Rao,scanned_mail,INR,106392.11,18,19150.58,125542.69,30,2038,0.968,False,none,False,
INV-2025-000672,Sundaram Motors Spares,35MEQOS1562B1Z5,2025-10-30,2025-12-29,2025-10-31,PO-2025-2401,Procurement,N. Bhatt,vendor_portal,EUR,358365.12,8,28669.21,387034.33,60,5381,0.94,False,none,False,
INV-2024-000673,Nandi Hardware Co,07MZCNR6141T1Z0,2024-02-14,2024-02-29,2024-02-14,PO-2024-1565,Facilities,S. Kulkarni,vendor_portal,INR,52402.28,5,2620.11,55022.39,15,2606,0.942,False,none,False,
INV-2025-000674,Everest Packaging Co,24YEDOU2493Y1Z0,2025-03-01,2025-04-30,2025-03-01,PO-2025-6962,Marketing,A. Iyer,scanned_mail,INR,179442.82,12,21533.14,200975.96,60,1109,0.948,False,none,False,
INV-2025-000675,Wingspan Travel Corp,23OKRVJ2076Q1Z3,2025-04-13,2025-05-13,2025-04-16,PO-2025-4367,Admin,V. Desai,vendor_portal,INR,73743.04,18,13273.75,87016.79,30,5817,0.953,False,none,False,
INV-2026-000676,Everest Packaging Co,21PBUWC6638X1Z4,2026-07-26,2026-08-10,2026-07-29,PO-2026-3494,HR,M. Krishnan,edi_feed,INR,298332.41,28,83533.07,381865.48,15,8099,0.92,False,none,False,
INV-2026-000677,Nandi Hardware Co,14TTJBK8158V1Z1,2026-02-01,2026-04-02,2026-02-04,PO-2026-4370,Procurement,A. Iyer,vendor_portal,USD,217554.25,0,0.0,217554.25,60,2225,0.971,False,none,False,
INV-2026-000678,Prakash Stationery Mart,12GJFID2517H1Z4,2026-07-30,2026-08-14,2026-08-01,PO-2026-2171,Finance,M. Krishnan,edi_feed,INR,219529.24,5,10976.46,230505.7,15,1265,0.956,False,none,False,
INV-2025-000679,Zenith Office Furnishings,03MAZKG1348P1Z7,2025-06-30,2025-08-14,2025-07-02,PO-2025-2312,IT,V. Desai,edi_feed,USD,364069.37,8,29125.55,393194.92,45,9851,0.926,False,none,False,
INV-2026-000680,Everest Packaging Co,15RYVDG6650T1Z5,2026-03-29,2026-04-28,2026-03-29,PO-2026-1163,Marketing,A. Iyer,email,INR,169622.85,12,20354.74,189977.59,30,1412,0.983,False,none,False,
INV-2025-000681,Nandi Hardware Co,13TGDXA1957L1Z8,2025-07-20,2025-08-19,2025-07-25,PO-2025-2309,HR,P. Nair,vendor_portal,INR,413976.38,0,0.0,413976.38,30,2510,0.924,False,none,False,
INV-2025-000682,Meridian Consulting Group,21PDKDT0084B1Z3,2025-09-19,2025-11-03,2025-09-24,PO-2025-3382,Facilities,D'Souza,scanned_mail,INR,156250.0,28,43750.0,200000.0,45,0515,0.95,False,round_number_amount,True,Total is an unusually round figure for this line of business.
INV-2026-000683,Quantum Networks Pvt Ltd,14DVTAE7248N1Z0,2026-01-06,2026-02-05,2026-01-07,PO-2026-1627,Operations,K. Reddy,edi_feed,INR,291694.12,0,0.0,291694.12,30,3465,0.913,False,none,False,
INV-2024-000684,Wingspan Travel Corp,01QJNIH9330Z1Z1,2024-08-23,2024-09-07,2024-08-27,PO-2024-4408,IT,S. Kulkarni,vendor_portal,USD,56154.03,10,5615.4,61769.43,15,1010,0.925,False,none,False,
INV-2024-000685,Bright Path Cleaning Services,17BQVEW0765X1Z7,2024-02-10,2024-03-26,2024-02-11,PO-2024-7353,Procurement,S. Kulkarni,scanned_mail,USD,215668.01,10,21566.8,237234.81,45,5782,0.908,False,none,False,
INV-2024-000686,Sundaram Motors Spares,28NBLSR5743K1Z4,2024-04-26,2024-06-25,2024-04-26,PO-2024-7885,Admin,M. Krishnan,scanned_mail,INR,258695.84,18,46565.25,305261.09,60,0468,0.922,False,none,False,
INV-2025-000687,Horizon Facilities Mgmt,12ZONKX2407D1Z3,2025-06-10,2025-08-09,2025-06-15,PO-2025-9217,Facilities,P. Nair,edi_feed,INR,162967.55,0,0.0,162967.55,60,5911,0.969,False,none,False,
INV-2024-000688,Falcon IT Solutions,37XPHNE9562T1Z2,2024-12-06,2024-12-21,2024-12-11,PO-2024-9915,Facilities,A. Iyer,edi_feed,INR,177539.4,18,31957.09,209496.49,15,3803,0.946,False,none,False,
INV-2024-000689,Meridian Consulting Group,08RNAIX7371L1Z2,2024-11-30,2025-01-14,2024-12-04,PO-2024-6062,Finance,V. Desai,edi_feed,INR,311931.21,0,0.0,311931.21,45,4107,0.912,False,none,False,
INV-2025-000690,Everest Packaging Co,29NTIFT0837W1Z7,2025-01-27,2025-03-13,2025-01-28,PO-2025-6137,Procurement,A. Iyer,edi_feed,INR,368992.3,0,0.0,368992.3,45,6992,0.931,False,none,False,
INV-2025-000691,Apex Manpower Agency,33ZJAUE4689I1Z0,2025-02-25,2025-04-26,2025-03-02,PO-2025-2948,IT,P. Nair,email,INR,112566.77,28,31518.7,144085.47,60,1015,0.967,False,none,False,
INV-2026-000692,Ganga Freight Services,30IBYVB4701U1Z2,2026-03-10,2026-05-09,2026-03-10,PO-2026-2489,Facilities,S. Kulkarni,email,INR,284244.29,5,14212.21,298456.5,60,4810,0.98,False,none,False,
INV-2025-000693,Sundaram Motors Spares,31YBFMD8428V1Z3,2025-01-30,2025-03-31,2025-01-30,PO-2025-2050,Operations,P. Nair,vendor_portal,INR,360109.38,12,43213.13,403322.51,60,3618,0.917,False,none,False,
INV-2025-000694,Global Freight Partners,16KBRNO0979X1Z1,2025-02-06,2025-02-21,2025-02-07,PO-2025-2300,HR,S. Kulkarni,scanned_mail,USD,172498.02,10,17249.8,189747.82,15,8687,0.906,False,none,False,
INV-2026-000695,Falcon IT Solutions,15LOZIV6804L1Z9,2026-05-25,2026-07-24,2026-05-27,PO-2026-9896,Logistics,K. Reddy,vendor_portal,EUR,362847.02,8,29027.76,391874.78,60,4090,0.991,False,none,False,
INV-2024-000696,Lotus Catering Services,07JMYWX3034C1Z8,2024-04-03,2024-04-18,2024-04-07,PO-2024-9643,IT,S. Kulkarni,email,USD,412132.14,8,32970.57,572842.55,15,0997,0.949,False,altered_total,True,Total does not reconcile with subtotal + tax.
INV-2025-000697,Meridian Consulting Group,21JWICJ3086Z1Z6,2025-07-12,2025-08-26,2025-07-14,PO-2025-2925,HR,P. Nair,edi_feed,INR,380992.63,0,0.0,380992.63,45,6432,0.926,False,none,False,
INV-2024-000698,Bright Path Cleaning Services,13HCVHP1710Q1Z3,2024-06-09,2024-07-24,2024-06-11,PO-2024-6798,Admin,R. Menon,scanned_mail,USD,224391.41,0,0.0,224391.41,45,0526,0.972,False,none,False,
INV-2025-000699,Wingspan Travel Corp,08CHKDF7051W1Z6,2025-11-09,2025-12-09,2025-11-09,PO-2025-3119,Facilities,V. Desai,email,INR,142887.48,12,17146.5,160033.98,30,8596,0.911,False,none,False,
INV-2025-000700,Quantum Networks Pvt Ltd,12DQSRW3383O1Z3,2025-05-25,2025-06-09,2025-05-26,PO-2025-5101,Admin,N. Bhatt,email,INR,23525.28,28,6587.08,30112.36,15,5437,0.979,False,none,False,
INV-2025-000701,Lotus Catering Services,14CPXRF8216G1Z1,2025-07-09,2025-08-08,2025-07-10,PO-2025-3594,Marketing,P. Nair,vendor_portal,INR,345679.98,5,17284.0,362963.98,30,8610,0.972,False,none,False,
INV-2024-000702,Kaveri Industrial Parts,31UGMWQ3952B1Z9,2024-05-27,2024-07-11,2024-05-27,PO-2024-8123,Marketing,R. Menon,vendor_portal,INR,91330.66,18,16439.52,107770.18,45,5995,0.986,False,none,False,
INV-2024-000703,Sundaram Motors Spares,33JYFWQ2675O1Z3,2024-09-06,2024-09-21,2024-09-08,PO-2024-2089,Procurement,D'Souza,scanned_mail,INR,369479.94,18,66506.39,467397.15,15,0876,0.976,False,altered_total,True,Total does not reconcile with subtotal + tax.
INV-2025-000704,Bluewave Logistics Pvt Ltd,02PUKXR0738K1Z1,2025-10-29,2025-11-28,2025-11-03,PO-2025-3620,HR,N. Bhatt,edi_feed,INR,420680.18,28,117790.45,538470.63,30,0106,0.923,False,none,False,
INV-2026-000705,Apex Manpower Agency,21MSPIC0336W1Z0,2026-05-14,2026-05-29,2026-05-15,PO-2026-9426,Facilities,V. Desai,email,INR,5192.89,28,1454.01,6646.9,15,4511,0.969,False,none,False,
INV-2024-000706,Bright Path Cleaning Services,22XQGMN1597T1Z6,2024-06-07,2024-07-22,2024-06-07,PO-2024-4908,Operations,V. Desai,vendor_portal,INR,319059.77,12,38287.17,357346.94,45,5958,0.927,False,none,False,
INV-2026-000707,Falcon IT Solutions,01KFMEG6932K1Z0,2026-07-28,2026-09-11,2026-08-02,PO-2026-8995,Facilities,V. Desai,vendor_portal,INR,26953.31,12,3234.4,30187.71,45,6243,0.947,False,none,False,
INV-2024-000708,Sundaram Motors Spares,35ZFKNG9111F1Z4,2024-06-29,2024-07-14,2024-07-01,PO-2024-9902,Marketing,T. Rao,vendor_portal,INR,257797.54,0,0.0,257797.54,15,1062,0.956,False,none,False,
INV-2025-000709,Vishwa Engineering Works,09SVODG1757T1Z3,2025-10-16,2025-11-30,2025-10-16,PO-2025-9897,Marketing,A. Iyer,edi_feed,INR,51302.4,0,0.0,51302.4,45,5087,0.972,False,none,False,
INV-2024-000710,Vishwa Engineering Works,18KQETC9364E1Z4,2024-04-09,2024-05-24,2024-04-13,PO-2024-5584,IT,K. Reddy,edi_feed,INR,80358.33,5,4017.92,84376.25,45,0712,0.983,False,weekend_submission,True,Submitted outside business hours/days with no prior pattern for this vendor.
INV-2024-000711,Coastal Cargo Movers,31QOOPN0863K1Z3,2024-03-28,2024-04-27,2024-04-01,PO-2024-1425,Facilities,N. Bhatt,vendor_portal,INR,23060.54,5,1153.03,24213.57,30,1374,0.994,False,none,False,
INV-2025-000712,Ganga Freight Services,07KFKOY7451O1Z3,2025-09-20,2025-10-20,2025-09-21,PO-2025-6165,Legal,N. Bhatt,email,INR,363086.74,0,0.0,363086.74,30,9267,0.949,False,none,False,
INV-2025-000713,Vishwa Engineering Works,13HXIBD6677V1Z4,2025-05-20,2025-07-04,2025-05-21,PO-2025-4101,IT,K. Reddy,edi_feed,INR,220402.84,28,61712.8,282115.64,45,4618,0.926,False,none,False,
INV-2025-000714,Vishwa Engineering Works,31AKVZX4607G1Z5,2025-08-19,2025-09-03,2025-08-22,PO-2025-6320,Admin,P. Nair,edi_feed,INR,171967.33,0,0.0,171967.33,15,0564,0.975,False,none,False,
INV-2024-000715,Sundaram Motors Spares,29CRWZU3772G1Z6,2024-08-18,2024-10-02,2024-08-22,PO-2024-2781,Admin,R. Menon,scanned_mail,INR,237420.8,5,11871.04,249291.84,45,0192,0.937,False,none,False,
INV-2024-000716,Orion Cloud Systems,07PSENY6263U1Z8,2024-01-24,2024-02-08,2024-01-27,PO-2024-4474,Legal,T. Rao,email,INR,64132.81,5,3206.64,67339.45,15,8967,0.943,False,none,False,
INV-2024-000717,Nandi Hardware Co,19WMFOT8110N1Z0,2024-05-27,2024-07-11,2024-05-29,PO-2024-4623,Operations,K. Reddy,email,USD,102725.02,0,0.0,102725.02,45,7245,0.969,False,none,False,
INV-2025-000718,Prakash Stationery Mart,24EYGYB7778R1Z4,2025-02-04,2025-04-05,2025-02-15,PO-2025-2236,IT,K. Reddy,scanned_mail,INR,343508.19,28,96182.29,439690.48,60,7915,0.972,False,weekend_submission,True,Submitted outside business hours/days with no prior pattern for this vendor.
INV-2025-000719,Bright Path Cleaning Services,29UIESK1808A1Z0,2025-01-17,2025-02-16,2025-01-22,PO-2025-6927,Admin,D'Souza,vendor_portal,INR,120573.76,5,6028.69,126602.45,30,6518,0.937,False,none,False,
INV-2024-000720,Falcon IT Solutions,24XVRKX0821X1Z9,2024-04-18,2024-05-03,2024-04-19,PO-2024-9915,Legal,N. Bhatt,email,INR,334475.14,0,0.0,334475.14,15,6658,0.917,False,none,False,
INV-2024-000721,Deccan Electricals,24SATXZ4429T1Z2,2024-07-30,2024-09-13,2024-08-03,PO-2024-2726,Logistics,R. Menon,email,INR,381152.35,12,45738.28,426890.63,45,2510,0.951,False,none,False,
INV-2024-000722,Bluewave Logistics Pvt Ltd,19BQJUD4162O1Z5,2024-07-12,2024-09-10,2024-07-20,PO-2024-6391,IT,D'Souza,scanned_mail,INR,420232.42,0,0.0,420232.42,60,4723,0.932,False,weekend_submission,True,Submitted outside business hours/days with no prior pattern for this vendor.
INV-2025-000723,Northgate Print Hub,22WUCIO8399J1Z1,2025-10-08,2025-10-23,2025-10-12,PO-2025-7498,Logistics,K. Reddy,scanned_mail,INR,334170.19,0,0.0,334170.19,15,6953,0.954,False,none,False,
INV-2025-000724,Quantum Networks Pvt Ltd,18RVVDV8413A1Z0,2025-04-22,2025-06-21,2025-04-27,PO-2025-2169,Operations,P. Nair,edi_feed,INR,96611.91,0,0.0,96611.91,60,2457,0.921,False,none,False,
INV-2024-000725,Apex Manpower Agency,33IMHNC5529E1Z9,2024-02-20,2024-04-05,2024-02-24,PO-2024-5841,Operations,D'Souza,scanned_mail,INR,399172.59,28,111768.33,510940.92,45,3986,0.906,False,none,False,
INV-2025-000726,Wingspan Travel Corp,15XMANN1430S1Z8,2025-02-13,2025-04-14,2025-02-17,PO-2024-7352,Operations,N. Bhatt,email,USD,326813.59,0,0.0,326813.59,60,6223,0.938,False,mismatched_po,True,PO number does not correspond to an open purchase order.
INV-2026-000727,Zenith Office Furnishings,34KUXXY5963H1Z8,2026-07-15,2026-08-14,2026-07-25,PO-2026-5628,Logistics,D'Souza,edi_feed,INR,227488.0,12,27298.56,254786.56,30,2172,0.936,False,weekend_submission,True,Submitted outside business hours/days with no prior pattern for this vendor.
INV-2024-000728,Orion Cloud Systems,14GSUPU7784R1Z1,2024-11-08,2024-12-08,2024-11-09,PO-2024-5045,Marketing,N. Bhatt,scanned_mail,USD,169139.68,0,0.0,169139.68,30,5609,0.986,True,duplicate_invoice,True,Same vendor/amount seen on a prior invoice within 10 days.
INV-2024-000729,Coastal Cargo Movers,23GUKJI6306P1Z3,2024-06-07,2024-08-06,2024-06-07,PO-2024-4885,Logistics,N. Bhatt,vendor_portal,INR,432738.07,5,21636.9,454374.97,60,0624,0.906,False,none,False,
INV-2024-000730,Everest Packaging Co,18JYDPN2750E1Z3,2024-09-20,2024-10-20,2024-09-22,PO-2024-4581,Marketing,A. Iyer,edi_feed,INR,421046.48,12,50525.58,471572.06,30,8222,0.985,False,none,False,
INV-2025-000731,Falcon IT Solutions,15TXJTM4632J1Z0,2025-04-17,2025-06-01,2025-04-20,PO-2025-1732,Logistics,K. Reddy,email,USD,21815.33,6,1308.92,23124.25,45,6691,0.915,False,none,False,
INV-2024-000732,Tejas Security Services,06AINOE1550Y1Z6,2024-04-18,2024-05-03,2024-04-22,PO-2024-6490,Logistics,A. Iyer,edi_feed,INR,269891.24,5,13494.56,283385.8,15,2374,0.934,False,none,False,
INV-2024-000733,Nandi Hardware Co,36STSWV0980O1Z8,2024-03-15,2024-05-14,2024-03-19,PO-2024-8371,Marketing,P. Nair,email,INR,452715.91,5,22635.8,475351.71,60,0121,0.904,False,none,False,
INV-2024-000734,Deccan Electricals,05LKLXR2618U1Z3,2024-01-11,2024-02-25,2024-01-16,PO-2024-7347,Admin,N. Bhatt,vendor_portal,USD,365936.83,10,36593.68,402530.51,45,8058,0.96,False,none,False,
INV-2026-000735,Zenith Office Furnishings,12PIELV1825X1Z0,2026-03-21,2026-05-05,2026-03-26,PO-2026-7651,Marketing,K. Reddy,scanned_mail,INR,24405.12,12,2928.61,27333.73,45,9181,0.901,False,none,False,
INV-2025-000736,Udupi Fresh Foods,12CWJUN1085Q1Z1,2025-10-19,2025-11-03,2025-10-23,PO-2025-5303,Facilities,V. Desai,email,INR,477151.99,5,23857.6,501009.59,15,0954,0.989,False,none,False,
INV-2024-000737,Everest Packaging Co,04BKPXY7786L1Z4,2024-04-03,2024-04-18,2024-04-03,PO-2024-9511,Legal,A. Iyer,vendor_portal,INR,382800.09,18,68904.02,451704.11,15,2159,0.934,False,none,False,
INV-2024-000738,Quantum Networks Pvt Ltd,20CBFAR2479H1Z2,2024-02-15,2024-03-16,2024-02-15,PO-2024-6452,Legal,T. Rao,scanned_mail,INR,462616.76,18,83271.02,545887.78,30,3729,0.937,False,none,False,
INV-2024-000739,Meridian Consulting Group,10DQZLU6994K1Z3,2024-06-25,2024-08-09,2024-06-26,PO-2024-6393,Logistics,V. Desai,vendor_portal,USD,161108.88,8,12888.71,173997.59,45,5545,0.971,False,none,False,
INV-2024-000740,Tejas Security Services,18LSNGY0723S1Z7,2024-05-31,2024-07-30,2024-06-04,PO-2024-1483,Facilities,T. Rao,edi_feed,INR,472930.53,12,56751.66,529682.19,60,4901,0.993,False,none,False,
INV-2025-000741,Wingspan Travel Corp,32NCBEJ9616G1Z3,2025-05-09,2025-05-24,2025-05-12,PO-2025-1914,Logistics,K. Reddy,edi_feed,USD,392318.84,0,0.0,392318.84,15,0326,0.964,False,none,False,
INV-2025-000742,Quantum Networks Pvt Ltd,28RXWQA1713S1Z3,2025-01-24,2025-03-10,2025-01-25,PO-2025-3229,Marketing,N. Bhatt,vendor_portal,INR,275705.83,28,77197.63,352903.46,45,1126,0.909,False,none,False,
INV-2024-000743,Udupi Fresh Foods,17WUISB1341Q1Z5,2024-07-07,2024-08-21,2024-07-08,PO-2024-9664,Procurement,K. Reddy,vendor_portal,INR,70403.38,0,0.0,70403.38,45,3797,0.994,False,none,False,
INV-2026-000744,Prakash Stationery Mart,18JORMH0479X1Z1,2026-02-17,2026-03-04,2026-02-21,PO-2026-4715,Facilities,N. Bhatt,vendor_portal,INR,131130.94,12,15735.71,146866.65,15,0827,0.985,False,none,False,
INV-2025-000745,Jyothi Print & Design,09UXYNI3127H1Z0,2025-09-02,2025-10-02,2025-09-02,PO-2025-7191,Facilities,D'Souza,email,INR,183925.97,5,9196.3,193122.27,30,4199,0.994,False,none,False,
INV-2025-000746,Meridian Consulting Group,06QPXGJ0038S1Z6,2025-01-11,2025-01-26,2025-01-11,PO-2025-1170,Admin,M. Krishnan,scanned_mail,INR,351998.33,5,17599.92,369598.25,15,0171,0.989,False,none,False,
INV-2024-000747,Global Freight Partners,33YTIQQ8275B1Z5,2024-08-18,2024-10-02,2024-08-19,PO-2024-5065,Procurement,V. Desai,scanned_mail,USD,3658.96,8,292.72,3951.68,45,5437,0.985,False,none,False,
INV-2025-000748,Nandi Hardware Co,33ULACX0756Q1Z3,2025-05-16,2025-06-30,2025-05-17,PO-2025-9764,Admin,V. Desai,email,INR,157593.58,28,44126.2,201719.78,45,7252,0.942,False,none,False,
INV-2025-000749,Apex Manpower Agency,19ATFKV8632R1Z6,2025-10-10,2025-12-09,2025-10-11,PO-2025-6579,HR,M. Krishnan,email,INR,211826.83,12,25419.22,237246.05,60,5727,0.961,False,none,False,
INV-2024-000750,Bright Path Cleaning Services,12RMGBU7797M1Z0,2024-03-16,2024-04-30,2024-03-17,PO-2024-4354,Admin,S. Kulkarni,scanned_mail,USD,376125.58,10,37612.56,413738.14,45,8780,0.936,False,none,False,
INV-2024-000751,Everest Packaging Co,10QZOEZ8928Q1Z4,2024-01-14,2024-01-29,2024-01-18,PO-2023-5219,Logistics,K. Reddy,edi_feed,INR,306629.49,18,55193.31,361822.8,15,6301,0.926,False,mismatched_po,True,PO number does not correspond to an open purchase order.
INV-2024-000752,Orion Cloud Systems,25HGIHY7632R1Z3,2024-06-20,2024-07-20,2024-06-23,PO-2024-7355,Marketing,V. Desai,email,INR,381703.83,18,68706.69,450410.52,30,8363,0.962,False,none,False,
INV-2024-000753,Bluewave Logistics Pvt Ltd,34BVGUT4356V1Z7,2024-02-17,2024-03-18,2024-02-18,PO-2024-8521,Operations,T. Rao,vendor_portal,INR,43322.14,12,5198.66,48520.8,30,1572,0.968,False,split_invoice,True,"Amount sits just under the approval threshold, alongside a same-day sibling invoice."
INV-2024-000754,Vishwa Engineering Works,24XGSBG9821V1Z1,2024-11-24,2025-01-23,2024-11-25,PO-2024-8488,Finance,A. Iyer,scanned_mail,INR,211834.19,18,38130.15,249964.34,60,7992,0.989,False,none,False,
INV-2026-000755,Coastal Cargo Movers,18VDHDO0184W1Z8,2026-04-10,2026-05-25,2026-04-13,PO-2026-9511,Logistics,N. Bhatt,edi_feed,INR,300626.77,28,84175.5,384802.27,45,5837,0.969,False,none,False,
INV-2025-000756,Tejas Security Services,11IAVRG8817A1Z1,2025-08-21,2025-10-05,2025-08-25,PO-2025-9782,Marketing,P. Nair,email,INR,40996.56,12,4919.59,45916.15,45,1294,0.971,False,none,False,
INV-2025-000757,Falcon IT Solutions,17JMJJZ7701A1Z3,2025-04-22,2025-06-06,2025-04-25,PO-2025-2118,IT,N. Bhatt,edi_feed,INR,38657.87,0,0.0,38657.87,45,2769,0.967,False,none,False,
INV-2024-000758,Global Freight Partners,13JXWTH1027R1Z3,2024-01-05,2024-03-05,2024-01-06,PO-2024-1686,Logistics,S. Kulkarni,email,INR,25000.0,0,0.0,25000.0,60,3193,0.974,False,round_number_amount,True,Total is an unusually round figure for this line of business.
INV-2025-000759,Sundaram Motors Spares,18ZYDZF3006K1Z0,2025-07-04,2025-08-18,2025-07-06,PO-2025-6345,IT,P. Nair,edi_feed,INR,478881.47,18,86198.66,565080.13,45,4424,0.927,False,none,False,
INV-2024-000760,Sundaram Motors Spares,07SENJI5097T1Z9,2024-01-25,2024-02-24,2024-01-29,PO-2024-3822,Admin,N. Bhatt,vendor_portal,EUR,215628.58,10,21562.86,237191.44,30,8711,0.95,False,none,False,
INV-2025-000761,Apex Manpower Agency,16UNUBZ5314I1Z1,2025-08-06,2025-08-21,2025-08-09,PO-2025-1349,Logistics,D'Souza,edi_feed,INR,52383.88,5,2619.19,55003.07,15,3545,0.943,False,none,False,
INV-2026-000762,Horizon Facilities Mgmt,30EGAQU9987X1Z0,2026-04-10,2026-05-25,2026-04-14,PO-2026-5577,Legal,A. Iyer,edi_feed,INR,38769.2,28,10855.37,49624.57,45,1113,0.956,False,split_invoice,True,"Amount sits just under the approval threshold, alongside a same-day sibling invoice."
INV-2026-000763,Apex Manpower Agency,04ZFOMF0759R1Z9,2026-02-03,2026-03-20,2026-02-06,PO-2026-2938,Marketing,D'Souza,edi_feed,INR,466068.03,18,83892.25,626255.27,45,0371,0.972,False,altered_total,True,Total does not reconcile with subtotal + tax.
INV-2024-000764,Apex Manpower Agency,28FGDIN2169M1Z4,2024-02-03,2024-04-03,2024-02-04,PO-2024-9358,Legal,A. Iyer,edi_feed,USD,19859.3,6,1191.56,21050.86,60,6714,0.98,False,none,False,
INV-2024-000765,Ganga Freight Services,24QHJSI9529L1Z1,2024-02-22,2024-04-07,2024-02-27,PO-2024-6341,Admin,V. Desai,vendor_portal,USD,18791.39,0,0.0,18791.39,45,1918,0.953,False,none,False,
INV-2024-000766,Yamuna Water Solutions,36GKWYW3423E1Z9,2024-09-20,2024-11-19,2024-09-23,PO-2024-9736,Marketing,N. Bhatt,scanned_mail,USD,174612.98,0,0.0,174612.98,60,0130,0.916,False,none,False,
INV-2025-000767,Falcon IT Solutions,03VAYZD2228Z1Z9,2025-10-08,2025-11-07,2025-10-11,PO-2025-7482,Procurement,K. Reddy,vendor_portal,EUR,259832.55,10,25983.26,285815.81,30,0000,0.933,False,none,False,
INV-2024-000768,Prakash Stationery Mart,22HQIYL7552P1Z5,2024-10-20,2024-11-19,2024-10-23,PO-2024-2694,Admin,K. Reddy,vendor_portal,USD,452519.15,6,27151.15,479670.3,30,9342,0.927,False,none,False,
INV-2025-000769,Prakash Stationery Mart,23IYOQD5802W1Z0,2025-12-29,2026-02-12,2025-12-29,PO-2025-5655,Marketing,N. Bhatt,vendor_portal,INR,380873.44,28,106644.56,487518.0,45,1184,0.976,False,none,False,
INV-2026-000770,Northgate Print Hub,15GNOUE0078N1Z6,2026-05-15,2026-06-29,2026-05-15,PO-2026-2503,Finance,T. Rao,email,INR,58455.23,12,7014.63,65469.86,45,0102,0.908,False,none,False,
INV-2025-000771,Jyothi Print & Design,29XHRTL6989U1Z1,2025-03-12,2025-04-11,2025-03-13,PO-2025-4255,Logistics,V. Desai,vendor_portal,INR,210199.62,12,25223.95,235423.57,30,9083,0.941,False,none,False,
INV-2024-000772,Apex Manpower Agency,06KFOIY9391Y1Z0,2024-09-05,2024-10-20,2024-09-08,PO-2024-4503,Logistics,S. Kulkarni,scanned_mail,USD,90763.52,10,9076.35,99839.87,45,6623,0.91,False,none,False,
INV-2025-000773,Zenith Office Furnishings,07WFQGL4849R1Z0,2025-10-16,2025-10-31,2025-10-18,PO-2025-8387,IT,S. Kulkarni,scanned_mail,INR,126284.2,0,0.0,126284.2,15,3481,0.951,False,none,False,
INV-2025-000774,Chola Office Supplies,03WOPAX2906K1Z6,2025-02-25,2025-04-11,2025-03-02,PO-2025-7955,HR,P. Nair,scanned_mail,INR,139144.63,0,0.0,139144.63,45,5505,0.908,False,none,False,
INV-2025-000775,Yamuna Water Solutions,26CCLKE9439U1Z8,2025-06-22,2025-07-07,2025-06-25,PO-2025-1056,Logistics,P. Nair,scanned_mail,INR,261746.53,28,73289.03,335035.56,15,6538,0.959,False,none,False,
INV-2024-000776,Udupi Fresh Foods,31VOMHN2311M1Z9,2024-03-06,2024-03-21,2024-03-07,PO-2024-4415,Operations,T. Rao,scanned_mail,INR,460905.07,18,82962.91,543867.98,15,9245,0.914,False,none,False,
INV-2024-000777,Raagam Interiors,02TSXDD9379D1Z0,2024-11-15,2024-11-30,2024-11-15,PO-2024-3388,Facilities,N. Bhatt,scanned_mail,INR,193873.9,28,54284.69,248158.59,15,7839,0.97,False,none,False,
INV-2025-000778,Sundaram Motors Spares,20NUMEP7665R1Z5,2025-06-27,2025-07-27,2025-07-02,PO-2025-7951,IT,M. Krishnan,scanned_mail,EUR,23584.91,6,1415.09,25000.0,30,2755,0.931,False,round_number_amount,True,Total is an unusually round figure for this line of business.
INV-2026-000779,Northgate Print Hub,12NQVFR1086K1Z5,2026-08-07,2026-09-21,2026-08-10,PO-2026-4732,Legal,V. Desai,email,INR,25000.0,0,0.0,25000.0,45,7821,0.979,False,round_number_amount,True,Total is an unusually round figure for this line of business.
INV-2025-000780,Aravind Steel Traders,09FDYBP3276Y1Z0,2025-02-24,2025-03-26,2025-02-27,PO-2025-3494,HR,R. Menon,vendor_portal,INR,159224.43,0,0.0,159224.43,30,0570,0.987,False,none,False,
INV-2026-000781,Coastal Cargo Movers,15FEENE4355D1Z7,2026-01-12,2026-01-27,2026-01-13,PO-2025-4877,HR,R. Menon,email,INR,131569.85,28,36839.56,168409.41,15,5298,0.901,False,mismatched_po,True,PO number does not correspond to an open purchase order.
INV-2025-000782,Udupi Fresh Foods,07TMUGU3841V1Z8,2025-03-31,2025-05-30,2025-04-04,PO-2025-1586,Legal,K. Reddy,scanned_mail,INR,160116.16,18,28820.91,188937.07,60,6014,0.952,False,none,False,
INV-2024-000783,Vishwa Engineering Works,36BUAFV8886S1Z8,2024-06-16,2024-07-01,2024-06-18,PO-2024-4529,Admin,M. Krishnan,email,INR,416858.3,0,0.0,416858.3,15,0756,0.966,False,none,False,
INV-2026-000784,Tejas Security Services,22ZVMPE4222Z1Z1,2026-08-28,2026-09-12,2026-09-01,PO-2026-4617,IT,N. Bhatt,edi_feed,INR,333563.17,12,40027.58,373590.75,15,6947,0.982,False,none,False,
INV-2025-000785,Orion Cloud Systems,03SMFBG7560R1Z3,2025-01-21,2025-02-05,2025-01-25,PO-2025-7142,Finance,A. Iyer,vendor_portal,INR,412747.5,0,0.0,412747.5,15,2670,0.993,False,none,False,
INV-2024-000786,Deccan Electricals,17XESSA6080I1Z7,2024-05-31,2024-06-30,2024-06-03,PO-2024-7723,Operations,R. Menon,email,INR,331400.15,28,92792.04,424192.19,30,6495,0.916,False,none,False,
INV-2026-000787,Apex Manpower Agency,29CZMTH1188U1Z8,2026-05-04,2026-06-03,2026-05-09,PO-2026-5009,HR,D'Souza,vendor_portal,INR,360823.0,12,43298.76,404121.76,30,6218,0.92,False,none,False,
INV-2026-000788,Chola Office Supplies,15OXFTW9977U1Z8,2026-03-14,2026-03-29,2026-03-15,PO-2026-5465,Logistics,D'Souza,scanned_mail,INR,147689.15,12,17722.7,165411.85,15,4992,0.971,False,none,False,
INV-2025-000789,Orion Cloud Systems,29THWPK5487G1Z4,2025-01-19,2025-03-20,2025-01-24,PO-2025-2244,Procurement,K. Reddy,scanned_mail,INR,226278.12,18,40730.06,267008.18,60,4907,0.943,False,none,False,
INV-2024-000790,Sundaram Motors Spares,02MJXRK4000P1Z1,2024-04-09,2024-05-09,2024-04-10,PO-2024-7018,HR,V. Desai,vendor_portal,EUR,220188.49,0,0.0,220188.49,30,2375,0.938,False,none,False,
INV-2026-000791,Tejas Security Services,23FXZVF9985D1Z0,2026-07-24,2026-08-23,2026-07-26,PO-2026-7012,IT,A. Iyer,scanned_mail,USD,227650.83,6,13659.05,241309.88,30,6523,0.955,False,none,False,
INV-2025-000792,Indus Valley Textiles,33MIWYJ5521X1Z1,2025-04-23,2025-06-07,2025-04-27,PO-2025-3636,Logistics,N. Bhatt,vendor_portal,INR,176299.22,18,31733.86,208033.08,45,0766,0.935,False,none,False,
INV-2024-000793,Zenith Office Furnishings,07FZKJP3119C1Z2,2024-03-16,2024-03-31,2024-03-17,PO-2024-6015,IT,T. Rao,vendor_portal,USD,359780.69,0,0.0,359780.69,15,7118,0.921,False,none,False,
INV-2024-000794,Coastal Cargo Movers,07NEYRR1797F1Z4,2024-08-09,2024-09-08,2024-08-10,PO-2024-7237,Marketing,P. Nair,scanned_mail,INR,137900.13,28,38612.04,176512.17,30,7751,0.929,False,none,False,
INV-2026-000795,Kaveri Industrial Parts,04NPCVF5451G1Z8,2026-05-04,2026-05-19,2026-05-06,PO-2026-4459,Operations,K. Reddy,vendor_portal,INR,375118.99,28,105033.32,480152.31,15,1358,0.931,False,none,False,
INV-2026-000796,Tejas Security Services,25UBZFJ0488Q1Z0,2026-01-31,2026-04-01,2026-01-31,PO-2026-8771,IT,R. Menon,vendor_portal,INR,38084.19,12,4570.1,42654.29,60,4722,0.951,False,none,False,
INV-2024-000797,Ganga Freight Services,10GYSAS1950G1Z1,2024-11-10,2025-01-09,2024-11-12,PO-2024-2208,Marketing,N. Bhatt,email,INR,426616.82,5,21330.84,447947.66,60,5439,0.905,False,none,False,
INV-2025-000798,Prakash Stationery Mart,30QZQQT8523G1Z6,2025-11-21,2026-01-05,2025-11-24,PO-2025-6062,IT,A. Iyer,edi_feed,USD,177497.31,0,0.0,177497.31,45,5517,0.989,False,none,False,
INV-2026-000799,Zenith Office Furnishings,15YXDVI7048U1Z4,2026-06-14,2026-08-13,2026-06-19,PO-2026-7079,Logistics,M. Krishnan,vendor_portal,INR,170300.57,5,8515.03,178815.6,60,3196,0.912,False,none,False,
INV-2024-000800,Udupi Fresh Foods,07QBGOP3900H1Z0,2024-06-25,2024-07-25,2024-06-26,PO-2024-9734,HR,A. Iyer,scanned_mail,INR,259687.92,0,0.0,259687.92,30,2993,0.952,False,none,False,
INV-2025-000801,Kaveri Industrial Parts,35VGAQX1705M1Z7,2025-11-23,2025-12-23,2025-11-24,PO-2025-3699,Admin,N. Bhatt,scanned_mail,INR,236136.12,0,0.0,236136.12,30,3301,0.941,False,none,False,
INV-2024-000802,Global Freight Partners,06QIGVS6902Y1Z7,2024-02-26,2024-03-27,2024-02-28,PO-2024-6983,HR,A. Iyer,scanned_mail,INR,478998.21,18,86219.68,565217.89,30,3818,0.928,False,none,False,
INV-2024-000803,Bluewave Logistics Pvt Ltd,11LIDTC2690B1Z3,2024-04-23,2024-05-08,2024-04-28,PO-2024-2679,Operations,V. Desai,email,INR,254339.49,12,30520.74,284860.23,15,4392,0.973,False,none,False,
INV-2025-000804,Orion Cloud Systems,13EJGJJ9659E1Z1,2025-11-09,2026-01-08,2025-11-09,PO-2024-1542,Facilities,D'Souza,vendor_portal,INR,132231.62,18,23801.69,156033.31,60,9160,0.943,False,mismatched_po,True,PO number does not correspond to an open purchase order.
INV-2024-000805,Yamuna Water Solutions,06CFKCR4265O1Z8,2024-09-29,2024-10-14,2024-09-29,PO-2024-5010,Finance,M. Krishnan,scanned_mail,INR,315465.17,0,0.0,315465.17,15,5866,0.924,False,none,False,
INV-2026-000806,Sundaram Motors Spares,31QXLAX0072N1Z6,2026-08-17,2026-10-01,2026-08-22,PO-2026-4088,Finance,K. Reddy,scanned_mail,INR,413045.22,5,20652.26,433697.48,45,0114,0.988,False,none,False,
INV-2025-000807,Northgate Print Hub,22JANIT4145I1Z6,2025-03-21,2025-05-20,2025-03-21,PO-2025-2030,Marketing,M. Krishnan,scanned_mail,INR,241756.61,18,43516.19,285272.8,60,6328,0.927,False,none,False,
INV-2024-000808,Horizon Facilities Mgmt,19LYYIK4329A1Z8,2024-02-24,2024-03-25,2024-02-27,PO-2024-8456,Facilities,T. Rao,scanned_mail,INR,388776.18,5,19438.81,408214.99,30,2004,0.975,False,none,False,
INV-2024-000809,Yamuna Water Solutions,37CSLQZ8781P1Z1,2024-04-12,2024-04-27,2024-04-15,PO-2024-9543,Finance,R. Menon,email,INR,304751.35,28,85330.38,390081.73,15,1382,0.936,False,none,False,
INV-2026-000810,Jyothi Print & Design,05HETTU7003P1Z4,2026-06-01,2026-07-31,2026-06-03,PO-2026-3994,Finance,D'Souza,scanned_mail,INR,243456.72,12,29214.81,272671.53,60,3897,0.946,False,none,False,
INV-2026-000811,Zenith Office Furnishings,25IVQHH4413Y1Z9,2026-09-03,2026-10-03,2026-09-03,PO-2026-7925,Finance,D'Souza,edi_feed,INR,295340.5,0,0.0,295340.5,30,3899,0.929,False,none,False,
INV-2025-000812,Raagam Interiors,07LYWEW3555F1Z5,2025-07-07,2025-08-21,2025-07-11,PO-2025-4343,Facilities,N. Bhatt,scanned_mail,EUR,176949.69,10,17694.97,194644.66,45,6287,0.982,False,none,False,
INV-2025-000813,Everest Packaging Co,11HTSVO9389C1Z8,2025-06-14,2025-07-29,2025-06-17,PO-2025-9863,HR,N. Bhatt,edi_feed,INR,126947.5,28,35545.3,162492.8,45,0111,0.908,False,none,False,
INV-2024-000814,Sundaram Motors Spares,19QHAXH3135E1Z5,2024-03-16,2024-04-15,2024-03-18,PO-2024-5182,Facilities,V. Desai,email,EUR,364270.75,0,0.0,364270.75,30,8622,0.989,False,none,False,
INV-2024-000815,Aravind Steel Traders,12WIZCQ5001H1Z0,2024-02-01,2024-03-17,2024-02-01,PO-2024-2542,Legal,N. Bhatt,edi_feed,INR,115329.13,5,5766.46,121095.59,45,8865,0.981,False,none,False,
INV-2026-000816,Apex Manpower Agency,29AOHUO1067D1Z6,2026-09-07,2026-09-22,2026-09-10,PO-2026-1432,Logistics,T. Rao,email,INR,108648.81,28,30421.67,139070.48,15,5191,0.962,False,none,False,
INV-2025-000817,Chola Office Supplies,37TOIPB7098S1Z4,2025-06-23,2025-07-08,2025-06-26,PO-2025-3333,Logistics,P. Nair,vendor_portal,INR,400846.1,18,72152.3,472998.4,15,3571,0.919,False,none,False,
INV-2024-000818,Zenith Office Furnishings,20VDQBY3594E1Z7,2024-02-08,2024-04-08,2024-02-12,PO-2024-9688,Operations,V. Desai,email,INR,390038.68,28,109210.83,499249.51,60,3584,0.977,False,none,False,
INV-2026-000819,Global Freight Partners,19XIDUX0975H1Z2,2026-07-08,2026-09-06,2026-07-08,PO-2026-1121,IT,A. Iyer,scanned_mail,EUR,269525.76,8,21562.06,291087.82,60,7204,0.956,False,none,False,
INV-2026-000820,Coastal Cargo Movers,05NMEUD2728W1Z8,2026-01-27,2026-02-26,2026-01-31,PO-2026-5205,IT,M. Krishnan,vendor_portal,INR,382791.8,5,19139.59,401931.39,30,8189,0.935,False,none,False,
INV-2025-000821,Chola Office Supplies,23EWFZK6950O1Z9,2025-02-08,2025-03-10,2025-02-11,PO-2025-9155,Admin,T. Rao,scanned_mail,INR,268367.5,12,32204.1,300571.6,30,0732,0.964,False,none,False,
INV-2025-000822,Bright Path Cleaning Services,16TCSJO9946G1Z9,2025-08-12,2025-09-11,2025-08-15,PO-2025-2612,Finance,K. Reddy,vendor_portal,INR,274412.78,18,49394.3,323807.08,30,9560,0.963,False,none,False,
INV-2024-000823,Indus Valley Textiles,25KDLLV9886O1Z7,2024-02-10,2024-04-10,2024-02-10,PO-2024-2046,Admin,R. Menon,email,INR,184693.62,12,22163.23,206856.85,60,8832,0.974,False,none,False,
INV-2025-000824,Lotus Catering Services,12OSVUR7500U1Z8,2025-08-12,2025-10-11,2025-08-12,PO-2024-9715,Facilities,T. Rao,edi_feed,INR,314160.2,12,37699.22,351859.42,60,9229,0.967,False,mismatched_po,True,PO number does not correspond to an open purchase order.
INV-2024-000825,Deccan Electricals,25KDXYB0261W1Z9,2024-10-23,2024-12-07,2024-10-23,PO-2024-9785,Admin,V. Desai,email,EUR,133428.28,6,8005.7,141433.98,45,6865,0.924,False,none,False,
INV-2025-000826,Aravind Steel Traders,24GFZBW1925K1Z4,2025-11-28,2025-12-28,2025-11-28,PO-2025-3544,Operations,T. Rao,vendor_portal,INR,216482.46,12,25977.9,242460.36,30,4341,0.907,False,none,False,
INV-2024-000827,Indus Valley Textiles,30JFJIQ9094F1Z5,2024-01-09,2024-03-09,2024-01-12,PO-2024-2920,Facilities,P. Nair,edi_feed,INR,239548.48,28,67073.57,306622.05,60,2212,0.952,False,none,False,
INV-2025-000828,Apex Manpower Agency,30OWELG0427W1Z1,2025-05-05,2025-06-19,2025-05-08,PO-2025-9548,Finance,D'Souza,vendor_portal,INR,260279.32,18,46850.28,307129.6,45,2129,0.929,False,none,False,
INV-2026-000829,Jyothi Print & Design,05NOYXW9643R1Z0,2026-03-06,2026-04-20,2026-03-11,PO-2026-4543,Admin,K. Reddy,scanned_mail,INR,211536.93,12,25384.43,236921.36,45,8892,0.943,False,none,False,
INV-2026-000830,Prakash Stationery Mart,25JFRXO6557I1Z4,2026-08-12,2026-10-11,2026-08-14,PO-2026-1708,Marketing,T. Rao,email,INR,211065.9,0,0.0,211065.9,60,9441,0.947,False,none,False,
INV-2024-000831,Indus Valley Textiles,27AFYEW4754L1Z3,2024-08-19,2024-10-18,2024-08-21,PO-2023-7620,Admin,V. Desai,scanned_mail,USD,431116.37,8,34489.31,465605.68,60,8483,0.936,False,mismatched_po,True,PO number does not correspond to an open purchase order.
INV-2024-000832,Lotus Catering Services,35BWTLO1672H1Z5,2024-11-24,2025-01-23,2024-11-29,PO-2024-4668,Operations,N. Bhatt,scanned_mail,INR,403909.5,28,113094.66,517004.16,60,5378,0.928,False,none,False,
INV-2025-000833,Ganga Freight Services,07MMDKF2647N1Z2,2025-05-10,2025-07-09,2025-05-14,PO-2025-3629,Admin,S. Kulkarni,edi_feed,INR,422991.85,0,0.0,422991.85,60,0201,0.908,False,none,False,
INV-2025-000834,Vishwa Engineering Works,26PYYIW5996J1Z4,2025-06-17,2025-08-16,2025-06-18,PO-2025-7340,HR,S. Kulkarni,vendor_portal,INR,65116.09,28,18232.51,83348.6,60,3571,0.943,False,none,False,
INV-2025-000835,Udupi Fresh Foods,10PIFAU8585G1Z5,2025-01-20,2025-02-19,2025-01-22,PO-2025-3256,Legal,M. Krishnan,edi_feed,INR,148652.34,18,26757.42,175409.76,30,5356,0.942,False,none,False,
INV-2025-000836,Bluewave Logistics Pvt Ltd,33BMPFL5494I1Z0,2025-01-04,2025-02-18,2025-01-08,PO-2025-9595,Legal,K. Reddy,email,INR,321408.96,5,16070.45,337479.41,45,1752,0.922,False,none,False,
INV-2025-000837,Quantum Networks Pvt Ltd,04PYBTJ9887P1Z5,2025-05-15,2025-05-30,2025-05-17,PO-2025-7294,Facilities,M. Krishnan,email,INR,175322.44,12,21038.69,196361.13,15,5549,0.96,False,none,False,
INV-2024-000838,Nandi Hardware Co,31YXQRA3125O1Z3,2024-10-22,2024-11-21,2024-10-25,PO-2024-1515,Finance,A. Iyer,edi_feed,USD,134839.57,10,13483.96,148323.53,30,0349,0.913,False,none,False,
INV-2025-000839,Deccan Electricals,25XNNWX2512E1Z9,2025-01-30,2025-03-31,2025-01-30,PO-2025-1328,Logistics,N. Bhatt,vendor_portal,INR,264014.3,5,13200.72,277215.02,60,7583,0.963,False,none,False,
INV-2024-000840,Tejas Security Services,27OAXYD5206R1Z7,2024-10-10,2024-11-24,2024-10-11,PO-2024-7193,Marketing,A. Iyer,email,INR,462215.37,28,129420.3,591635.67,45,9214,0.942,False,none,False,
INV-2024-000841,Deccan Electricals,11HPLSH5516Y1Z6,2024-02-12,2024-04-12,2024-02-13,PO-2024-7709,IT,N. Bhatt,edi_feed,USD,97553.0,8,7804.24,105357.24,60,4019,0.931,False,none,False,
INV-2025-000842,Global Freight Partners,09UVGCQ3228B1Z6,2025-12-12,2026-02-10,2025-12-15,PO-2025-3160,Logistics,M. Krishnan,edi_feed,USD,414054.51,8,33124.36,447178.87,60,2305,0.943,False,none,False,
INV-2026-000843,Horizon Facilities Mgmt,02WLNJZ8643P1Z3,2026-06-19,2026-08-18,2026-06-22,PO-2026-7238,Legal,M. Krishnan,email,INR,286549.62,5,14327.48,300877.1,60,1876,0.987,False,none,False,
INV-2025-000844,Global Freight Partners,36LNGHF7027Q1Z3,2025-10-17,2025-12-16,2025-10-17,PO-2025-2780,HR,M. Krishnan,email,INR,70615.9,0,0.0,70615.9,60,9830,0.939,False,none,False,
INV-2025-000845,Umbra Services LLP,GSTIN-MISSING,2025-03-04,2025-05-03,2025-03-06,PO-2025-7360,Facilities,R. Menon,vendor_portal,INR,136478.78,12,16377.45,152856.23,60,3959,0.851,False,ghost_vendor,True,Vendor has no prior transaction history; GSTIN fails format check.
INV-2026-000846,Vishwa Engineering Works,01PUKJI1249B1Z4,2026-02-19,2026-03-06,2026-02-24,PO-2026-4889,HR,M. Krishnan,scanned_mail,USD,249649.85,0,0.0,249649.85,15,0939,0.923,False,none,False,
INV-2024-000847,Nandi Hardware Co,03ULZVL6008H1Z3,2024-08-19,2024-10-18,2024-08-24,PO-2024-2644,HR,S. Kulkarni,scanned_mail,INR,78065.42,5,3903.27,81968.69,60,8422,0.933,False,none,False,
INV-2024-000848,Jyothi Print & Design,26VPTSC2086W1Z1,2024-09-26,2024-10-11,2024-09-28,PO-2024-7459,Finance,A. Iyer,vendor_portal,INR,321004.74,5,16050.24,337054.98,15,1403,0.962,False,none,False,
INV-2024-000849,Quantum Networks Pvt Ltd,11QFBOF7373R1Z9,2024-06-01,2024-06-16,2024-06-02,PO-2024-7885,Facilities,N. Bhatt,email,INR,327338.17,18,58920.87,386259.04,15,5603,0.96,False,none,False,
INV-2025-000850,Apex Manpower Agency,25JALWG7538G1Z0,2025-05-18,2025-07-02,2025-05-22,PO-2025-9643,HR,T. Rao,edi_feed,INR,203133.03,28,56877.25,260010.28,45,3336,0.902,False,none,False,
INV-2024-000851,Udupi Fresh Foods,30XVRSH2459R1Z4,2024-03-31,2024-05-30,2024-04-04,PO-2024-5973,Finance,M. Krishnan,scanned_mail,INR,267439.15,28,74882.96,342322.11,60,0122,0.97,False,none,False,
INV-2024-000852,Zenith Office Furnishings,37ZGUQZ5380H1Z2,2024-11-13,2024-11-28,2024-11-15,PO-2024-9943,Legal,S. Kulkarni,edi_feed,USD,39721.19,0,0.0,39721.19,15,5828,0.981,False,none,False,
INV-2025-000853,Sundaram Motors Spares,22QYERX7837L1Z4,2025-03-27,2025-05-11,2025-03-28,PO-2025-6150,Facilities,S. Kulkarni,scanned_mail,INR,59956.13,12,7194.74,67150.87,45,4958,0.938,False,none,False,
INV-2026-000854,Ganga Freight Services,20RAQYC6852K1Z6,2026-02-02,2026-02-17,2026-02-05,PO-2026-7630,Facilities,N. Bhatt,email,INR,36707.9,12,4404.95,41112.85,15,6723,0.976,False,none,False,
INV-2024-000855,Vishwa Engineering Works,11IUIQY4501L1Z5,2024-12-31,2025-02-14,2024-12-31,PO-2024-3937,Logistics,K. Reddy,email,USD,248080.33,10,24808.03,272888.36,45,5875,0.93,False,none,False,
INV-2026-000856,Falcon IT Solutions,35VLDTU7966E1Z5,2026-08-11,2026-08-26,2026-08-11,PO-2026-9567,Admin,T. Rao,scanned_mail,INR,225549.44,0,0.0,225549.44,15,6645,0.957,False,none,False,
INV-2024-000857,Jyothi Print & Design,08KXGDP0452Z1Z7,2024-12-08,2025-02-06,2024-12-08,PO-2024-9304,Logistics,A. Iyer,email,INR,185206.17,28,51857.73,237063.9,60,3393,0.935,False,none,False,
INV-2025-000858,Wingspan Travel Corp,06ZZCMN3178T1Z9,2025-12-22,2026-02-20,2025-12-26,PO-2025-9407,Logistics,P. Nair,email,INR,119839.58,28,33555.08,153394.66,60,2702,0.992,False,none,False,
INV-2026-000859,Lotus Catering Services,07UUKUP5974X1Z3,2026-01-12,2026-03-13,2026-01-15,PO-2026-1873,Marketing,M. Krishnan,edi_feed,INR,28759.29,18,5176.67,33935.96,60,4881,0.932,False,none,False,
INV-2026-000860,Nandi Hardware Co,23TADJV3063T1Z2,2026-03-14,2026-03-29,2026-03-15,PO-2026-9219,Marketing,A. Iyer,scanned_mail,INR,311100.14,12,37332.02,348432.16,15,7895,0.911,False,none,False,
INV-2024-000861,Coastal Cargo Movers,35XCPOF6637R1Z4,2024-03-11,2024-04-10,2024-03-14,PO-2024-9967,Operations,D'Souza,vendor_portal,INR,159227.63,28,44583.74,203811.37,30,1814,0.971,False,none,False,
INV-2025-000862,Falcon IT Solutions,24OALEZ9949E1Z5,2025-11-03,2025-12-03,2025-11-03,PO-2025-9373,Logistics,A. Iyer,edi_feed,USD,313928.09,10,31392.81,345320.9,30,4272,0.947,False,none,False,
INV-2026-000863,Apex Manpower Agency,33QOUPF2093U1Z3,2026-08-25,2026-09-09,2026-08-28,PO-2026-5881,Logistics,S. Kulkarni,vendor_portal,USD,89428.43,8,7154.27,96582.7,15,4705,0.948,False,none,False,
INV-2026-000864,Ganga Freight Services,15EDUEE3475P1Z1,2026-01-18,2026-03-04,2026-01-20,PO-2026-5334,Legal,A. Iyer,vendor_portal,INR,114642.71,0,0.0,114642.71,45,4329,0.956,False,none,False,
INV-2024-000865,Quantum Networks Pvt Ltd,21KUBKB3590W1Z9,2024-08-04,2024-09-03,2024-08-08,PO-2024-4875,HR,V. Desai,vendor_portal,INR,18115.87,0,0.0,18115.87,30,7274,0.925,False,none,False,
INV-2024-000866,Yamuna Water Solutions,20JXOMJ3186V1Z4,2024-06-22,2024-08-21,2024-06-25,PO-2024-2030,IT,A. Iyer,email,INR,374780.19,0,0.0,374780.19,60,6486,0.914,False,none,False,
INV-2025-000867,Nandi Hardware Co,32TXRRF7340F1Z2,2025-06-21,2025-08-20,2025-06-23,PO-2025-7446,Logistics,K. Reddy,scanned_mail,EUR,285178.73,6,17110.72,302289.45,60,5040,0.985,False,none,False,
INV-2024-000868,Falcon IT Solutions,09BHCSP5138Z1Z6,2024-04-03,2024-05-18,2024-04-08,PO-2024-6493,Procurement,R. Menon,email,INR,37862.88,28,10601.61,48464.49,45,3176,0.9,False,split_invoice,True,"Amount sits just under the approval threshold, alongside a same-day sibling invoice."
INV-2026-000869,Tejas Security Services,24RJXKE9510F1Z3,2026-04-28,2026-05-13,2026-05-01,PO-2026-5112,Facilities,N. Bhatt,email,INR,419211.47,28,117379.21,536590.68,15,8582,0.987,False,none,False,
INV-2025-000870,Vishwa Engineering Works,31NPZVI0963Y1Z2,2025-07-10,2025-09-08,2025-07-14,PO-2025-3619,Legal,N. Bhatt,vendor_portal,USD,220220.74,0,0.0,220220.74,60,2091,0.949,False,none,False,
INV-2024-000871,Indus Valley Textiles,08CPFYI5949T1Z4,2024-01-04,2024-02-03,2024-01-06,PO-2024-9604,Procurement,P. Nair,edi_feed,INR,293030.6,5,14651.53,307682.13,30,6104,0.944,False,none,False,
INV-2025-000872,Sundaram Motors Spares,23KUYZI1462E1Z8,2025-07-05,2025-08-04,2025-07-06,PO-2025-9248,Operations,K. Reddy,edi_feed,INR,83122.77,5,4156.14,87278.91,30,8963,0.984,False,none,False,
INV-2024-000873,Orion Cloud Systems,17LPNSX4978R1Z7,2024-07-11,2024-08-10,2024-07-11,PO-2024-9663,HR,T. Rao,email,INR,139474.21,12,16736.91,156211.12,30,8231,0.974,False,none,False,
INV-2025-000874,Coastal Cargo Movers,09HVRQG9036D1Z6,2025-05-30,2025-07-14,2025-06-01,PO-2025-9676,HR,D'Souza,vendor_portal,INR,334881.2,28,93766.74,488121.47,45,6185,0.993,False,altered_total,True,Total does not reconcile with subtotal + tax.
INV-2024-000875,Zenith Office Furnishings,36NRAWT8937S1Z6,2024-12-22,2025-01-21,2024-12-28,PO-2024-4242,IT,N. Bhatt,email,INR,240015.77,5,12000.79,252016.56,30,9524,0.981,False,weekend_submission,True,Submitted outside business hours/days with no prior pattern for this vendor.
INV-2025-000876,Chola Office Supplies,01ZAIDT3846X1Z5,2025-08-06,2025-10-05,2025-08-06,PO-2025-5042,IT,A. Iyer,vendor_portal,INR,3110.57,5,155.53,3266.1,60,5651,0.944,False,none,False,
INV-2024-000877,Tejas Security Services,05JJVES3983R1Z8,2024-09-29,2024-11-28,2024-10-02,PO-2024-9597,Operations,D'Souza,edi_feed,INR,227615.89,18,40970.86,268586.75,60,2416,0.988,False,none,False,
INV-2026-000878,Prakash Stationery Mart,25ZELFQ2176U1Z0,2026-04-18,2026-06-02,2026-04-20,PO-2026-9565,Marketing,N. Bhatt,scanned_mail,USD,38078.84,6,2284.73,40363.57,45,3810,0.941,False,none,False,
INV-2025-000879,Jyothi Print & Design,34CTFQI6288O1Z8,2025-11-03,2025-11-18,2025-11-08,PO-2025-7317,Legal,M. Krishnan,edi_feed,INR,298575.0,12,35829.0,334404.0,15,0028,0.963,False,none,False,
INV-2025-000880,Global Freight Partners,14IDCMG2142E1Z3,2025-08-20,2025-09-19,2025-08-25,PO-2025-4786,Procurement,M. Krishnan,vendor_portal,INR,333367.45,28,93342.89,426710.34,30,8674,0.974,False,none,False,
INV-2026-000881,Quantum Networks Pvt Ltd,02IGRNW6808B1Z5,2026-06-04,2026-07-04,2026-06-05,PO-2026-3058,HR,T. Rao,scanned_mail,INR,107029.61,28,29968.29,136997.9,30,2905,0.912,False,none,False,
INV-2025-000882,Wingspan Travel Corp,36WPSYV7400Z1Z4,2025-06-05,2025-08-04,2025-06-05,PO-2025-5865,Procurement,A. Iyer,scanned_mail,INR,173983.46,28,48715.37,222698.83,60,5053,0.926,False,none,False,
INV-2024-000883,Coastal Cargo Movers,34FKSEM5119J1Z6,2024-01-31,2024-03-31,2024-02-01,PO-2024-5563,HR,V. Desai,vendor_portal,INR,91952.6,12,11034.31,102986.91,60,1638,0.946,False,none,False,
INV-2026-000884,Zenith Office Furnishings,16MEJGT7058I1Z6,2026-09-05,2026-11-04,2026-09-06,PO-2026-8947,Facilities,P. Nair,vendor_portal,INR,132847.29,28,37197.24,170044.53,60,9478,0.974,False,none,False,
INV-2024-000885,Bluewave Logistics Pvt Ltd,10TFFNM0980I1Z8,2024-10-02,2024-11-01,2024-10-03,PO-2024-4120,Finance,A. Iyer,scanned_mail,INR,344835.0,28,96553.8,441388.8,30,6159,0.941,False,none,False,
INV-2025-000886,Apex Manpower Agency,24NFSMJ6708H1Z1,2025-12-30,2026-02-28,2026-01-01,PO-2025-6829,HR,K. Reddy,email,INR,90030.03,0,0.0,90030.03,60,1611,0.992,False,none,False,
INV-2026-000887,Global Freight Partners,11SXHFK0911T1Z6,2026-03-18,2026-04-17,2026-03-19,PO-2026-6214,IT,D'Souza,email,INR,363897.82,5,18194.89,382092.71,30,8807,0.958,False,none,False,
INV-2026-000888,Nandi Hardware Co,27LVGLY4541Q1Z6,2026-03-20,2026-04-19,2026-03-22,PO-2026-7991,Marketing,D'Souza,edi_feed,INR,342914.89,12,41149.79,384064.68,30,5671,0.919,False,none,False,
INV-2024-000889,Udupi Fresh Foods,19RPGOY0063L1Z1,2024-11-20,2025-01-04,2024-11-23,PO-2024-1698,Procurement,N. Bhatt,vendor_portal,EUR,38880.01,8,3110.4,41990.41,45,5067,0.924,False,none,False,
INV-2025-000890,Tejas Security Services,09PLLCG1581P1Z3,2025-09-17,2025-11-16,2025-09-19,PO-2025-5860,Marketing,R. Menon,vendor_portal,INR,301037.47,28,84290.49,385327.96,60,0710,0.9,False,none,False,
INV-2026-000891,Chola Office Supplies,11KBYRY0168Q1Z5,2026-02-16,2026-04-17,2026-02-20,PO-2026-5705,Logistics,D'Souza,edi_feed,INR,43918.07,28,12297.06,56215.13,60,9876,0.978,False,none,False,
INV-2025-000892,Northgate Print Hub,05KEFXB3637T1Z6,2025-05-01,2025-06-30,2025-05-04,PO-2025-1350,Operations,P. Nair,scanned_mail,USD,250346.44,0,0.0,250346.44,60,8067,0.963,False,none,False,
INV-2024-000893,Kaveri Industrial Parts,31AWUPI9815U1Z3,2024-05-14,2024-06-28,2024-05-18,PO-2024-1408,Finance,P. Nair,edi_feed,INR,347777.53,12,41733.3,389510.83,45,4524,0.962,False,none,False,
INV-2026-000894,Global Freight Partners,05NZBPB1219D1Z7,2026-04-04,2026-05-04,2026-04-09,PO-2025-4218,Finance,S. Kulkarni,vendor_portal,INR,119247.8,18,21464.6,140712.4,30,4525,0.904,False,mismatched_po,True,PO number does not correspond to an open purchase order.
INV-2026-000895,Northgate Print Hub,35XUSPP8949C1Z4,2026-07-11,2026-08-10,2026-07-16,PO-2026-8286,Admin,S. Kulkarni,edi_feed,INR,209793.73,12,25175.25,234968.98,30,8595,0.962,False,none,False,
INV-2025-000896,Northgate Print Hub,27XSNUX9721E1Z0,2025-05-23,2025-06-22,2025-05-27,PO-2025-5176,Logistics,V. Desai,scanned_mail,INR,369639.18,5,18481.96,388121.14,30,1629,0.903,False,none,False,
INV-2026-000897,Aravind Steel Traders,35BYSFI8162M1Z2,2026-05-22,2026-06-21,2026-05-22,PO-2026-1604,HR,M. Krishnan,edi_feed,USD,113876.09,8,9110.09,122986.18,30,0128,0.933,False,none,False,
INV-2026-000898,Ganga Freight Services,10SIYER3587W1Z4,2026-02-02,2026-03-04,2026-02-05,PO-2026-8084,Procurement,A. Iyer,email,INR,142856.06,0,0.0,142856.06,30,4716,0.909,False,none,False,
INV-2024-000899,Jyothi Print & Design,18MZPNP4541F1Z1,2024-04-14,2024-04-29,2024-04-14,PO-2024-5381,Admin,S. Kulkarni,email,USD,452461.63,8,36196.93,488658.56,15,2758,0.97,False,none,False,
INV-2025-000900,Sundaram Motors Spares,17GWMIT2278R1Z4,2025-03-03,2025-03-18,2025-03-07,PO-2025-8435,Procurement,A. Iyer,vendor_portal,INR,20555.65,18,3700.02,24255.67,15,2088,0.924,False,none,False,
INV-2025-000901,Deccan Electricals,30ITAZR4055U1Z9,2025-03-05,2025-05-04,2025-03-08,PO-2025-6154,Procurement,V. Desai,email,INR,404579.15,28,113282.16,517861.31,60,4035,0.911,False,none,False,
INV-2026-000902,Meridian Consulting Group,33FVQOI1234M1Z4,2026-03-08,2026-04-22,2026-03-13,PO-2026-7902,Marketing,M. Krishnan,scanned_mail,USD,190734.58,6,11444.07,202178.65,45,8777,0.966,False,none,False,
INV-2025-000903,Prakash Stationery Mart,34FHCHL8493M1Z1,2025-01-11,2025-02-25,2025-01-12,PO-2025-8517,Logistics,V. Desai,vendor_portal,INR,249667.27,0,0.0,249667.27,45,0569,0.925,False,none,False,
INV-2024-000904,Yamuna Water Solutions,31PBVZA2079U1Z1,2024-02-07,2024-02-22,2024-02-08,PO-2024-4203,Operations,R. Menon,edi_feed,USD,258165.7,10,25816.57,283982.27,15,9104,0.929,False,none,False,
INV-2024-000905,Udupi Fresh Foods,06JPFUL4248O1Z8,2024-07-06,2024-07-21,2024-07-09,PO-2024-7619,Facilities,S. Kulkarni,vendor_portal,INR,326305.49,5,16315.27,342620.76,15,0317,0.95,False,none,False,
INV-2024-000906,Meridian Consulting Group,35MBCHE7388R1Z9,2024-07-19,2024-09-02,2024-07-22,PO-2024-2159,Admin,A. Iyer,scanned_mail,INR,370266.1,28,103674.51,473940.61,45,3523,0.954,False,none,False,
INV-2025-000907,Vishwa Engineering Works,05PUSRW3161I1Z3,2025-09-14,2025-10-29,2025-09-16,PO-2025-3869,Finance,D'Souza,scanned_mail,INR,372020.36,28,104165.7,476186.06,45,3371,0.993,False,none,False,
INV-2026-000908,Jyothi Print & Design,09LDKZP8532W1Z1,2026-04-07,2026-05-07,2026-04-08,PO-2026-5408,Facilities,K. Reddy,email,INR,248170.61,5,12408.53,260579.14,30,3857,0.907,False,none,False,
INV-2026-000909,Tejas Security Services,26YCMPU1665V1Z5,2026-02-18,2026-04-19,2026-02-23,PO-2026-1909,Logistics,N. Bhatt,scanned_mail,INR,164439.72,18,29599.15,194038.87,60,8534,0.93,False,none,False,
INV-2025-000910,Zenith Office Furnishings,36TUXTW3606D1Z1,2025-07-21,2025-08-05,2025-07-26,PO-2024-2268,Operations,A. Iyer,email,INR,134434.47,0,0.0,134434.47,15,8147,0.981,False,mismatched_po,True,PO number does not correspond to an open purchase order.
INV-2025-000911,Deccan Electricals,14LGCGE0931M1Z8,2025-07-03,2025-08-17,2025-07-06,PO-2025-7977,HR,S. Kulkarni,scanned_mail,EUR,409766.15,0,0.0,409766.15,45,0048,0.922,False,none,False,
INV-2025-000912,Vishwa Engineering Works,29RFLNG9678O1Z5,2025-06-03,2025-07-03,2025-06-03,PO-2025-2532,Facilities,T. Rao,scanned_mail,INR,222095.51,28,62186.74,284282.25,30,0447,0.973,False,none,False,
INV-2024-000913,Quantum Networks Pvt Ltd,29VVICU6483W1Z6,2024-03-10,2024-05-09,2024-03-14,PO-2024-7536,IT,K. Reddy,vendor_portal,INR,101257.51,0,0.0,101257.51,60,6185,0.953,False,none,False,
INV-2024-000914,Zenith Office Furnishings,28WJNJZ8635N1Z2,2024-04-26,2024-06-25,2024-05-01,PO-2024-2561,Finance,R. Menon,scanned_mail,USD,355868.16,8,28469.45,384337.61,60,5296,0.934,False,none,False,
INV-2025-000915,Deccan Electricals,13ZEOQF2823H1Z1,2025-06-28,2025-08-27,2025-06-30,PO-2025-4633,HR,K. Reddy,scanned_mail,INR,113674.39,0,0.0,113674.39,60,3334,0.95,False,none,False,
INV-2024-000916,Lotus Catering Services,24AVSVG1082H1Z1,2024-03-24,2024-04-23,2024-03-26,PO-2024-5059,Legal,V. Desai,vendor_portal,INR,232687.06,18,41883.67,274570.73,30,6344,0.982,False,none,False,
INV-2026-000917,Lotus Catering Services,23HMWZD5653H1Z4,2026-01-05,2026-03-06,2026-01-05,PO-2026-9704,Procurement,D'Souza,vendor_portal,INR,1558.76,28,436.45,1995.21,60,7564,0.903,False,none,False,
INV-2026-000918,Zenith Office Furnishings,27JHZKC1066R1Z5,2026-08-12,2026-09-11,2026-08-12,PO-2024-1029,IT,S. Kulkarni,email,INR,399265.25,28,111794.27,511059.52,30,5078,0.922,True,duplicate_invoice,True,Same vendor/amount seen on a prior invoice within 10 days.
INV-2024-000919,Deccan Electricals,13YJWKD2672G1Z4,2024-03-06,2024-05-05,2024-03-08,PO-2024-2850,Marketing,M. Krishnan,scanned_mail,USD,238957.49,0,0.0,238957.49,60,3966,0.953,False,none,False,
INV-2024-000920,Tejas Security Services,24TXSGS8472M1Z2,2024-12-13,2025-02-11,2024-12-17,PO-2024-7949,Marketing,V. Desai,email,USD,221803.82,10,22180.38,243984.2,60,8297,0.916,False,none,False,
INV-2024-000921,Zenith Office Furnishings,35ZELBV0160D1Z2,2024-08-31,2024-10-30,2024-09-02,PO-2024-4022,Finance,M. Krishnan,scanned_mail,INR,232766.15,12,27931.94,260698.09,60,7246,0.991,False,none,False,
INV-2024-000922,Horizon Facilities Mgmt,08NNMPW6446S1Z1,2024-05-08,2024-07-07,2024-05-12,PO-2024-6850,Finance,R. Menon,vendor_portal,INR,390856.91,18,70354.24,461211.15,60,1554,0.921,False,none,False,
INV-2025-000923,Quantum Networks Pvt Ltd,37RTMZF0544Z1Z4,2025-01-24,2025-02-23,2025-01-26,PO-2025-2172,HR,R. Menon,edi_feed,INR,212587.76,0,0.0,212587.76,30,6257,0.948,False,none,False,
INV-2024-000924,Wingspan Travel Corp,16FMHCX3017P1Z7,2024-02-07,2024-03-23,2024-02-09,PO-2024-4264,HR,D'Souza,scanned_mail,INR,432962.09,5,21648.1,454610.19,45,2167,0.993,False,none,False,
INV-2025-000925,Deccan Electricals,21KOOTX8999P1Z9,2025-04-26,2025-06-10,2025-04-30,PO-2025-6592,Marketing,N. Bhatt,edi_feed,INR,408743.84,28,114448.28,523192.12,45,8226,0.981,False,none,False,
INV-2024-000926,Chola Office Supplies,26TCHOD1310G1Z3,2024-11-20,2024-12-20,2024-11-25,PO-2024-1921,Legal,K. Reddy,scanned_mail,INR,471191.76,12,56543.01,527734.77,30,1355,0.966,False,none,False,
INV-2025-000927,Sundaram Motors Spares,11QKAYU8090A1Z4,2025-01-12,2025-03-13,2025-01-13,PO-2025-8341,Finance,M. Krishnan,edi_feed,INR,246096.98,5,12304.85,258401.83,60,7235,0.909,False,none,False,
INV-2025-000928,Kaveri Industrial Parts,37SVKIX7184T1Z8,2025-03-15,2025-04-14,2025-03-16,PO-2025-9676,Operations,V. Desai,edi_feed,INR,127118.64,18,22881.36,150000.0,30,1206,0.904,False,round_number_amount,True,Total is an unusually round figure for this line of business.
INV-2024-000929,Apex Manpower Agency,09IZLMT0399V1Z3,2024-08-29,2024-09-28,2024-08-30,PO-2024-4374,Logistics,T. Rao,vendor_portal,INR,98149.18,12,11777.9,109927.08,30,6344,0.973,False,none,False,
INV-2024-000930,Udupi Fresh Foods,22YXPPF3390G1Z3,2024-03-03,2024-03-18,2024-03-07,PO-2024-3967,Procurement,T. Rao,scanned_mail,INR,79073.41,12,9488.81,88562.22,15,7918,0.986,False,none,False,
INV-2026-000931,Indus Valley Textiles,03BNJCW4287Q1Z1,2026-03-19,2026-05-18,2026-03-24,PO-2026-5578,Legal,P. Nair,vendor_portal,USD,21053.32,8,1684.27,22737.59,60,0627,0.992,False,none,False,
INV-2025-000932,Prakash Stationery Mart,15JPXXC7944J1Z2,2025-11-17,2025-12-17,2025-11-17,PO-2025-6635,Finance,R. Menon,vendor_portal,USD,62618.38,8,5009.47,67627.85,30,5065,0.943,False,none,False,
INV-2025-000933,Bluewave Logistics Pvt Ltd,18MMPNZ3657J1Z9,2025-06-07,2025-06-22,2025-06-12,PO-2025-1797,IT,T. Rao,email,INR,3839.79,5,191.99,4031.78,15,5059,0.968,False,none,False,
INV-2025-000934,Coastal Cargo Movers,31YSSGB9824A1Z8,2025-06-20,2025-08-19,2025-06-21,PO-2024-3555,Facilities,K. Reddy,edi_feed,INR,73579.2,5,3678.96,77258.16,60,1937,0.928,False,mismatched_po,True,PO number does not correspond to an open purchase order.
INV-2025-000935,Bright Path Cleaning Services,34DYEAQ2879Q1Z9,2025-08-14,2025-10-13,2025-08-18,PO-2025-8129,Legal,R. Menon,vendor_portal,INR,205324.98,28,57490.99,262815.97,60,3137,0.994,False,none,False,
INV-2024-000936,Meridian Consulting Group,16MAPVJ5423P1Z7,2024-11-01,2024-12-01,2024-11-06,PO-2024-8510,HR,K. Reddy,scanned_mail,USD,383662.99,6,23019.78,406682.77,30,3528,0.965,False,none,False,
INV-2025-000937,Wingspan Travel Corp,21NTCTX0585P1Z9,2025-10-23,2025-11-22,2025-10-28,PO-2025-8389,Marketing,R. Menon,edi_feed,INR,183726.14,12,22047.14,205773.28,30,6571,0.994,False,none,False,
INV-2024-000938,Bluewave Logistics Pvt Ltd,21WYBDG2190G1Z0,2024-05-01,2024-06-15,2024-05-03,PO-2024-5796,Finance,K. Reddy,vendor_portal,INR,470862.62,0,0.0,470862.62,45,1537,0.978,False,none,False,
INV-2026-000939,Yamuna Water Solutions,02VMPSL8812Y1Z2,2026-05-22,2026-07-06,2026-05-24,PO-2026-1708,HR,M. Krishnan,scanned_mail,INR,181848.65,18,32732.76,214581.41,45,2880,0.951,False,none,False,
INV-2024-000940,Northgate Print Hub,20WZTLH7792X1Z2,2024-10-28,2024-12-27,2024-10-29,PO-2024-1062,Facilities,M. Krishnan,scanned_mail,INR,95858.92,5,4792.95,100651.87,60,8392,0.96,False,none,False,
INV-2024-000941,Tejas Security Services,14YDUWG2033P1Z2,2024-12-21,2025-01-20,2024-12-24,PO-2024-6640,IT,S. Kulkarni,vendor_portal,INR,330187.17,28,92452.41,422639.58,30,8791,0.948,False,none,False,
INV-2026-000942,Prakash Stationery Mart,24PLFLS5824N1Z5,2026-05-03,2026-05-18,2026-05-05,PO-2026-8367,Operations,D'Souza,vendor_portal,INR,217218.64,5,10860.93,228079.57,15,3919,0.988,False,none,False,
INV-2025-000943,Raagam Interiors,30IAXEI4822F1Z3,2025-06-09,2025-07-09,2025-06-13,PO-2025-3377,Procurement,V. Desai,edi_feed,INR,329219.45,5,16460.97,345680.42,30,9781,0.946,False,none,False,
INV-2026-000944,Siddha Supply Chain,GSTIN-MISSING,2026-02-18,2026-04-19,2026-02-23,PO-2026-3162,Marketing,P. Nair,scanned_mail,EUR,420513.09,6,25230.79,445743.88,60,1260,0.796,False,ghost_vendor,True,Vendor has no prior transaction history; GSTIN fails format check.
INV-2026-000945,Bright Path Cleaning Services,13FZSBZ6722U1Z5,2026-07-02,2026-08-31,2026-07-02,PO-2026-5012,Facilities,N. Bhatt,vendor_portal,INR,113313.52,5,5665.68,118979.2,60,4823,0.939,False,none,False,
INV-2024-000946,Udupi Fresh Foods,11COEHR8752J1Z5,2024-05-30,2024-06-14,2024-06-04,PO-2024-6974,IT,N. Bhatt,vendor_portal,INR,282327.8,5,14116.39,296444.19,15,4214,0.951,False,none,False,
INV-2026-000947,Kaveri Industrial Parts,36BDVQD1598L1Z4,2026-03-18,2026-04-17,2026-03-20,PO-2026-8328,Logistics,R. Menon,scanned_mail,INR,142100.44,12,17052.05,159152.49,30,9512,0.96,False,none,False,
INV-2024-000948,Vishwa Engineering Works,37USRKV7680B1Z4,2024-06-12,2024-07-27,2024-06-13,PO-2024-7258,Marketing,N. Bhatt,edi_feed,INR,205707.47,12,24684.9,230392.37,45,2596,0.948,False,none,False,
INV-2024-000949,Wingspan Travel Corp,13OXIVB2609N1Z9,2024-06-25,2024-08-09,2024-06-27,PO-2024-1011,Logistics,M. Krishnan,edi_feed,INR,333797.9,0,0.0,333797.9,45,2257,0.991,False,none,False,
INV-2024-000950,Falcon IT Solutions,22YMTUQ9477N1Z0,2024-02-16,2024-03-17,2024-02-16,PO-2024-1333,Logistics,M. Krishnan,edi_feed,INR,125973.35,0,0.0,125973.35,30,0860,0.922,False,none,False,
INV-2025-000951,Everest Packaging Co,11TJGAJ3650K1Z4,2025-10-23,2025-12-07,2025-10-24,PO-2025-8468,Operations,S. Kulkarni,scanned_mail,USD,23148.15,8,1851.85,25000.0,45,1976,0.931,False,round_number_amount,True,Total is an unusually round figure for this line of business.
INV-2024-000952,Ganga Freight Services,21EHCVA3593G1Z2,2024-02-19,2024-04-04,2024-02-21,PO-2024-8576,IT,S. Kulkarni,edi_feed,INR,19602.01,5,980.1,20582.11,45,1128,0.905,False,none,False,
INV-2026-000953,Indus Valley Textiles,27UMEDS1701Q1Z7,2026-02-08,2026-02-23,2026-02-08,PO-2026-7019,Finance,A. Iyer,scanned_mail,INR,468257.78,5,23412.89,491670.67,15,8800,0.938,False,none,False,
INV-2025-000954,Orion Cloud Systems,12JKCGG8102S1Z7,2025-07-07,2025-08-06,2025-07-11,PO-2025-3600,Procurement,V. Desai,vendor_portal,INR,118491.58,28,33177.64,151669.22,30,5760,0.911,False,none,False,
INV-2026-000955,Falcon IT Solutions,31HQOAS7065O1Z5,2026-09-08,2026-11-07,2026-09-13,PO-2026-1928,Finance,V. Desai,email,INR,154224.04,0,0.0,154224.04,60,1975,0.991,False,none,False,
INV-2024-000956,Northgate Print Hub,23ZRKUV0588Y1Z6,2024-08-02,2024-09-01,2024-08-04,PO-2023-4028,Procurement,A. Iyer,email,INR,443095.53,5,22154.78,465250.31,30,3189,0.902,False,mismatched_po,True,PO number does not correspond to an open purchase order.
INV-2024-000957,Coastal Cargo Movers,11ZSLWI2112A1Z7,2024-01-07,2024-03-07,2024-01-07,PO-2024-3944,Marketing,S. Kulkarni,email,INR,38189.22,28,10692.98,48882.2,60,6832,0.94,False,split_invoice,True,"Amount sits just under the approval threshold, alongside a same-day sibling invoice."
INV-2024-000958,Everest Packaging Co,15OBRRO4684L1Z8,2024-08-10,2024-10-09,2024-08-13,PO-2024-9785,Admin,N. Bhatt,vendor_portal,INR,256674.68,12,30800.96,287475.64,60,5740,0.954,False,none,False,
INV-2026-000959,Aravind Steel Traders,12GZQVU8041H1Z0,2026-09-04,2026-10-19,2026-09-07,PO-2026-7244,Marketing,V. Desai,email,INR,251107.72,28,70310.16,321417.88,45,4006,0.922,False,none,False,
INV-2025-000960,Tejas Security Services,06AISWJ4107G1Z6,2025-06-06,2025-07-06,2025-06-06,PO-2026-4010,HR,A. Iyer,email,INR,106392.11,18,19150.58,125542.69,30,8632,0.911,True,duplicate_invoice,True,Same vendor/amount seen on a prior invoice within 10 days.
INV-2024-000961,Lotus Catering Services,04BEZAC2441Y1Z9,2024-01-26,2024-03-26,2024-01-31,PO-2024-4808,Operations,P. Nair,email,INR,105381.32,12,12645.76,118027.08,60,9983,0.98,False,none,False,
INV-2026-000962,Tejas Security Services,22KNMPB4378J1Z4,2026-04-30,2026-05-30,2026-05-04,PO-2026-6898,Procurement,A. Iyer,scanned_mail,EUR,353173.07,10,35317.31,388490.38,30,4640,0.963,False,none,False,
INV-2026-000963,Apex Manpower Agency,21SXXLJ3859A1Z5,2026-07-06,2026-07-21,2026-07-07,PO-2026-2428,Logistics,M. Krishnan,scanned_mail,INR,377100.04,0,0.0,377100.04,15,4796,0.928,False,none,False,
INV-2024-000964,Quantum Networks Pvt Ltd,16VKZPK0903K1Z2,2024-01-02,2024-01-17,2024-01-02,PO-2024-5322,Logistics,S. Kulkarni,scanned_mail,INR,43325.46,12,5199.05,48524.51,15,5307,0.988,False,split_invoice,True,"Amount sits just under the approval threshold, alongside a same-day sibling invoice."
INV-2024-000965,Raagam Interiors,33YAJSI7215M1Z2,2024-01-31,2024-03-31,2024-01-31,PO-2024-3557,Procurement,T. Rao,email,INR,15078.68,5,753.93,15832.61,60,8277,0.97,False,none,False,
INV-2024-000966,Falcon IT Solutions,02KBODK9935V1Z9,2024-02-19,2024-04-19,2024-02-19,PO-2024-1598,Marketing,V. Desai,email,INR,373670.62,18,67260.71,440931.33,60,9182,0.918,False,none,False,
INV-2025-000967,Deccan Electricals,08OAEYZ0819K1Z3,2025-01-19,2025-03-20,2025-01-23,PO-2025-4115,IT,M. Krishnan,vendor_portal,EUR,345361.26,0,0.0,345361.26,60,7004,0.985,False,none,False,
INV-2025-000968,Everest Packaging Co,37WYZJM0100W1Z8,2025-03-17,2025-05-01,2025-03-20,PO-2025-5572,Logistics,A. Iyer,edi_feed,INR,147470.51,28,41291.74,188762.25,45,3503,0.963,False,none,False,
INV-2024-000969,Ganga Freight Services,33MQQQO3516S1Z2,2024-04-24,2024-05-24,2024-04-26,PO-2024-2598,Facilities,N. Bhatt,email,INR,276363.19,28,77381.69,353744.88,30,1862,0.977,False,none,False,
INV-2024-000970,Zenith Office Furnishings,21JVJHO8880W1Z1,2024-04-07,2024-06-06,2024-04-12,PO-2024-6841,Legal,A. Iyer,edi_feed,INR,127548.18,28,35713.49,163261.67,60,2698,0.92,False,none,False,
INV-2024-000971,Udupi Fresh Foods,21QBQAC8406L1Z9,2024-01-17,2024-03-02,2024-01-18,PO-2024-2467,IT,T. Rao,edi_feed,INR,56225.49,18,10120.59,66346.08,45,3616,0.947,False,none,False,
INV-2025-000972,Apex Manpower Agency,19YJESO3442L1Z7,2025-09-23,2025-10-23,2025-09-25,PO-2025-6743,Operations,S. Kulkarni,vendor_portal,INR,84234.7,28,23585.72,107820.42,30,0682,0.906,False,none,False,
INV-2024-000973,Tejas Security Services,36BKXKX2590L1Z5,2024-07-13,2024-08-27,2024-07-15,PO-2024-4270,Facilities,M. Krishnan,vendor_portal,INR,382044.96,5,19102.25,401147.21,45,7208,0.903,False,none,False,
INV-2026-000974,Aravind Steel Traders,07YOPCI0934M1Z4,2026-03-24,2026-04-08,2026-03-26,PO-2026-1481,Operations,N. Bhatt,scanned_mail,INR,208915.32,5,10445.77,219361.09,15,5683,0.942,False,none,False,
INV-2024-000975,Northgate Print Hub,02INERC5045R1Z5,2024-10-06,2024-11-05,2024-10-07,PO-2024-2723,Marketing,P. Nair,vendor_portal,INR,167112.33,0,0.0,167112.33,30,0134,0.95,False,none,False,
INV-2025-000976,Bluewave Logistics Pvt Ltd,15OOIDO0103Y1Z7,2025-06-11,2025-07-11,2025-06-15,PO-2025-4189,Logistics,D'Souza,email,INR,391037.15,5,19551.86,410589.01,30,7794,0.965,False,none,False,
INV-2026-000977,Yamuna Water Solutions,21WMLBA8652G1Z6,2026-02-17,2026-04-18,2026-02-17,PO-2026-8397,Marketing,S. Kulkarni,email,INR,383476.82,18,69025.83,452502.65,60,5211,0.916,False,none,False,
INV-2024-000978,Aravind Steel Traders,08RMJJS2433V1Z0,2024-08-16,2024-09-15,2024-08-16,PO-2024-7402,IT,K. Reddy,edi_feed,INR,32827.27,18,5908.91,38736.18,30,1651,0.944,False,none,False,
INV-2024-000979,Bluewave Logistics Pvt Ltd,12RHPHR1307L1Z3,2024-01-15,2024-02-29,2024-01-16,PO-2024-9742,Admin,T. Rao,email,USD,194117.94,6,11647.08,205765.02,45,0737,0.977,False,none,False,
INV-2025-000980,Coastal Cargo Movers,20UZLMF0992H1Z1,2025-09-18,2025-11-02,2025-09-21,PO-2025-5681,Procurement,M. Krishnan,vendor_portal,INR,309286.54,28,86600.23,395886.77,45,5249,0.923,False,none,False,
INV-2024-000981,Aravind Steel Traders,28SPVPU8504M1Z2,2024-08-13,2024-09-27,2024-08-15,PO-2024-3956,Operations,N. Bhatt,email,INR,203970.39,12,24476.45,228446.84,45,2020,0.972,False,none,False,
INV-2024-000982,Udupi Fresh Foods,31QCYAG3421L1Z2,2024-12-15,2024-12-30,2024-12-18,PO-2024-7541,Marketing,P. Nair,email,INR,418551.97,5,20927.6,439479.57,15,6202,0.959,False,none,False,
INV-2025-000983,Aravind Steel Traders,35FIPOM7398P1Z5,2025-09-15,2025-10-15,2025-09-17,PO-2025-2188,HR,P. Nair,edi_feed,INR,261003.02,12,31320.36,292323.38,30,0667,0.934,False,none,False,
INV-2024-000984,Nandi Hardware Co,25QRAKH2042N1Z0,2024-12-17,2025-02-15,2024-12-17,PO-2024-4148,Legal,A. Iyer,email,USD,135211.86,10,13521.19,148733.05,60,4887,0.968,False,none,False,
INV-2025-000985,Zenith Office Furnishings,04FYSWY6200U1Z8,2025-12-12,2026-01-26,2025-12-16,PO-2025-9855,HR,S. Kulkarni,scanned_mail,INR,262207.01,12,31464.84,293671.85,45,9330,0.975,False,none,False,
INV-2025-000986,Ganga Freight Services,20HCVIK8999F1Z9,2025-01-27,2025-02-11,2025-01-30,PO-2025-6251,IT,A. Iyer,vendor_portal,INR,296218.09,28,82941.07,379159.16,15,1285,0.961,False,none,False,
INV-2024-000987,Meridian Consulting Group,09VWLXL9125X1Z8,2024-05-29,2024-07-28,2024-05-29,PO-2024-9328,Facilities,A. Iyer,email,INR,28095.69,28,7866.79,35962.48,60,5905,0.966,False,none,False,
INV-2025-000988,Everest Packaging Co,32KHHKV3314G1Z7,2025-09-12,2025-11-11,2025-09-16,PO-2025-4490,Facilities,T. Rao,edi_feed,USD,382410.26,8,30592.82,413003.08,60,6689,0.926,False,none,False,
INV-2024-000989,Tejas Security Services,21PHHFG6440U1Z4,2024-04-09,2024-05-24,2024-04-14,PO-2024-6580,Marketing,T. Rao,edi_feed,INR,158102.65,12,18972.32,177074.97,45,6622,0.949,False,none,False,
INV-2024-000990,Jyothi Print & Design,31RXKEQ6079P1Z7,2024-08-30,2024-09-14,2024-09-02,PO-2024-8619,Legal,N. Bhatt,edi_feed,INR,56302.92,28,15764.82,72067.74,15,6236,0.978,False,none,False,
INV-2024-000991,Kaveri Industrial Parts,30JDQGH5607X1Z9,2024-10-23,2024-11-22,2024-10-25,PO-2024-3121,Marketing,D'Souza,scanned_mail,INR,353087.13,0,0.0,353087.13,30,5418,0.911,False,none,False,
INV-2024-000992,Lotus Catering Services,29YJAYI0034M1Z7,2024-11-20,2024-12-20,2024-11-22,PO-2024-9580,Marketing,T. Rao,edi_feed,USD,420526.25,8,33642.1,454168.35,30,9103,0.986,False,none,False,
INV-2025-000993,Kaveri Industrial Parts,04QIZPQ1300M1Z2,2025-05-29,2025-06-13,2025-06-01,PO-2025-8007,HR,K. Reddy,email,INR,8520.47,18,1533.68,10054.15,15,3908,0.944,False,none,False,
INV-2026-000994,Lotus Catering Services,19ROEZU1425X1Z8,2026-05-29,2026-07-28,2026-05-30,PO-2026-3296,Marketing,T. Rao,email,INR,366512.29,0,0.0,366512.29,60,7511,0.971,False,none,False,
INV-2025-000995,Tejas Security Services,26BEUXR9558W1Z8,2025-07-03,2025-09-01,2025-07-06,PO-2025-1301,Marketing,D'Souza,scanned_mail,INR,281154.38,28,78723.23,359877.61,60,0765,0.945,False,none,False,
INV-2025-000996,Yamuna Water Solutions,22SXQIR0243U1Z1,2025-06-20,2025-08-04,2025-06-20,PO-2025-8778,Admin,V. Desai,vendor_portal,INR,476320.07,18,85737.61,562057.68,45,1197,0.955,False,none,False,
INV-2024-000997,Nandi Hardware Co,26FUPQQ0185S1Z8,2024-09-07,2024-10-07,2024-09-12,PO-2024-7301,Procurement,A. Iyer,scanned_mail,INR,58593.75,28,16406.25,75000.0,30,9427,0.966,False,round_number_amount,True,Total is an unusually round figure for this line of business.
INV-2024-000998,Bright Path Cleaning Services,07VOAPH8304N1Z7,2024-11-12,2024-12-12,2024-11-15,PO-2024-6415,Finance,A. Iyer,edi_feed,INR,395069.77,0,0.0,395069.77,30,2052,0.932,False,none,False,
INV-2025-000999,Falcon IT Solutions,02UOCRW6006C1Z5,2025-11-27,2026-01-11,2025-12-02,PO-2025-4376,Finance,A. Iyer,vendor_portal,INR,42182.42,18,7592.83,49775.25,45,8864,0.957,False,split_invoice,True,"Amount sits just under the approval threshold, alongside a same-day sibling invoice."
INV-2024-001000,Orion Cloud Systems,15BUEJN3154Y1Z6,2024-08-14,2024-10-13,2024-08-14,PO-2024-5291,Finance,R. Menon,scanned_mail,INR,376646.98,18,67796.46,444443.44,60,4395,0.911,False,none,False,
INV-2024-001001,Meridian Consulting Group,14KUUUF4864L1Z9,2024-09-28,2024-11-27,2024-09-28,PO-2024-7748,IT,P. Nair,email,INR,68309.23,12,8197.11,76506.34,60,9962,0.91,False,none,False,
INV-2026-001002,Falcon IT Solutions,08BPIKJ2002Q1Z4,2026-07-28,2026-09-11,2026-07-28,PO-2026-1399,Procurement,M. Krishnan,email,INR,214610.05,0,0.0,214610.05,45,6340,0.983,False,none,False,
INV-2024-001003,Bright Path Cleaning Services,35URYTW2847H1Z3,2024-12-06,2025-01-05,2024-12-10,PO-2024-3765,Logistics,A. Iyer,edi_feed,INR,230395.39,5,11519.77,241915.16,30,4613,0.914,False,none,False,
INV-2024-001004,Meridian Consulting Group,14AJMGA5140A1Z4,2024-08-07,2024-08-22,2024-08-12,PO-2024-5642,Legal,R. Menon,scanned_mail,INR,476332.07,5,23816.6,500148.67,15,5464,0.915,False,none,False,
INV-2025-001005,Deccan Electricals,15RGILK7167R1Z6,2025-10-10,2025-11-09,2025-10-10,PO-2025-7373,Finance,V. Desai,vendor_portal,USD,33841.82,6,2030.51,35872.33,30,1532,0.938,False,none,False,
INV-2026-001006,Horizon Facilities Mgmt,03NVCBH1657R1Z6,2026-05-22,2026-07-21,2026-05-25,PO-2026-1473,Logistics,K. Reddy,edi_feed,INR,51525.49,5,2576.27,54101.76,60,3047,0.953,False,none,False,
INV-2026-001007,Northgate Print Hub,06DJVJC8561X1Z2,2026-09-02,2026-10-17,2026-09-06,PO-2026-5496,Operations,M. Krishnan,email,EUR,277480.23,8,22198.42,299678.65,45,9691,0.932,False,none,False,
INV-2025-001008,Udupi Fresh Foods,16LQUYC3599G1Z5,2025-10-15,2025-11-14,2025-10-15,PO-2025-6383,Admin,P. Nair,vendor_portal,INR,162112.96,5,8105.65,196479.75,30,2826,0.93,False,altered_total,True,Total does not reconcile with subtotal + tax.
INV-2024-001009,Jyothi Print & Design,32UDVEW7003N1Z5,2024-03-03,2024-04-17,2024-03-07,PO-2024-6826,Marketing,T. Rao,email,INR,291513.67,18,52472.46,343986.13,45,7644,0.989,False,none,False,
INV-2025-001010,Lotus Catering Services,34BVBKE9432U1Z8,2025-01-13,2025-03-14,2025-01-18,PO-2025-6425,Marketing,N. Bhatt,vendor_portal,INR,46139.71,0,0.0,46139.71,60,1716,0.982,False,none,False,
INV-2025-001011,Wingspan Travel Corp,29TAAZZ0124S1Z9,2025-05-06,2025-07-05,2025-05-07,PO-2025-8841,Admin,K. Reddy,vendor_portal,EUR,32490.43,10,3249.04,35739.47,60,1180,0.93,False,none,False,
INV-2025-001012,Raagam Interiors,06KGFXF8906S1Z1,2025-04-08,2025-05-23,2025-04-10,PO-2025-5151,Marketing,V. Desai,email,USD,183111.35,8,14648.91,197760.26,45,4872,0.981,False,none,False,
INV-2024-001013,Quantum Networks Pvt Ltd,14CMCAD8377E1Z9,2024-07-10,2024-07-25,2024-07-13,PO-2024-1545,Admin,V. Desai,edi_feed,INR,459444.51,12,55133.34,514577.85,15,1585,0.941,False,none,False,
INV-2026-001014,Raagam Interiors,35RUVHS2541U1Z7,2026-03-21,2026-05-20,2026-03-25,PO-2026-5300,Procurement,S. Kulkarni,edi_feed,INR,356633.87,12,42796.06,399429.93,60,4236,0.902,False,none,False,
INV-2026-001015,Prakash Stationery Mart,27EEJPA2880U1Z7,2026-06-16,2026-07-01,2026-06-19,PO-2026-1991,Logistics,S. Kulkarni,vendor_portal,INR,437395.31,28,122470.69,559866.0,15,4291,0.931,False,none,False,
INV-2026-001016,Lotus Catering Services,17WFKWX6023A1Z1,2026-04-04,2026-04-19,2026-04-08,PO-2026-8759,Operations,S. Kulkarni,email,EUR,171450.07,0,0.0,171450.07,15,4647,0.927,False,none,False,
INV-2025-001017,Indus Valley Textiles,20EQZDN8039M1Z7,2025-12-07,2025-12-22,2025-12-09,PO-2025-7758,Logistics,A. Iyer,scanned_mail,INR,433741.83,12,52049.02,485790.85,15,9510,0.926,False,none,False,
INV-2026-001018,Bright Path Cleaning Services,33BLFNW0803N1Z6,2026-03-10,2026-03-25,2026-03-10,PO-2026-4500,Legal,K. Reddy,email,INR,189484.54,5,9474.23,198958.77,15,2416,0.916,False,none,False,
INV-2026-001019,Raagam Interiors,31RSFFT2493Y1Z9,2026-05-24,2026-07-23,2026-05-29,PO-2026-9420,Operations,M. Krishnan,email,INR,436078.42,0,0.0,436078.42,60,2996,0.947,False,none,False,
INV-2025-001020,Tejas Security Services,35SMYXE6502D1Z2,2025-04-01,2025-05-01,2025-04-06,PO-2025-8489,Finance,P. Nair,vendor_portal,INR,447519.9,28,125305.57,572825.47,30,1764,0.951,False,none,False,
INV-2025-001021,Vishwa Engineering Works,27OLJLJ2140W1Z0,2025-06-10,2025-07-10,2025-06-13,PO-2025-1419,Facilities,M. Krishnan,edi_feed,INR,257110.33,12,30853.24,287963.57,30,4525,0.99,False,none,False,
INV-2026-001022,Bright Path Cleaning Services,16EMOPB6131Q1Z2,2026-08-15,2026-08-30,2026-08-20,PO-2026-9760,Admin,A. Iyer,email,USD,125935.5,8,10074.84,136010.34,15,3995,0.935,False,none,False,
INV-2026-001023,Indus Valley Textiles,37DVAIJ1140H1Z6,2026-07-19,2026-08-03,2026-07-20,PO-2026-3345,IT,M. Krishnan,scanned_mail,INR,278063.5,5,13903.17,291966.67,15,5161,0.983,False,none,False,
INV-2024-001024,Quantum Networks Pvt Ltd,35CMRGU9834F1Z8,2024-11-07,2024-12-07,2024-11-07,PO-2024-5321,IT,N. Bhatt,scanned_mail,INR,131970.14,18,23754.63,155724.77,30,0459,0.927,False,none,False,
INV-2025-001025,Coastal Cargo Movers,17MXMPV1227K1Z1,2025-05-08,2025-06-07,2025-05-10,PO-2025-2688,Finance,S. Kulkarni,vendor_portal,INR,253975.48,0,0.0,253975.48,30,7952,0.924,False,none,False,
INV-2025-001026,Falcon IT Solutions,13KIAYE7203Y1Z8,2025-07-07,2025-08-21,2025-07-12,PO-2025-7647,Logistics,M. Krishnan,edi_feed,INR,121518.74,18,21873.37,143392.11,45,9582,0.971,False,none,False,
INV-2025-001027,Yamuna Water Solutions,26GCXVF5279L1Z8,2025-10-28,2025-11-27,2025-11-02,PO-2025-7485,Operations,K. Reddy,email,INR,173645.37,5,8682.27,182327.64,30,4264,0.975,False,none,False,
INV-2025-001028,Indus Valley Textiles,17RRAUF1905Q1Z4,2025-04-16,2025-05-16,2025-04-18,PO-2025-1622,Marketing,T. Rao,edi_feed,INR,4539.47,18,817.1,5356.57,30,6930,0.959,False,none,False,
INV-2024-001029,Quantum Networks Pvt Ltd,26ROHML7485L1Z9,2024-09-14,2024-11-13,2024-09-17,PO-2024-4888,Logistics,M. Krishnan,scanned_mail,INR,192179.38,28,53810.23,245989.61,60,2978,0.99,False,none,False,
INV-2026-001030,Bluewave Logistics Pvt Ltd,14ATNRO2399X1Z0,2026-03-23,2026-05-07,2026-03-23,PO-2026-8202,Finance,V. Desai,edi_feed,USD,300562.22,6,18033.73,318595.95,45,3197,0.946,False,none,False,
INV-2026-001031,Tejas Security Services,08KDLTQ5430W1Z7,2026-01-19,2026-02-18,2026-01-20,PO-2024-2414,IT,K. Reddy,scanned_mail,USD,50250.82,6,3015.05,53265.87,30,5284,0.969,True,duplicate_invoice,True,Same vendor/amount seen on a prior invoice within 10 days.
INV-2025-001032,Northgate Print Hub,09JJEHN5239N1Z5,2025-06-23,2025-07-08,2025-06-23,PO-2025-4215,Marketing,M. Krishnan,vendor_portal,INR,91640.29,0,0.0,91640.29,15,2731,0.921,False,none,False,
INV-2024-001033,Orion Cloud Systems,11ZKBPV8786E1Z4,2024-11-30,2025-01-29,2024-11-30,PO-2024-5092,Logistics,P. Nair,email,INR,407213.68,18,73298.46,480512.14,60,5180,0.928,False,none,False,
INV-2025-001034,Nandi Hardware Co,06DBVFE4351G1Z1,2025-10-02,2025-11-01,2025-10-02,PO-2025-9246,Procurement,D'Souza,scanned_mail,INR,348009.3,28,97442.6,445451.9,30,6618,0.994,False,none,False,
INV-2024-001035,Chola Office Supplies,17IDZBN5428K1Z2,2024-07-03,2024-09-01,2024-07-06,PO-2024-3435,Logistics,N. Bhatt,vendor_portal,USD,192655.1,10,19265.51,211920.61,60,6105,0.913,False,none,False,
INV-2024-001036,Horizon Facilities Mgmt,25FQPTY2707S1Z2,2024-07-13,2024-07-28,2024-07-16,PO-2024-4418,Marketing,V. Desai,edi_feed,INR,61674.75,5,3083.74,64758.49,15,7596,0.959,False,none,False,
INV-2026-001037,Chola Office Supplies,37VGSPK3845Q1Z9,2026-07-21,2026-08-05,2026-07-21,PO-2025-2587,Admin,S. Kulkarni,email,INR,212557.38,28,59516.07,272073.45,15,2612,0.912,False,mismatched_po,True,PO number does not correspond to an open purchase order.
INV-2026-001038,Nandi Hardware Co,24WZICT7142Y1Z8,2026-09-01,2026-10-01,2026-09-03,PO-2026-7928,Legal,M. Krishnan,email,INR,63367.86,28,17743.0,81110.86,30,8255,0.984,False,none,False,
INV-2024-001039,Quantum Networks Pvt Ltd,05UVVXO6043J1Z3,2024-01-18,2024-03-18,2024-01-19,PO-2024-1293,Finance,A. Iyer,vendor_portal,INR,267474.13,0,0.0,267474.13,60,6499,0.959,False,none,False,
INV-2025-001040,Nandi Hardware Co,11MVCRZ8881Z1Z8,2025-01-22,2025-03-23,2025-01-26,PO-2025-7286,Logistics,R. Menon,edi_feed,INR,425164.51,12,51019.74,476184.25,60,0509,0.918,False,none,False,
INV-2025-001041,Kaveri Industrial Parts,23YXPMF0831G1Z1,2025-08-17,2025-10-01,2025-08-18,PO-2025-8778,Marketing,S. Kulkarni,vendor_portal,INR,186544.35,18,33577.98,220122.33,45,9204,0.943,False,none,False,
INV-2024-001042,Orion Cloud Systems,23BOOPN4745X1Z8,2024-12-08,2025-01-22,2024-12-13,PO-2024-5886,Finance,V. Desai,scanned_mail,INR,280249.61,28,78469.89,358719.5,45,5595,0.946,False,none,False,
INV-2025-001043,Coastal Cargo Movers,04GSGEW1592X1Z5,2025-02-18,2025-03-05,2025-02-21,PO-2025-2399,Admin,S. Kulkarni,edi_feed,INR,96437.54,18,17358.76,113796.3,15,5751,0.92,False,none,False,
INV-2026-001044,Bright Path Cleaning Services,27DTGPD8408R1Z1,2026-01-05,2026-01-20,2026-01-05,PO-2026-1138,Legal,K. Reddy,vendor_portal,INR,406365.04,28,113782.21,520147.25,15,6883,0.906,False,none,False,
INV-2024-001045,Sundaram Motors Spares,23GJHUJ3238M1Z8,2024-02-01,2024-04-01,2024-02-01,PO-2024-1616,Admin,M. Krishnan,vendor_portal,INR,333214.97,0,0.0,333214.97,60,0658,0.933,False,none,False,
INV-2024-001046,Nandi Hardware Co,04FDCDS7710R1Z0,2024-08-05,2024-09-19,2024-08-07,PO-2024-1399,Marketing,R. Menon,edi_feed,INR,45784.91,18,8241.28,54026.19,45,5284,0.976,False,none,False,
INV-2026-001047,Meridian Consulting Group,35PNEKL7133L1Z7,2026-04-26,2026-06-25,2026-05-01,PO-2026-9717,Facilities,S. Kulkarni,scanned_mail,INR,381827.73,28,106911.76,488739.49,60,4997,0.921,False,none,False,
INV-2026-001048,Siddha Supply Chain,00INVALID000,2026-03-02,2026-04-01,2026-03-07,PO-2026-9963,Finance,N. Bhatt,edi_feed,INR,452308.94,28,126646.5,578955.44,30,5555,0.803,False,ghost_vendor,True,Vendor has no prior transaction history; GSTIN fails format check.
INV-2026-001049,Prakash Stationery Mart,27QLLFE5960Q1Z4,2026-04-04,2026-05-19,2026-04-08,PO-2026-3635,Operations,P. Nair,vendor_portal,INR,2836.87,5,141.84,2978.71,45,1626,0.977,False,none,False,
INV-2025-001050,Prakash Stationery Mart,14HKYJX4963G1Z3,2025-08-14,2025-10-13,2025-08-18,PO-2025-5307,Procurement,D'Souza,vendor_portal,INR,52925.51,0,0.0,68400.1,60,6546,0.905,False,altered_total,True,Total does not reconcile with subtotal + tax.
INV-2024-001051,Coastal Cargo Movers,32ESGEW4956D1Z1,2024-10-07,2024-11-21,2024-10-08,PO-2024-8028,Admin,D'Souza,vendor_portal,USD,276813.22,0,0.0,276813.22,45,4387,0.98,False,none,False,
INV-2025-001052,Ganga Freight Services,32SDCTJ1878D1Z2,2025-08-31,2025-09-30,2025-08-31,PO-2025-1121,Marketing,P. Nair,scanned_mail,INR,437519.76,18,78753.56,516273.32,30,6238,0.92,False,none,False,
INV-2025-001053,Zenith Office Furnishings,13NXOVN0478M1Z5,2025-07-23,2025-09-21,2025-07-24,PO-2025-4798,Legal,R. Menon,edi_feed,USD,2746.73,0,0.0,2746.73,60,4187,0.929,False,none,False,
INV-2026-001054,Coastal Cargo Movers,33HTXSD8759H1Z1,2026-02-24,2026-03-11,2026-02-27,PO-2026-4611,IT,R. Menon,email,INR,388407.03,0,0.0,388407.03,15,8924,0.96,False,none,False,
INV-2026-001055,Sundaram Motors Spares,15ZYWSK4614V1Z1,2026-07-06,2026-08-05,2026-07-06,PO-2026-9064,Marketing,V. Desai,edi_feed,EUR,437635.47,10,43763.55,481399.02,30,5753,0.963,False,none,False,
INV-2024-001056,Indus Valley Textiles,15JIEAB6991D1Z1,2024-06-23,2024-08-22,2024-06-26,PO-2024-6212,Logistics,D'Souza,email,EUR,386200.99,6,23172.06,409373.05,60,2420,0.989,False,none,False,
INV-2026-001057,Yamuna Water Solutions,12HXVRZ8533S1Z1,2026-06-01,2026-07-31,2026-06-02,PO-2026-1690,Finance,K. Reddy,vendor_portal,INR,350959.32,5,17547.97,368507.29,60,0435,0.949,False,none,False,
INV-2026-001058,Zenith Office Furnishings,31PXZOX6543H1Z6,2026-05-15,2026-07-14,2026-05-17,PO-2026-7070,Legal,S. Kulkarni,email,INR,420433.92,5,21021.7,441455.62,60,4689,0.908,False,none,False,
INV-2026-001059,Wingspan Travel Corp,03RJYGK3313T1Z3,2026-02-08,2026-02-23,2026-02-13,PO-2026-4363,Procurement,R. Menon,email,INR,397061.11,18,71471.0,468532.11,15,4366,0.915,False,none,False,
INV-2025-001060,Northgate Print Hub,12AYMCZ2875E1Z7,2025-09-04,2025-11-03,2025-09-08,PO-2025-8610,Procurement,M. Krishnan,email,INR,452095.4,5,22604.77,474700.17,60,3983,0.926,False,none,False,
INV-2024-001061,Deccan Electricals,30YSMRC9103N1Z3,2024-02-03,2024-02-18,2024-02-08,PO-2024-2183,Legal,V. Desai,email,USD,293501.16,0,0.0,293501.16,15,3961,0.928,False,none,False,
INV-2026-001062,Yamuna Water Solutions,11EAHKC5606L1Z2,2026-06-01,2026-06-16,2026-06-06,PO-2026-9817,Finance,D'Souza,edi_feed,INR,426918.0,0,0.0,426918.0,15,0476,0.995,False,none,False,
INV-2026-001063,Yamuna Water Solutions,36BXGVW8710L1Z6,2026-01-04,2026-02-03,2026-01-06,PO-2026-6900,Marketing,D'Souza,edi_feed,INR,289392.48,0,0.0,289392.48,30,3518,0.978,False,none,False,
INV-2026-001064,Bluewave Logistics Pvt Ltd,32WEVBD0718Q1Z5,2026-07-24,2026-08-23,2026-07-25,PO-2026-2687,Admin,D'Souza,scanned_mail,INR,388424.94,0,0.0,388424.94,30,2414,0.978,False,none,False,
INV-2024-001065,Everest Packaging Co,23CKBXR1270H1Z1,2024-03-15,2024-03-30,2024-03-17,PO-2024-5117,Admin,D'Souza,scanned_mail,INR,358029.09,18,64445.24,422474.33,15,6526,0.911,False,none,False,
INV-2026-001066,Tejas Security Services,10JZMUE3312R1Z6,2026-08-19,2026-10-18,2026-08-19,PO-2026-5488,IT,M. Krishnan,vendor_portal,USD,331502.07,8,26520.17,358022.24,60,0673,0.919,False,none,False,
INV-2024-001067,Tejas Security Services,11HPEWJ7718D1Z9,2024-04-09,2024-05-24,2024-04-12,PO-2024-7558,Finance,A. Iyer,scanned_mail,INR,58007.47,5,2900.37,60907.84,45,4744,0.989,False,none,False,
INV-2024-001068,Raagam Interiors,31KALQL4140X1Z7,2024-10-24,2024-12-08,2024-10-26,PO-2024-2708,Marketing,S. Kulkarni,scanned_mail,INR,76452.27,18,13761.41,90213.68,45,7610,0.952,False,none,False,
INV-2024-001069,Falcon IT Solutions,21LGZGV0267Z1Z5,2024-01-23,2024-02-22,2024-01-28,PO-2024-9472,Finance,T. Rao,vendor_portal,INR,340483.75,0,0.0,340483.75,30,6565,0.939,False,none,False,
INV-2024-001070,Coastal Cargo Movers,31IUGIM8395W1Z7,2024-03-13,2024-04-12,2024-03-14,PO-2024-8824,Legal,V. Desai,edi_feed,INR,7788.21,12,934.59,8722.8,30,7421,0.963,False,none,False,
INV-2025-001071,Kaveri Industrial Parts,36UTFRS1763Z1Z2,2025-02-15,2025-04-16,2025-02-15,PO-2025-2226,IT,M. Krishnan,vendor_portal,INR,242428.36,12,29091.4,271519.76,60,4101,0.97,False,none,False,
INV-2025-001072,Global Freight Partners,10PCJXY8061R1Z7,2025-02-12,2025-03-14,2025-02-13,PO-2025-1274,Logistics,K. Reddy,vendor_portal,USD,172498.02,10,17249.8,189747.82,30,4073,0.975,True,duplicate_invoice,True,Same vendor/amount seen on a prior invoice within 10 days.
INV-2025-001073,Yamuna Water Solutions,17BTBVU4375T1Z7,2025-06-02,2025-07-17,2025-06-05,PO-2025-7763,Legal,V. Desai,scanned_mail,INR,182414.99,18,32834.7,215249.69,45,3525,0.978,False,none,False,
INV-2025-001074,Nandi Hardware Co,12BYLJX4369N1Z3,2025-04-21,2025-05-06,2025-04-25,PO-2025-7592,Procurement,S. Kulkarni,scanned_mail,USD,267848.44,10,26784.84,294633.28,15,5323,0.957,False,none,False,
INV-2026-001075,Bright Path Cleaning Services,20ZJEKF4074P1Z7,2026-05-14,2026-07-13,2026-05-18,PO-2026-5321,Facilities,M. Krishnan,scanned_mail,INR,121817.02,5,6090.85,127907.87,60,1460,0.974,False,none,False,
INV-2025-001076,Bluewave Logistics Pvt Ltd,24HMCPP3861A1Z9,2025-12-06,2026-01-05,2025-12-07,PO-2025-5511,Marketing,D'Souza,vendor_portal,INR,145143.95,28,40640.31,185784.26,30,3073,0.951,False,none,False,
INV-2026-001077,Tejas Security Services,36NUCCQ2150I1Z8,2026-01-05,2026-02-04,2026-01-07,PO-2026-8647,Procurement,R. Menon,edi_feed,USD,90166.06,6,5409.96,95576.02,30,7376,0.952,False,none,False,
INV-2025-001078,Yamuna Water Solutions,36XTWIK6449H1Z3,2025-05-06,2025-05-21,2025-05-10,PO-2025-3563,Admin,D'Souza,edi_feed,INR,161645.94,28,45260.86,206906.8,15,3710,0.925,False,none,False,
INV-2026-001079,Indus Valley Textiles,27ILKJU7948G1Z1,2026-04-29,2026-06-28,2026-05-04,PO-2026-3733,Admin,D'Souza,edi_feed,USD,7880.29,0,0.0,7880.29,60,7629,0.93,False,none,False,
INV-2024-001080,Jyothi Print & Design,31JJWFI8984T1Z5,2024-05-29,2024-07-13,2024-05-31,PO-2024-9711,IT,N. Bhatt,edi_feed,USD,255664.47,8,20453.16,276117.63,45,2415,0.992,False,none,False,
INV-2026-001081,Bright Path Cleaning Services,31JMXWC4352E1Z4,2026-03-06,2026-04-05,2026-03-09,PO-2026-3264,IT,P. Nair,vendor_portal,INR,474360.88,5,23718.04,498078.92,30,4061,0.981,False,none,False,
INV-2025-001082,Chola Office Supplies,16FIAZN5463Q1Z5,2025-12-18,2026-01-02,2025-12-23,PO-2025-1518,Marketing,V. Desai,edi_feed,INR,97069.88,12,11648.39,108718.27,15,4168,0.911,False,none,False,
INV-2025-001083,Ganga Freight Services,28AVJSZ7283U1Z7,2025-06-26,2025-07-11,2025-06-26,PO-2025-8685,Logistics,R. Menon,email,INR,273892.89,5,13694.64,287587.53,15,4896,0.97,False,none,False,
INV-2024-001084,Global Freight Partners,19JLZBU3620A1Z0,2024-01-12,2024-02-11,2024-01-12,PO-2024-2667,Finance,P. Nair,email,INR,25000.0,0,0.0,25000.0,30,8652,0.934,True,duplicate_invoice,True,Same vendor/amount seen on a prior invoice within 10 days.
INV-2025-001085,Global Freight Partners,36GUBFP2611R1Z7,2025-06-09,2025-07-09,2025-06-12,PO-2025-8192,Legal,K. Reddy,vendor_portal,INR,397732.33,18,71591.82,469324.15,30,8924,0.971,False,none,False,
INV-2025-001086,Tejas Security Services,17SZTHX5231M1Z0,2025-05-19,2025-06-03,2025-05-23,PO-2025-7136,Facilities,K. Reddy,scanned_mail,USD,174288.65,8,13943.09,188231.74,15,4103,0.913,False,none,False,
INV-2025-001087,Udupi Fresh Foods,21UEDAR9711Y1Z0,2025-08-31,2025-09-15,2025-09-01,PO-2025-6418,Operations,S. Kulkarni,vendor_portal,INR,168134.63,0,0.0,168134.63,15,5905,0.94,False,none,False,
INV-2025-001088,Sundaram Motors Spares,13HIOQN8320R1Z2,2025-04-06,2025-04-21,2025-04-07,PO-2025-7350,HR,N. Bhatt,email,INR,68988.15,5,3449.41,72437.56,15,3324,0.981,False,none,False,
INV-2024-001089,Zenith Office Furnishings,19NCELP1085A1Z3,2024-10-14,2024-12-13,2024-10-16,PO-2024-7343,Admin,M. Krishnan,vendor_portal,INR,200000.0,0,0.0,200000.0,60,0139,0.955,False,round_number_amount,True,Total is an unusually round figure for this line of business.
INV-2024-001090,Ganga Freight Services,11IPJMM2551F1Z2,2024-01-15,2024-03-15,2024-01-15,PO-2024-4184,Logistics,T. Rao,scanned_mail,INR,354606.83,28,99289.91,453896.74,60,4282,0.95,False,none,False,
INV-2025-001091,Tejas Security Services,04UMJZL7922Y1Z1,2025-08-25,2025-09-24,2025-08-29,PO-2025-8383,Admin,K. Reddy,edi_feed,INR,449586.43,18,80925.56,530511.99,30,6627,0.995,False,none,False,
INV-2024-001092,Global Freight Partners,01BXZPZ5895U1Z6,2024-07-12,2024-08-11,2024-07-16,PO-2024-9987,Admin,N. Bhatt,email,USD,459710.86,6,27582.65,487293.51,30,6150,0.942,False,none,False,
INV-2024-001093,Apex Manpower Agency,17GRVHO5156I1Z9,2024-09-05,2024-10-05,2024-09-08,PO-2024-1629,Facilities,A. Iyer,vendor_portal,USD,229409.82,6,13764.59,243174.41,30,8406,0.904,False,none,False,
INV-2024-001094,Quantum Networks Pvt Ltd,09UKJOD1987R1Z8,2024-02-12,2024-03-28,2024-02-15,PO-2024-2369,Facilities,P. Nair,scanned_mail,INR,356660.52,0,0.0,356660.52,45,2695,0.953,False,none,False,
INV-2026-001095,Vishwa Engineering Works,21TZXIY5152G1Z8,2026-07-10,2026-08-24,2026-07-12,PO-2025-5678,Logistics,D'Souza,vendor_portal,INR,27733.67,18,4992.06,32725.73,45,8110,0.991,False,mismatched_po,True,PO number does not correspond to an open purchase order.
INV-2024-001096,Jyothi Print & Design,13LSYGM2489C1Z9,2024-10-04,2024-11-03,2024-10-06,PO-2024-5667,HR,D'Souza,vendor_portal,INR,345423.16,12,41450.78,386873.94,30,0640,0.937,True,duplicate_invoice,True,Same vendor/amount seen on a prior invoice within 10 days.
INV-2025-001097,Yamuna Water Solutions,04KIEBM7636V1Z1,2025-12-08,2026-02-06,2025-12-08,PO-2025-2007,Facilities,A. Iyer,vendor_portal,INR,125801.75,28,35224.49,161026.24,60,3222,0.987,False,none,False,
INV-2024-001098,Yamuna Water Solutions,24RQDFN3436B1Z7,2024-09-09,2024-10-24,2024-09-10,PO-2024-2849,HR,N. Bhatt,edi_feed,INR,46234.4,5,2311.72,48546.12,45,6304,0.945,False,split_invoice,True,"Amount sits just under the approval threshold, alongside a same-day sibling invoice."
INV-2025-001099,Orion Cloud Systems,12DBHIM9442D1Z2,2025-11-11,2026-01-10,2025-11-12,PO-2025-4987,HR,R. Menon,edi_feed,INR,235702.73,0,0.0,235702.73,60,8438,0.904,False,none,False,
INV-2026-001100,Aravind Steel Traders,25UMZXN6973M1Z1,2026-07-16,2026-09-14,2026-07-21,PO-2026-4360,Finance,S. Kulkarni,scanned_mail,EUR,225461.04,8,18036.88,243497.92,60,4550,0.924,False,none,False,
INV-2025-001101,Vishwa Engineering Works,28JWRAD1704M1Z8,2025-01-21,2025-02-05,2025-01-21,PO-2025-7245,HR,A. Iyer,vendor_portal,INR,11840.45,5,592.02,12432.47,15,7483,0.907,False,none,False,
INV-2026-001102,Everest Packaging Co,07WTTOY6673F1Z2,2026-07-21,2026-08-05,2026-07-22,PO-2026-7011,Operations,D'Souza,email,INR,281566.47,5,14078.32,295644.79,15,4355,0.905,False,none,False,
INV-2025-001103,Wingspan Travel Corp,18AYRTK9840P1Z2,2025-10-16,2025-11-15,2025-10-17,PO-2025-7318,Logistics,S. Kulkarni,email,USD,47519.28,10,4751.93,52271.21,30,4737,0.973,False,none,False,
INV-2025-001104,Horizon Facilities Mgmt,32RDVCH4876O1Z6,2025-01-01,2025-01-16,2025-01-06,PO-2025-7285,Facilities,D'Souza,vendor_portal,INR,229845.61,0,0.0,229845.61,15,8823,0.986,False,none,False,
INV-2026-001105,Vishwa Engineering Works,17XOFDC5948Y1Z9,2026-04-02,2026-06-01,2026-04-06,PO-2026-3673,Legal,A. Iyer,email,INR,123609.67,0,0.0,123609.67,60,2762,0.978,False,none,False,
INV-2026-001106,Quantum Networks Pvt Ltd,16STTNB8710N1Z9,2026-02-12,2026-04-13,2026-02-14,PO-2026-9212,Procurement,D'Souza,edi_feed,INR,356898.48,0,0.0,356898.48,60,1169,0.941,False,none,False,
INV-2024-001107,Lotus Catering Services,03XIMDA4968T1Z3,2024-02-24,2024-04-09,2024-02-29,PO-2024-5703,Legal,S. Kulkarni,vendor_portal,INR,183129.33,28,51276.21,234405.54,45,0468,0.944,False,none,False,
INV-2024-001108,Trident Trading Co,12ABCDE,2024-07-06,2024-08-05,2024-07-06,PO-2024-8916,Logistics,M. Krishnan,edi_feed,INR,9699.31,28,2715.81,12415.12,30,1045,0.709,False,ghost_vendor,True,Vendor has no prior transaction history; GSTIN fails format check.
INV-2024-001109,Orion Cloud Systems,08RLJNK2741K1Z2,2024-02-27,2024-03-13,2024-03-01,PO-2024-5615,Legal,A. Iyer,edi_feed,INR,242923.49,0,0.0,242923.49,15,8794,0.95,False,none,False,
INV-2025-001110,Chola Office Supplies,06QTAZZ7123R1Z9,2025-11-10,2025-12-10,2025-11-14,PO-2025-3073,Operations,T. Rao,edi_feed,INR,398773.96,0,0.0,398773.96,30,2375,0.98,False,none,False,
INV-2026-001111,Everest Packaging Co,20QTYUX3172Z1Z9,2026-03-30,2026-05-14,2026-04-02,PO-2026-9340,Procurement,R. Menon,email,INR,403374.4,28,112944.83,516319.23,45,1427,0.905,False,none,False,
INV-2025-001112,Trident Trading Co,12ABCDE,2025-01-12,2025-02-26,2025-01-17,PO-2025-1420,Logistics,N. Bhatt,vendor_portal,INR,418576.42,28,117201.4,535777.82,45,5624,0.81,False,ghost_vendor,True,Vendor has no prior transaction history; GSTIN fails format check.
INV-2024-001113,Apex Manpower Agency,19IUMDK1775Q1Z7,2024-01-31,2024-03-31,2024-02-03,PO-2024-2013,Legal,V. Desai,edi_feed,INR,38350.12,28,10738.04,49088.16,60,9371,0.947,False,split_invoice,True,"Amount sits just under the approval threshold, alongside a same-day sibling invoice."
INV-2024-001114,Chola Office Supplies,35XAFGR3652G1Z3,2024-03-27,2024-04-11,2024-03-27,PO-2024-2830,Logistics,S. Kulkarni,edi_feed,INR,278600.6,12,33432.07,312032.67,15,6821,0.933,False,none,False,
INV-2025-001115,Orion Cloud Systems,03ZJTEE1665W1Z1,2025-06-21,2025-08-20,2025-06-26,PO-2025-2981,Legal,A. Iyer,scanned_mail,INR,266507.76,12,31980.93,298488.69,60,8950,0.933,False,none,False,
INV-2026-001116,Sundaram Motors Spares,36QEKFD2174X1Z9,2026-03-18,2026-05-02,2026-03-19,PO-2026-9752,Finance,S. Kulkarni,scanned_mail,INR,367070.94,5,18353.55,385424.49,45,2343,0.95,False,none,False,
INV-2024-001117,Yamuna Water Solutions,33PNYMI7090Y1Z5,2024-08-10,2024-09-09,2024-08-10,PO-2024-2871,HR,K. Reddy,edi_feed,INR,224165.95,0,0.0,224165.95,30,3460,0.966,False,none,False,
INV-2026-001118,Lotus Catering Services,22MDCTL4299W1Z2,2026-07-16,2026-08-15,2026-07-18,PO-2026-1076,Operations,D'Souza,scanned_mail,INR,163965.83,12,19675.9,183641.73,30,3305,0.994,False,none,False,
INV-2026-001119,Ganga Freight Services,21VBUFC9500C1Z0,2026-03-22,2026-04-21,2026-03-24,PO-2026-5002,HR,K. Reddy,email,INR,117731.13,12,14127.74,131858.87,30,7486,0.987,False,none,False,
INV-2025-001120,Raagam Interiors,01FJVNR2758P1Z7,2025-06-07,2025-08-06,2025-06-08,PO-2025-2888,IT,V. Desai,edi_feed,INR,174789.96,5,8739.5,183529.46,60,6015,0.945,False,none,False,
INV-2024-001121,Apex Manpower Agency,34FFRJI1975I1Z9,2024-12-27,2025-01-26,2024-12-30,PO-2024-4455,Logistics,A. Iyer,vendor_portal,INR,99788.21,28,27940.7,127728.91,30,4064,0.994,False,none,False,
INV-2024-001122,Kaveri Industrial Parts,32QAMVY4913W1Z5,2024-10-27,2024-12-26,2024-10-29,PO-2024-7357,HR,K. Reddy,vendor_portal,INR,318491.86,0,0.0,318491.86,60,9013,0.902,False,none,False,
INV-2024-001123,Vishwa Engineering Works,01UDFNN6332J1Z8,2024-05-28,2024-07-27,2024-05-30,PO-2024-6652,Operations,D'Souza,edi_feed,INR,285651.07,0,0.0,285651.07,60,2480,0.952,False,none,False,
INV-2026-001124,Prakash Stationery Mart,11HOYQN3040J1Z7,2026-04-03,2026-06-02,2026-04-08,PO-2026-1136,Admin,P. Nair,vendor_portal,INR,262304.95,18,47214.89,309519.84,60,1289,0.943,False,none,False,
INV-2026-001125,Vishwa Engineering Works,02NPDUP0252R1Z3,2026-06-03,2026-06-18,2026-06-03,PO-2026-1842,Marketing,V. Desai,scanned_mail,INR,245132.57,18,44123.86,289256.43,15,2210,0.918,False,none,False,
INV-2024-001126,Nandi Hardware Co,15PRWPD6898F1Z5,2024-10-10,2024-11-24,2024-10-15,PO-2024-7680,HR,D'Souza,email,INR,471543.54,5,23577.18,495120.72,45,8912,0.901,False,none,False,
INV-2024-001127,Siddha Supply Chain,12ABCDE,2024-10-03,2024-12-02,2024-10-06,PO-2024-8011,Legal,D'Souza,edi_feed,INR,148217.36,18,26679.12,174896.48,60,7755,0.768,False,ghost_vendor,True,Vendor has no prior transaction history; GSTIN fails format check.
INV-2025-001128,Wingspan Travel Corp,05XGVOV3653U1Z8,2025-04-02,2025-05-02,2025-04-03,PO-2025-5562,Operations,D'Souza,email,INR,37032.99,5,1851.65,38884.64,30,2986,0.921,False,none,False,
INV-2026-001129,Nandi Hardware Co,10LSIKT0083F1Z1,2026-06-29,2026-07-29,2026-07-03,PO-2026-9651,Marketing,P. Nair,edi_feed,INR,476676.35,5,23833.82,500510.17,30,2477,0.924,False,none,False,
INV-2026-001130,Tejas Security Services,19FVTGC7405O1Z5,2026-01-26,2026-03-12,2026-01-28,PO-2026-8537,Marketing,A. Iyer,email,USD,429540.05,8,34363.2,463903.25,45,9959,0.948,False,none,False,
INV-2025-001131,Udupi Fresh Foods,28AGQWY0670A1Z0,2025-03-06,2025-05-05,2025-03-08,PO-2025-6797,Legal,N. Bhatt,edi_feed,INR,57045.44,12,6845.45,63890.89,60,0425,0.964,False,none,False,
INV-2025-001132,Falcon IT Solutions,34XGBNW4790P1Z2,2025-05-06,2025-05-21,2025-05-06,PO-2025-4717,Finance,K. Reddy,vendor_portal,INR,255546.68,18,45998.4,301545.08,15,7242,0.917,False,none,False,
INV-2026-001133,Chola Office Supplies,36OFHEZ3587L1Z0,2026-01-04,2026-03-05,2026-01-06,PO-2026-4377,Procurement,V. Desai,scanned_mail,INR,406188.17,0,0.0,406188.17,60,9388,0.943,False,none,False,
INV-2026-001134,Meridian Consulting Group,23BEWWQ5141D1Z0,2026-06-21,2026-07-21,2026-06-22,PO-2026-2725,Marketing,S. Kulkarni,scanned_mail,INR,272427.9,0,0.0,272427.9,30,1961,0.94,False,none,False,
INV-2025-001135,Deccan Electricals,20NBGQL8877T1Z5,2025-12-27,2026-02-10,2025-12-27,PO-2025-8490,Procurement,P. Nair,vendor_portal,INR,331709.1,5,16585.46,348294.56,45,3604,0.976,False,none,False,
INV-2024-001136,Quantum Networks Pvt Ltd,06IZEZT9614A1Z3,2024-09-15,2024-10-30,2024-09-19,PO-2024-1498,Facilities,P. Nair,edi_feed,USD,420827.16,0,0.0,420827.16,45,7118,0.958,False,none,False,
INV-2024-001137,Global Freight Partners,10CHHVK8668C1Z6,2024-05-03,2024-06-02,2024-05-04,PO-2024-8932,Legal,N. Bhatt,email,INR,62816.11,28,17588.51,80404.62,30,3801,0.966,False,none,False,
INV-2025-001138,Bluewave Logistics Pvt Ltd,27FMJEG6178Z1Z9,2025-10-17,2025-12-01,2025-10-17,PO-2025-5627,Facilities,A. Iyer,edi_feed,INR,213439.84,0,0.0,213439.84,45,6494,0.933,False,none,False,
INV-2025-001139,Kaveri Industrial Parts,07SZVEX4981Y1Z3,2025-05-18,2025-07-17,2025-05-20,PO-2025-2101,Admin,S. Kulkarni,vendor_portal,INR,212531.17,18,38255.61,250786.78,60,7668,0.936,False,none,False,
INV-2026-001140,Sundaram Motors Spares,10EIZOS5559G1Z2,2026-05-26,2026-06-10,2026-05-27,PO-2026-3075,HR,N. Bhatt,edi_feed,USD,460626.87,10,46062.69,506689.56,15,1562,0.921,False,none,False,
INV-2025-001141,Jyothi Print & Design,20NLOSL8819M1Z8,2025-07-12,2025-08-11,2025-07-17,PO-2025-6586,Finance,P. Nair,vendor_portal,USD,293149.4,10,29314.94,322464.34,30,1411,0.968,False,none,False,
INV-2024-001142,Nandi Hardware Co,06EEHKP2652A1Z2,2024-03-24,2024-04-08,2024-03-29,PO-2024-9019,HR,A. Iyer,scanned_mail,INR,36397.46,5,1819.87,38217.33,15,0738,0.952,False,none,False,
INV-2024-001143,Quantum Networks Pvt Ltd,20RTTUB8938Z1Z6,2024-11-26,2024-12-11,2024-11-27,PO-2024-4155,Marketing,P. Nair,edi_feed,INR,449852.03,0,0.0,449852.03,15,9939,0.984,False,none,False,
INV-2024-001144,Yamuna Water Solutions,25QQKOE1330G1Z8,2024-08-02,2024-10-01,2024-08-02,PO-2024-3691,IT,N. Bhatt,vendor_portal,USD,352405.16,6,21144.31,504217.14,60,7320,0.963,False,altered_total,True,Total does not reconcile with subtotal + tax.
INV-2024-001145,Aravind Steel Traders,26TDBGY4643M1Z2,2024-10-04,2024-11-18,2024-10-08,PO-2024-6477,Procurement,D'Souza,edi_feed,USD,201861.76,10,20186.18,222047.94,45,6543,0.984,False,none,False,
INV-2025-001146,Indus Valley Textiles,07UAJGU2267Y1Z0,2025-03-03,2025-04-02,2025-03-03,PO-2025-7871,Legal,K. Reddy,edi_feed,INR,403231.67,28,112904.87,516136.54,30,3056,0.992,False,none,False,
INV-2024-001147,Indus Valley Textiles,29FUSWD0774S1Z8,2024-08-19,2024-10-18,2024-08-20,PO-2024-5736,Admin,V. Desai,vendor_portal,USD,42238.47,6,2534.31,44772.78,60,2277,0.957,False,none,False,
INV-2024-001148,Meridian Consulting Group,17MOLRU5441E1Z2,2024-07-02,2024-07-17,2024-07-07,PO-2024-6595,Facilities,K. Reddy,vendor_portal,INR,250300.62,5,12515.03,262815.65,15,3473,0.921,False,none,False,
INV-2024-001149,Falcon IT Solutions,30QGZTA5170A1Z8,2024-03-24,2024-05-23,2024-03-24,PO-2024-4428,Procurement,M. Krishnan,vendor_portal,INR,145610.53,18,26209.9,171820.43,60,6207,0.927,False,none,False,
INV-2024-001150,Sundaram Motors Spares,27ETBVR6964A1Z7,2024-06-04,2024-07-04,2024-06-06,PO-2025-1266,HR,M. Krishnan,edi_feed,INR,96863.49,18,17435.43,114298.92,30,1356,0.991,True,duplicate_invoice,True,Same vendor/amount seen on a prior invoice within 10 days.
INV-2024-001151,Everest Packaging Co,12METBU6399S1Z1,2024-03-08,2024-03-23,2024-03-08,PO-2024-7695,Admin,K. Reddy,email,INR,73313.54,28,20527.79,93841.33,15,0253,0.919,False,none,False,
INV-2026-001152,Udupi Fresh Foods,17PDJQM5224D1Z5,2026-08-19,2026-09-03,2026-08-23,PO-2026-4982,Finance,M. Krishnan,scanned_mail,EUR,181854.2,0,0.0,181854.2,15,4596,0.928,False,none,False,
INV-2025-001153,Ganga Freight Services,32HVOWD5913X1Z0,2025-04-11,2025-06-10,2025-04-12,PO-2025-6853,Facilities,R. Menon,edi_feed,INR,215597.96,12,25871.76,241469.72,60,4656,0.92,False,none,False,
INV-2025-001154,Yamuna Water Solutions,31XFTUA7339X1Z4,2025-04-08,2025-05-23,2025-04-10,PO-2025-1348,Operations,A. Iyer,email,INR,46423.57,28,12998.6,59422.17,45,8502,0.955,False,none,False,
INV-2025-001155,Ganga Freight Services,05RGTEW1689I1Z1,2025-06-11,2025-06-26,2025-06-14,PO-2025-9282,Admin,N. Bhatt,edi_feed,INR,158586.09,5,7929.3,166515.39,15,6996,0.916,False,none,False,
INV-2024-001156,Prakash Stationery Mart,26PWJNO5042D1Z5,2024-07-23,2024-08-22,2024-07-27,PO-2024-2157,Facilities,M. Krishnan,email,INR,46618.67,0,0.0,46618.67,30,0196,0.974,False,none,False,
INV-2024-001157,Meridian Consulting Group,18CSCTY2593U1Z7,2024-01-10,2024-02-09,2024-01-10,PO-2024-9387,Marketing,T. Rao,edi_feed,INR,210559.63,0,0.0,210559.63,30,2124,0.939,False,none,False,
INV-2026-001158,Aravind Steel Traders,15PPZHD4881G1Z4,2026-04-03,2026-05-18,2026-04-08,PO-2026-3249,Operations,K. Reddy,edi_feed,INR,19593.17,0,0.0,19593.17,45,2117,0.902,False,none,False,
INV-2024-001159,Global Freight Partners,22SDRFT3026W1Z2,2024-05-16,2024-06-15,2024-05-20,PO-2024-2567,IT,R. Menon,edi_feed,INR,41553.12,18,7479.56,49032.68,30,6337,0.91,False,none,False,
INV-2024-001160,Yamuna Water Solutions,32IBDFX2353M1Z9,2024-04-08,2024-06-07,2024-04-11,PO-2024-4296,Admin,A. Iyer,edi_feed,INR,364517.76,28,102064.97,466582.73,60,4263,0.971,False,none,False,
INV-2024-001161,Raagam Interiors,16TGWNN6711F1Z0,2024-02-27,2024-03-28,2024-03-01,PO-2024-2781,Finance,M. Krishnan,scanned_mail,INR,112320.47,12,13478.46,125798.93,30,0268,0.959,False,none,False,
INV-2025-001162,Everest Packaging Co,27QFKFP0509Q1Z8,2025-10-14,2025-11-28,2025-10-15,PO-2025-4303,Facilities,M. Krishnan,email,INR,356972.68,5,17848.63,421608.64,45,8037,0.901,False,altered_total,True,Total does not reconcile with subtotal + tax.
INV-2024-001163,Aravind Steel Traders,17ADDFP0370E1Z4,2024-12-13,2025-01-12,2024-12-18,PO-2024-5069,HR,D'Souza,scanned_mail,INR,244888.14,5,12244.41,257132.55,30,1818,0.986,False,none,False,
INV-2026-001164,Meridian Consulting Group,27EHJKQ9881L1Z8,2026-07-20,2026-09-18,2026-07-24,PO-2026-2036,Legal,R. Menon,scanned_mail,INR,264140.49,12,31696.86,295837.35,60,1879,0.949,False,none,False,
INV-2025-001165,Vishwa Engineering Works,13FEPGR8334O1Z9,2025-05-09,2025-07-08,2025-05-12,PO-2025-8153,Operations,N. Bhatt,scanned_mail,INR,294687.36,12,35362.48,330049.84,60,9330,0.972,False,none,False,
INV-2024-001166,Vishwa Engineering Works,12DRVZU5884H1Z1,2024-01-30,2024-02-29,2024-02-02,PO-2024-4199,Admin,M. Krishnan,email,INR,193605.57,18,34849.0,228454.57,30,3852,0.913,False,none,False,
INV-2026-001167,Chola Office Supplies,06UJBBD8996T1Z7,2026-04-22,2026-05-07,2026-04-27,PO-2026-6394,Operations,A. Iyer,vendor_portal,INR,193767.72,5,9688.39,203456.11,15,8968,0.915,False,none,False,
INV-2026-001168,Everest Packaging Co,22HYQTO8681Z1Z4,2026-05-29,2026-06-28,2026-06-02,PO-2026-3620,Legal,P. Nair,vendor_portal,INR,282561.28,18,50861.03,333422.31,30,4750,0.985,False,none,False,
INV-2024-001169,Nandi Hardware Co,04OHZQM9394S1Z0,2024-01-26,2024-03-11,2024-01-28,PO-2024-5571,IT,V. Desai,vendor_portal,INR,158409.66,0,0.0,158409.66,45,4600,0.982,False,none,False,
INV-2024-001170,Aravind Steel Traders,10QRVNS4910K1Z9,2024-10-27,2024-12-26,2024-11-01,PO-2024-8517,Marketing,N. Bhatt,scanned_mail,USD,102684.96,10,10268.5,112953.46,60,0909,0.939,False,none,False,
INV-2024-001171,Deccan Electricals,08CZSQO8687R1Z3,2024-08-08,2024-10-07,2024-08-08,PO-2024-6966,Facilities,T. Rao,edi_feed,INR,391089.39,12,46930.73,438020.12,60,1845,0.954,False,none,False,
INV-2025-001172,Kaveri Industrial Parts,10MOFKZ2412L1Z5,2025-12-14,2025-12-29,2025-12-16,PO-2025-3830,HR,S. Kulkarni,scanned_mail,INR,233268.81,18,41988.39,275257.2,15,6318,0.965,False,none,False,
INV-2024-001173,Zenith Office Furnishings,05OZTEW5817P1Z3,2024-02-29,2024-03-15,2024-03-01,PO-2024-7342,Procurement,M. Krishnan,vendor_portal,INR,26201.71,12,3144.21,29345.92,15,6193,0.907,False,none,False,
INV-2025-001174,Kaveri Industrial Parts,05QEGBD0916B1Z3,2025-08-23,2025-09-22,2025-08-23,PO-2025-2247,Operations,P. Nair,edi_feed,INR,86773.81,0,0.0,86773.81,30,2910,0.909,False,none,False,
INV-2024-001175,Wingspan Travel Corp,25WLLLY8523G1Z7,2024-10-26,2024-11-25,2024-10-30,PO-2024-3410,HR,K. Reddy,vendor_portal,INR,340990.31,12,40918.84,381909.15,30,4832,0.925,False,none,False,
INV-2025-001176,Tejas Security Services,35NHENH0176L1Z0,2025-04-27,2025-05-12,2025-04-30,PO-2025-5307,Logistics,M. Krishnan,email,INR,242902.31,12,29148.28,272050.59,15,5216,0.99,False,none,False,
INV-2026-001177,Indus Valley Textiles,21ZNFAJ3828H1Z4,2026-08-27,2026-09-11,2026-08-28,PO-2026-4024,IT,P. Nair,scanned_mail,INR,172849.23,28,48397.78,221247.01,15,9343,0.981,False,none,False,
INV-2024-001178,Indus Valley Textiles,26QRCAF2808B1Z7,2024-10-18,2024-12-17,2024-10-21,PO-2024-9967,HR,D'Souza,vendor_portal,INR,298733.79,5,14936.69,313670.48,60,8924,0.954,False,none,False,
INV-2024-001179,Prakash Stationery Mart,24PMDAE3778Z1Z8,2024-03-23,2024-04-22,2024-03-25,PO-2024-1810,Finance,K. Reddy,edi_feed,INR,267661.36,0,0.0,267661.36,30,6759,0.918,False,none,False,
INV-2024-001180,Coastal Cargo Movers,10VKTQZ1707W1Z0,2024-01-08,2024-02-22,2024-01-10,PO-2024-2639,IT,A. Iyer,email,INR,18319.22,28,5129.38,23448.6,45,1770,0.946,False,none,False,
INV-2024-001181,Vishwa Engineering Works,22GYCHA6058I1Z4,2024-02-27,2024-03-13,2024-03-03,PO-2024-1360,Operations,N. Bhatt,edi_feed,INR,13132.84,28,3677.2,16810.04,15,1950,0.961,False,none,False,
INV-2024-001182,Apex Manpower Agency,04HTIKS1204N1Z8,2024-04-08,2024-05-23,2024-04-09,PO-2024-3428,Facilities,A. Iyer,vendor_portal,INR,287402.92,0,0.0,287402.92,45,7945,0.962,False,none,False,
INV-2025-001183,Coastal Cargo Movers,36MRTLV8682R1Z1,2025-09-13,2025-11-12,2025-09-13,PO-2025-3599,HR,P. Nair,edi_feed,EUR,178722.61,6,10723.36,189445.97,60,9167,0.974,False,weekend_submission,True,Submitted outside business hours/days with no prior pattern for this vendor.
INV-2025-001184,Ganga Freight Services,20NSKMW9969L1Z0,2025-02-14,2025-03-01,2025-02-18,PO-2025-8271,Admin,N. Bhatt,edi_feed,INR,404084.16,12,48490.1,452574.26,15,9781,0.945,False,none,False,
INV-2025-001185,Chola Office Supplies,11OEEWJ0065K1Z1,2025-06-24,2025-08-08,2025-06-29,PO-2025-7059,Admin,V. Desai,edi_feed,INR,13657.25,0,0.0,13657.25,45,4221,0.988,False,none,False,
INV-2024-001186,Chola Office Supplies,26YRFQY5946R1Z8,2024-07-02,2024-08-31,2024-07-05,PO-2024-4031,Logistics,R. Menon,email,INR,90989.85,12,10918.78,101908.63,60,1010,0.939,False,none,False,
INV-2024-001187,Coastal Cargo Movers,01OGIWU4510Q1Z4,2024-09-19,2024-11-18,2024-09-21,PO-2024-9223,Finance,A. Iyer,edi_feed,EUR,44491.95,8,3559.36,48051.31,60,2835,0.943,False,split_invoice,True,"Amount sits just under the approval threshold, alongside a same-day sibling invoice."
INV-2024-001188,Nandi Hardware Co,07DPUEK2343Z1Z7,2024-01-31,2024-03-31,2024-01-31,PO-2024-4522,HR,M. Krishnan,vendor_portal,INR,19859.69,12,2383.16,22242.85,60,9013,0.911,False,none,False,
INV-2024-001189,Falcon IT Solutions,12UFBKR7665A1Z1,2024-11-08,2024-11-23,2024-11-13,PO-2023-2129,IT,T. Rao,vendor_portal,INR,239503.44,12,28740.41,268243.85,15,9995,0.919,False,mismatched_po,True,PO number does not correspond to an open purchase order.
INV-2024-001190,Deccan Electricals,29LCJED4520W1Z7,2024-10-12,2024-12-11,2024-10-17,PO-2024-4643,Finance,A. Iyer,scanned_mail,INR,143994.68,12,17279.36,161274.04,60,8300,0.912,False,none,False,
INV-2025-001191,Orion Cloud Systems,24WDUGZ4864S1Z6,2025-01-24,2025-02-23,2025-01-25,PO-2025-3460,HR,K. Reddy,vendor_portal,INR,2107.79,18,379.4,2487.19,30,6201,0.991,False,none,False,
INV-2025-001192,Yamuna Water Solutions,09WUPRQ1004X1Z8,2025-03-16,2025-03-31,2025-03-21,PO-2025-7046,Operations,D'Souza,edi_feed,INR,172633.45,0,0.0,172633.45,15,0529,0.958,False,none,False,
INV-2026-001193,Horizon Facilities Mgmt,10GEZNQ1873B1Z0,2026-05-21,2026-07-05,2026-05-26,PO-2026-4964,Logistics,K. Reddy,vendor_portal,INR,100641.38,5,5032.07,105673.45,45,9286,0.94,False,none,False,
INV-2025-001194,Bright Path Cleaning Services,25USPBA1134G1Z4,2025-02-06,2025-03-23,2025-02-09,PO-2025-7850,Logistics,R. Menon,vendor_portal,INR,416259.59,5,20812.98,437072.57,45,8264,0.99,False,none,False,
INV-2025-001195,Everest Packaging Co,28FBZGX0467X1Z9,2025-07-01,2025-07-16,2025-07-05,PO-2025-4082,Legal,P. Nair,vendor_portal,INR,27658.57,28,7744.4,35402.97,15,7297,0.932,False,none,False,
INV-2026-001196,Coastal Cargo Movers,26QWWGS5428M1Z4,2026-08-25,2026-09-24,2026-08-28,PO-2026-5678,Legal,A. Iyer,vendor_portal,INR,310445.31,12,37253.44,347698.75,30,8841,0.987,False,none,False,
INV-2024-001197,Indus Valley Textiles,04JDTWL9551L1Z1,2024-04-26,2024-05-11,2024-04-28,PO-2024-2215,HR,M. Krishnan,vendor_portal,INR,20359.53,18,3664.72,24024.25,15,6005,0.935,False,none,False,
INV-2024-001198,Udupi Fresh Foods,32YCRWW6341S1Z2,2024-12-02,2025-01-31,2024-12-07,PO-2024-1215,Admin,R. Menon,vendor_portal,INR,14434.28,5,721.71,15155.99,60,5710,0.968,False,weekend_submission,True,Submitted outside business hours/days with no prior pattern for this vendor.
INV-2025-001199,Orion Cloud Systems,17AIEPA9018V1Z8,2025-03-20,2025-04-19,2025-03-23,PO-2025-9280,Logistics,D'Souza,vendor_portal,INR,79423.68,12,9530.84,88954.52,30,8327,0.938,False,none,False,
INV-2024-001200,Orion Cloud Systems,30TEKYL2338Y1Z8,2024-06-04,2024-07-19,2024-06-05,PO-2024-9044,IT,A. Iyer,email,INR,285269.27,28,79875.4,365144.67,45,1925,0.918,False,none,False,
INV-2025-001201,Kaveri Industrial Parts,05WSART3029B1Z6,2025-03-08,2025-04-22,2025-03-10,PO-2025-3659,Marketing,D'Souza,email,USD,400015.43,8,32001.23,432016.66,45,6083,0.992,False,none,False,
INV-2025-001202,Kaveri Industrial Parts,29FYXUX9019Z1Z5,2025-02-12,2025-02-27,2025-02-16,PO-2025-2803,HR,P. Nair,email,INR,10351.96,12,1242.24,11594.2,15,2476,0.969,False,none,False,
INV-2026-001203,Aravind Steel Traders,23DKDRJ1160C1Z8,2026-07-06,2026-09-04,2026-07-10,PO-2026-4134,HR,N. Bhatt,vendor_portal,INR,241448.79,18,43460.78,284909.57,60,5282,0.928,False,none,False,
INV-2026-001204,Everest Packaging Co,34APZQC7150B1Z0,2026-08-06,2026-09-20,2026-08-11,PO-2026-2408,Operations,P. Nair,vendor_portal,EUR,93781.3,10,9378.13,103159.43,45,6955,0.909,False,none,False,
INV-2024-001205,Quantum Networks Pvt Ltd,08OQEOV1204F1Z7,2024-08-12,2024-09-11,2024-08-16,PO-2024-3750,Legal,K. Reddy,email,INR,356131.46,5,17806.57,373938.03,30,3838,0.92,False,none,False,
INV-2025-001206,Jyothi Print & Design,32ZHRGN1720N1Z3,2025-02-27,2025-03-29,2025-03-03,PO-2025-3362,Facilities,P. Nair,scanned_mail,USD,209669.79,6,12580.19,222249.98,30,2977,0.946,False,none,False,
INV-2026-001207,Falcon IT Solutions,07XIMTS6247F1Z8,2026-07-29,2026-08-28,2026-07-29,PO-2025-3735,Admin,S. Kulkarni,scanned_mail,INR,100181.69,5,5009.08,105190.77,30,4822,0.904,True,duplicate_invoice,True,Same vendor/amount seen on a prior invoice within 10 days.
INV-2025-001208,Sundaram Motors Spares,25WPMXQ6407F1Z5,2025-05-29,2025-06-28,2025-06-02,PO-2025-2533,Legal,T. Rao,scanned_mail,INR,229284.89,28,64199.77,293484.66,30,6915,0.901,False,none,False,
INV-2024-001209,Bluewave Logistics Pvt Ltd,14GRINH5527S1Z3,2024-02-15,2024-03-01,2024-02-20,PO-2024-2790,Admin,R. Menon,email,INR,229955.44,0,0.0,229955.44,15,4549,0.933,False,none,False,
INV-2024-001210,Horizon Facilities Mgmt,33NEUKS2924J1Z4,2024-09-24,2024-11-08,2024-09-28,PO-2024-6208,Operations,P. Nair,email,INR,399590.81,0,0.0,399590.81,45,3915,0.964,False,none,False,
INV-2026-001211,Tejas Security Services,05DJBQG1688I1Z9,2026-06-21,2026-07-06,2026-06-26,PO-2026-5720,Logistics,D'Souza,edi_feed,INR,388336.53,28,108734.23,497070.76,15,0777,0.952,False,none,False,
INV-2026-001212,Deccan Electricals,10RAZMU0612U1Z4,2026-01-14,2026-02-13,2026-01-14,PO-2026-8269,Logistics,N. Bhatt,email,INR,310482.1,0,0.0,310482.1,30,8786,0.981,False,none,False,
INV-2026-001213,Quantum Networks Pvt Ltd,28MFGVN7645W1Z4,2026-04-13,2026-05-13,2026-04-15,PO-2026-5539,IT,P. Nair,email,INR,208139.07,18,37465.03,245604.1,30,1247,0.944,False,none,False,
INV-2024-001214,Zenith Office Furnishings,08QJHIB1193V1Z0,2024-10-18,2024-11-02,2024-10-23,PO-2024-1400,Marketing,D'Souza,edi_feed,INR,382502.93,12,45900.35,428403.28,15,0163,0.967,False,none,False,
INV-2026-001215,Ganga Freight Services,04YUSPT8034O1Z2,2026-06-02,2026-07-17,2026-06-02,PO-2026-8125,Finance,N. Bhatt,email,USD,458826.33,0,0.0,458826.33,45,4519,0.937,False,none,False,
INV-2024-001216,Sundaram Motors Spares,09DVBCY0938D1Z3,2024-02-03,2024-02-18,2024-02-05,PO-2024-3958,HR,K. Reddy,edi_feed,INR,229399.16,12,27527.9,256927.06,15,4716,0.923,False,none,False,
INV-2025-001217,Horizon Facilities Mgmt,03YSOLC6089T1Z5,2025-10-24,2025-11-08,2025-10-28,PO-2025-4622,Marketing,V. Desai,scanned_mail,USD,56508.5,10,5650.85,62159.35,15,1082,0.967,False,none,False,
INV-2025-001218,Zenith Office Furnishings,07UREJO7945I1Z8,2025-07-18,2025-09-01,2025-07-19,PO-2025-9558,Legal,N. Bhatt,edi_feed,INR,133728.12,12,16047.37,149775.49,45,1654,0.934,False,weekend_submission,True,Submitted outside business hours/days with no prior pattern for this vendor.
INV-2024-001219,Deccan Electricals,28JEUGG3120W1Z4,2024-05-24,2024-07-08,2024-05-29,PO-2023-5254,Finance,V. Desai,edi_feed,INR,327451.55,12,39294.19,366745.74,45,4558,0.976,False,mismatched_po,True,PO number does not correspond to an open purchase order.
INV-2026-001220,Lotus Catering Services,25AKVWT2357K1Z2,2026-05-01,2026-06-15,2026-05-03,PO-2026-2647,Procurement,K. Reddy,scanned_mail,INR,312940.92,12,37552.91,350493.83,45,0041,0.974,False,none,False,
INV-2025-001221,Quantum Networks Pvt Ltd,34PDCZH8159N1Z9,2025-12-25,2026-02-23,2025-12-26,PO-2025-5655,Logistics,P. Nair,email,INR,389051.84,18,70029.33,459081.17,60,7662,0.935,False,none,False,
INV-2024-001222,Global Freight Partners,01JFRFO0496O1Z0,2024-03-19,2024-05-18,2024-03-20,PO-2024-8021,Marketing,T. Rao,vendor_portal,INR,276770.31,28,77495.69,354266.0,60,2165,0.956,False,none,False,
INV-2025-001223,Northgate Print Hub,14MPPNS3861B1Z5,2025-01-19,2025-03-05,2025-01-21,PO-2025-7222,Marketing,A. Iyer,email,INR,316195.93,18,56915.27,373111.2,45,8342,0.93,False,none,False,
INV-2024-001224,Prakash Stationery Mart,29GPTSQ4923A1Z8,2024-11-05,2024-12-05,2024-11-06,PO-2024-3751,Marketing,K. Reddy,email,INR,19460.89,0,0.0,19460.89,30,3447,0.977,False,none,False,
INV-2026-001225,Chola Office Supplies,17TBSPR8450P1Z9,2026-06-10,2026-07-10,2026-06-11,PO-2026-7809,HR,A. Iyer,email,INR,462316.61,18,83216.99,545533.6,30,3115,0.93,False,none,False,
INV-2025-001226,Udupi Fresh Foods,19IXJEI7473A1Z7,2025-06-26,2025-08-10,2025-06-26,PO-2025-2818,IT,M. Krishnan,email,INR,363109.32,28,101670.61,464779.93,45,1097,0.961,False,none,False,
INV-2025-001227,Orion Cloud Systems,06YFRXV9706E1Z0,2025-09-06,2025-11-05,2025-09-09,PO-2025-9409,Finance,M. Krishnan,email,INR,189638.15,28,53098.68,242736.83,60,4583,0.978,False,none,False,
INV-2024-001228,Yamuna Water Solutions,12DRQCS5267M1Z5,2024-11-26,2025-01-10,2024-11-29,PO-2024-5940,Procurement,D'Souza,email,INR,29729.87,18,5351.38,35081.25,45,0579,0.902,False,none,False,
INV-2025-001229,Sundaram Motors Spares,05JXEXE9435X1Z9,2025-08-10,2025-09-09,2025-08-13,PO-2024-3532,Operations,N. Bhatt,edi_feed,INR,291862.27,28,81721.44,373583.71,30,2920,0.982,False,mismatched_po,True,PO number does not correspond to an open purchase order.
INV-2024-001230,Prakash Stationery Mart,18IQUZC4190G1Z7,2024-05-26,2024-06-10,2024-05-28,PO-2024-8798,Finance,P. Nair,email,INR,463780.59,5,23189.03,486969.62,15,9881,0.955,False,none,False,
INV-2025-001231,Bright Path Cleaning Services,34VTOIX6947G1Z8,2025-03-01,2025-04-15,2025-03-03,PO-2025-9347,Marketing,M. Krishnan,scanned_mail,INR,425774.61,0,0.0,425774.61,45,0526,0.984,False,none,False,
INV-2024-001232,Sundaram Motors Spares,18TDFVO3981D1Z0,2024-12-24,2025-02-22,2024-12-29,PO-2024-3926,HR,N. Bhatt,email,INR,141234.09,0,0.0,141234.09,60,1784,0.943,False,none,False,
INV-2024-001233,Zenith Office Furnishings,32LAPOT4079Q1Z1,2024-06-09,2024-07-24,2024-06-14,PO-2024-8792,Legal,A. Iyer,vendor_portal,INR,400742.41,5,20037.12,420779.53,45,2033,0.922,False,none,False,
INV-2026-001234,Apex Manpower Agency,16THIZY9861V1Z0,2026-02-23,2026-04-24,2026-02-27,PO-2026-1404,Facilities,P. Nair,edi_feed,INR,473930.66,18,85307.52,559238.18,60,7177,0.958,False,none,False,
INV-2025-001235,Bright Path Cleaning Services,18LZVGU8080I1Z9,2025-11-05,2025-11-20,2025-11-10,PO-2025-3852,Operations,K. Reddy,email,INR,104354.84,18,18783.87,123138.71,15,6356,0.958,False,none,False,
INV-2026-001236,Raagam Interiors,02PJBAQ0042T1Z5,2026-07-10,2026-08-24,2026-07-15,PO-2026-7528,Marketing,P. Nair,scanned_mail,INR,127255.3,18,22905.95,150161.25,45,7567,0.958,False,none,False,
INV-2025-001237,Global Freight Partners,28UBXAE3351T1Z2,2025-04-09,2025-05-24,2025-04-11,PO-2025-5119,HR,V. Desai,vendor_portal,INR,241854.93,18,43533.89,285388.82,45,9234,0.947,False,none,False,
INV-2025-001238,Orion Cloud Systems,33PYXNL0557R1Z7,2025-05-07,2025-06-21,2025-05-12,PO-2025-9071,Legal,S. Kulkarni,scanned_mail,USD,93164.23,6,5589.85,98754.08,45,9260,0.921,False,none,False,
INV-2026-001239,Tejas Security Services,20YFGMC5917K1Z2,2026-04-09,2026-06-08,2026-04-11,PO-2026-1220,Operations,P. Nair,scanned_mail,INR,365824.35,0,0.0,365824.35,60,9730,0.987,False,none,False,
INV-2024-001240,Indus Valley Textiles,34FFIDM1647B1Z3,2024-09-03,2024-11-02,2024-09-07,PO-2024-1270,Admin,N. Bhatt,email,INR,51558.5,28,14436.38,65994.88,60,5924,0.905,False,none,False,
INV-2025-001241,Sundaram Motors Spares,28STBIX7551H1Z7,2025-07-07,2025-08-21,2025-07-10,PO-2025-1084,Legal,A. Iyer,email,INR,46018.64,5,2300.93,48319.57,45,7099,0.929,False,split_invoice,True,"Amount sits just under the approval threshold, alongside a same-day sibling invoice."
INV-2026-001242,Global Freight Partners,35AAEVY6646A1Z4,2026-02-27,2026-03-29,2026-03-03,PO-2026-9308,Facilities,S. Kulkarni,scanned_mail,INR,49000.86,0,0.0,49000.86,30,6526,0.932,False,split_invoice,True,"Amount sits just under the approval threshold, alongside a same-day sibling invoice."
INV-2024-001243,Deccan Electricals,33WDPXX2264K1Z7,2024-05-07,2024-06-21,2024-05-11,PO-2024-4536,Admin,T. Rao,edi_feed,INR,159084.1,28,44543.55,203627.65,45,2221,0.937,False,none,False,
INV-2025-001244,Jyothi Print & Design,07DUUQD6060Z1Z5,2025-06-28,2025-07-13,2025-06-29,PO-2024-9058,Facilities,T. Rao,email,INR,460115.81,12,55213.9,515329.71,15,9176,0.912,False,mismatched_po,True,PO number does not correspond to an open purchase order.
INV-2026-001245,Udupi Fresh Foods,06LGBZK7354E1Z0,2026-05-05,2026-07-04,2026-05-08,PO-2026-2297,Legal,V. Desai,scanned_mail,USD,189743.18,6,11384.59,201127.77,60,2702,0.938,False,none,False,
INV-2026-001246,Sundaram Motors Spares,19RKMVZ0016C1Z7,2026-07-14,2026-08-28,2026-07-17,PO-2026-1191,Legal,V. Desai,scanned_mail,INR,55831.11,5,2791.56,58622.67,45,8177,0.984,False,none,False,
INV-2024-001247,Aravind Steel Traders,20XWQJK4753E1Z3,2024-10-03,2024-11-17,2024-10-07,PO-2024-3073,Marketing,N. Bhatt,email,USD,357376.06,10,35737.61,393113.67,45,1314,0.916,False,none,False,
INV-2025-001248,Orion Cloud Systems,37QCQXW0900H1Z4,2025-05-12,2025-06-11,2025-05-15,PO-2025-2793,Operations,M. Krishnan,email,INR,321645.82,12,38597.5,360243.32,30,9851,0.966,False,none,False,
INV-2026-001249,Northgate Print Hub,30HRBIQ8469X1Z2,2026-03-26,2026-05-10,2026-03-26,PO-2026-8027,Facilities,R. Menon,vendor_portal,INR,310613.05,0,0.0,310613.05,45,1443,0.934,False,none,False,
INV-2024-001250,Bright Path Cleaning Services,24FYWQD2188A1Z4,2024-04-06,2024-05-21,2024-04-08,PO-2024-4511,HR,S. Kulkarni,email,INR,303697.58,12,36443.71,340141.29,45,5970,0.99,False,none,False,
INV-2024-001251,Vishwa Engineering Works,22LTCWN6899S1Z0,2024-03-12,2024-04-11,2024-03-14,PO-2024-5214,Legal,T. Rao,scanned_mail,INR,191116.15,18,34400.91,225517.06,30,9722,0.928,False,none,False,
INV-2024-001252,Global Freight Partners,09VLPQD5188X1Z8,2024-07-20,2024-08-19,2024-07-23,PO-2024-2591,Procurement,A. Iyer,vendor_portal,INR,95957.91,28,26868.21,122826.12,30,0048,0.9,False,none,False,
INV-2024-001253,Lotus Catering Services,27KXFEJ3452A1Z8,2024-03-10,2024-04-09,2024-03-13,PO-2024-3310,Logistics,T. Rao,edi_feed,INR,42473.01,12,5096.76,47569.77,30,8444,0.982,False,none,False,
INV-2025-001254,Raagam Interiors,23KHFZV5798U1Z7,2025-09-16,2025-10-16,2025-09-21,PO-2025-2898,Finance,P. Nair,scanned_mail,EUR,27007.4,6,1620.44,28627.84,30,3805,0.971,False,none,False,
INV-2025-001255,Udupi Fresh Foods,37IVJWN7102S1Z0,2025-07-14,2025-07-29,2025-07-18,PO-2025-8777,Marketing,D'Souza,edi_feed,INR,318068.77,0,0.0,318068.77,15,3031,0.957,False,none,False,
INV-2024-001256,Falcon IT Solutions,37JHXYS1869B1Z8,2024-11-05,2024-12-20,2024-11-07,PO-2024-2774,IT,S. Kulkarni,vendor_portal,INR,51260.61,0,0.0,51260.61,45,7207,0.962,False,none,False,
INV-2024-001257,Yamuna Water Solutions,21YUPPJ6655Z1Z3,2024-12-10,2025-02-08,2024-12-13,PO-2024-4543,Facilities,T. Rao,vendor_portal,USD,191839.95,10,19183.99,211023.94,60,0707,0.953,False,none,False,
INV-2024-001258,Orion Cloud Systems,10ACLCO7384G1Z0,2024-05-20,2024-06-19,2024-05-24,PO-2024-1875,Marketing,K. Reddy,edi_feed,INR,56320.1,18,10137.62,66457.72,30,0946,0.934,False,none,False,
INV-2025-001259,Chola Office Supplies,26GRCHR6256T1Z4,2025-06-06,2025-06-21,2025-06-10,PO-2025-9029,Operations,K. Reddy,email,INR,261535.06,0,0.0,261535.06,15,8237,0.934,False,none,False,
INV-2026-001260,Falcon IT Solutions,20WRYNC0097H1Z2,2026-04-16,2026-05-31,2026-04-18,PO-2026-1882,Marketing,K. Reddy,scanned_mail,INR,301307.42,12,36156.89,337464.31,45,0079,0.913,False,none,False,
INV-2026-001261,Deccan Electricals,12CUXJU0817J1Z0,2026-09-06,2026-11-05,2026-09-08,PO-2026-1717,Logistics,K. Reddy,email,EUR,121932.55,0,0.0,121932.55,60,9090,0.969,False,none,False,
INV-2026-001262,Trident Trading Co,12ABCDE,2026-02-22,2026-04-08,2026-02-23,PO-2026-8315,Legal,V. Desai,edi_feed,INR,189787.44,12,22774.49,212561.93,45,4313,0.826,False,ghost_vendor,True,Vendor has no prior transaction history; GSTIN fails format check.
INV-2024-001263,Deccan Electricals,04NJNCH2913X1Z0,2024-08-19,2024-09-03,2024-08-20,PO-2024-3970,Operations,K. Reddy,scanned_mail,USD,218006.68,8,17440.53,235447.21,15,8215,0.957,False,none,False,
INV-2024-001264,Northgate Print Hub,25DDLWS2156X1Z4,2024-12-15,2025-01-14,2024-12-19,PO-2024-2477,Admin,M. Krishnan,scanned_mail,INR,167045.08,12,20045.41,187090.49,30,6327,0.994,False,none,False,
INV-2026-001265,Indus Valley Textiles,19KMCPH4212J1Z1,2026-06-10,2026-07-25,2026-06-13,PO-2026-7422,Legal,V. Desai,email,INR,327427.15,18,58936.89,386364.04,45,1525,0.905,False,none,False,
INV-2025-001266,Chola Office Supplies,16BDVCW9415K1Z5,2025-12-14,2025-12-29,2025-12-15,PO-2025-7844,Operations,P. Nair,edi_feed,INR,221385.88,5,11069.29,232455.17,15,5831,0.965,False,none,False,
INV-2026-001267,Ganga Freight Services,10ZCSAA1860O1Z1,2026-01-24,2026-02-23,2026-01-24,PO-2026-9604,Finance,K. Reddy,scanned_mail,INR,222324.89,18,40018.48,262343.37,30,6664,0.971,False,none,False,
INV-2024-001268,Meridian Consulting Group,28OULZB0017Y1Z8,2024-11-02,2025-01-01,2024-11-05,PO-2024-5688,Procurement,R. Menon,scanned_mail,INR,42605.97,0,0.0,42605.97,60,0924,0.923,False,none,False,
INV-2025-001269,Orion Cloud Systems,08AWZNB0114W1Z9,2025-01-18,2025-02-02,2025-01-19,PO-2025-5861,Operations,T. Rao,email,INR,386113.04,5,19305.65,405418.69,15,3870,0.982,False,none,False,
INV-2025-001270,Siddha Supply Chain,00INVALID000,2025-05-31,2025-07-30,2025-05-31,PO-2025-2838,Logistics,S. Kulkarni,edi_feed,INR,407745.38,18,73394.17,481139.55,60,7415,0.779,False,ghost_vendor,True,Vendor has no prior transaction history; GSTIN fails format check.
INV-2026-001271,Udupi Fresh Foods,25MBIAC6860O1Z0,2026-05-16,2026-06-30,2026-05-21,PO-2026-2026,Logistics,D'Souza,email,INR,204732.64,28,57325.14,262057.78,45,8244,0.914,False,none,False,
INV-2025-001272,Vishwa Engineering Works,23BHEVM9180S1Z5,2025-12-17,2026-01-16,2025-12-20,PO-2025-8000,Logistics,M. Krishnan,scanned_mail,EUR,194554.49,8,15564.36,210118.85,30,9858,0.957,False,none,False,
INV-2025-001273,Kaveri Industrial Parts,35ERWAB2023N1Z2,2025-11-24,2025-12-09,2025-11-25,PO-2025-1061,Legal,K. Reddy,vendor_portal,INR,217471.73,12,26096.61,243568.34,15,0229,0.953,False,none,False,
INV-2025-001274,Bluewave Logistics Pvt Ltd,25GIAIB0338W1Z9,2025-07-08,2025-07-23,2025-07-11,PO-2025-1385,IT,M. Krishnan,edi_feed,INR,304321.26,0,0.0,304321.26,15,2915,0.915,False,none,False,
INV-2026-001275,Aravind Steel Traders,23VGRPG7825Z1Z3,2026-08-25,2026-10-09,2026-08-25,PO-2026-8596,Facilities,P. Nair,vendor_portal,USD,50362.47,10,5036.25,55398.72,45,4686,0.934,False,none,False,
INV-2024-001276,Prakash Stationery Mart,30CXKWJ4057P1Z8,2024-05-21,2024-07-20,2024-05-21,PO-2024-7940,Marketing,K. Reddy,vendor_portal,INR,189021.53,0,0.0,189021.53,60,7454,0.963,False,none,False,
INV-2025-001277,Wingspan Travel Corp,24DWQWB7935C1Z9,2025-04-04,2025-04-19,2025-04-06,PO-2025-4531,Facilities,S. Kulkarni,scanned_mail,INR,468188.75,12,56182.65,524371.4,15,5196,0.969,False,none,False,
INV-2025-001278,Bluewave Logistics Pvt Ltd,05FEXDT8416E1Z3,2025-10-23,2025-12-07,2025-10-25,PO-2025-4989,Finance,M. Krishnan,scanned_mail,INR,35375.0,5,1768.75,37143.75,45,3548,0.948,False,none,False,
INV-2025-001279,Yamuna Water Solutions,21OEXYM3057K1Z9,2025-04-17,2025-05-17,2025-04-20,PO-2025-7127,Operations,T. Rao,email,INR,203035.44,18,36546.38,239581.82,30,4281,0.916,False,none,False,
INV-2026-001280,Coastal Cargo Movers,05MLETS0441J1Z9,2026-02-14,2026-03-31,2026-02-15,PO-2026-6467,IT,R. Menon,edi_feed,INR,26576.68,0,0.0,26576.68,45,0496,0.929,False,none,False,
INV-2026-001281,Bright Path Cleaning Services,32NFLTD1253I1Z4,2026-06-23,2026-07-08,2026-06-25,PO-2026-2367,Facilities,R. Menon,edi_feed,INR,200011.33,18,36002.04,236013.37,15,5523,0.938,False,none,False,
INV-2024-001282,Tejas Security Services,07HEKIL7213F1Z5,2024-06-18,2024-08-02,2024-06-29,PO-2024-7377,HR,R. Menon,edi_feed,INR,173325.78,28,48531.22,221857.0,45,2896,0.937,False,weekend_submission,True,Submitted outside business hours/days with no prior pattern for this vendor.
INV-2026-001283,Falcon IT Solutions,02CXSFT4546Y1Z5,2026-07-28,2026-08-12,2026-07-30,PO-2026-8022,Legal,D'Souza,email,INR,99563.5,28,27877.78,127441.28,15,9417,0.912,False,none,False,
INV-2024-001284,Coastal Cargo Movers,32HHGCW5522S1Z7,2024-01-02,2024-01-17,2024-01-02,PO-2024-4638,Operations,P. Nair,email,INR,436062.27,12,52327.47,488389.74,15,6275,0.941,False,none,False,
INV-2024-001285,Zenith Office Furnishings,18ZUQRY2803V1Z7,2024-07-06,2024-07-21,2024-07-10,PO-2024-4833,HR,D'Souza,vendor_portal,INR,318188.96,28,89092.91,407281.87,15,8481,0.986,False,none,False,
INV-2024-001286,Bluewave Logistics Pvt Ltd,06EEJOS4995B1Z5,2024-07-31,2024-09-14,2024-08-01,PO-2024-5430,Legal,K. Reddy,vendor_portal,INR,351903.73,12,42228.45,394132.18,45,0601,0.902,False,none,False,
INV-2026-001287,Horizon Facilities Mgmt,11MYEGB9222P1Z7,2026-08-23,2026-10-22,2026-08-25,PO-2026-1455,Finance,R. Menon,vendor_portal,USD,104894.05,8,8391.52,113285.57,60,9998,0.994,False,none,False,
INV-2024-001288,Vishwa Engineering Works,07TGWKK9151A1Z9,2024-05-03,2024-06-02,2024-05-05,PO-2024-6399,Operations,M. Krishnan,edi_feed,INR,80303.74,0,0.0,90483.33,30,8420,0.988,False,altered_total,True,Total does not reconcile with subtotal + tax.
INV-2026-001289,Apex Manpower Agency,09TVULD3767Q1Z6,2026-02-17,2026-04-03,2026-02-18,PO-2026-5808,Operations,P. Nair,email,INR,269780.22,12,32373.63,302153.85,45,3434,0.992,False,none,False,
INV-2024-001290,Orion Cloud Systems,29DUZUI5480M1Z8,2024-04-06,2024-05-06,2024-04-06,PO-2024-7695,Admin,R. Menon,vendor_portal,INR,85247.18,28,23869.21,109116.39,30,0378,0.956,True,duplicate_invoice,True,Same vendor/amount seen on a prior invoice within 10 days.
INV-2024-001291,Nandi Hardware Co,15XTEPP8998J1Z6,2024-09-19,2024-11-03,2024-09-24,PO-2024-9235,Facilities,P. Nair,scanned_mail,USD,44036.82,10,4403.68,48440.5,45,3724,0.915,False,split_invoice,True,"Amount sits just under the approval threshold, alongside a same-day sibling invoice."
INV-2025-001292,Udupi Fresh Foods,34VKKGB2492T1Z7,2025-06-15,2025-08-14,2025-06-18,PO-2025-6002,Procurement,T. Rao,vendor_portal,USD,457564.37,10,45756.44,503320.81,60,4666,0.937,False,none,False,
INV-2026-001293,Kaveri Industrial Parts,26LAUQQ9871O1Z1,2026-06-06,2026-07-06,2026-06-07,PO-2026-1391,Legal,R. Menon,email,INR,462354.68,0,0.0,462354.68,30,4905,0.91,False,none,False,
INV-2026-001294,Wingspan Travel Corp,37TJNTV5058M1Z5,2026-08-22,2026-09-06,2026-08-26,PO-2026-5289,Marketing,S. Kulkarni,email,EUR,235021.41,6,14101.28,249122.69,15,3580,0.93,False,none,False,
INV-2026-001295,Tejas Security Services,20GSQZB7836Y1Z4,2026-06-14,2026-07-29,2026-06-16,PO-2026-6776,Finance,T. Rao,email,INR,286838.93,12,34420.67,321259.6,45,0193,0.903,False,none,False,
INV-2025-001296,Chola Office Supplies,07USIJE0579F1Z3,2025-01-27,2025-03-13,2025-01-30,PO-2025-9779,Logistics,K. Reddy,scanned_mail,INR,311851.52,12,37422.18,349273.7,45,5774,0.93,False,none,False,
INV-2025-001297,Wingspan Travel Corp,37QRSYH6528D1Z3,2025-01-29,2025-02-28,2025-01-29,PO-2025-2495,Finance,S. Kulkarni,edi_feed,USD,286852.99,8,22948.24,309801.23,30,8169,0.94,False,none,False,
INV-2025-001298,Tejas Security Services,04BCKHD0249F1Z2,2025-10-24,2025-11-23,2025-10-28,PO-2025-6124,Logistics,P. Nair,scanned_mail,INR,172307.62,28,48246.13,220553.75,30,0558,0.902,False,none,False,
INV-2026-001299,Zenith Office Furnishings,01THFYZ8304T1Z8,2026-02-13,2026-03-15,2026-02-16,PO-2026-1829,IT,N. Bhatt,edi_feed,INR,189687.53,18,34143.76,223831.29,30,3954,0.977,False,none,False,
INV-2024-001300,Yamuna Water Solutions,22FEXZS7309R1Z0,2024-04-16,2024-05-16,2024-04-16,PO-2024-3585,HR,R. Menon,scanned_mail,INR,364517.76,28,102064.97,466582.73,30,3584,0.966,True,duplicate_invoice,True,Same vendor/amount seen on a prior invoice within 10 days.
INV-2024-001301,Jyothi Print & Design,17KTVLQ9019X1Z2,2024-03-13,2024-04-27,2024-03-15,PO-2024-7087,Facilities,V. Desai,edi_feed,USD,128430.49,0,0.0,128430.49,45,4501,0.935,False,none,False,
INV-2025-001302,Indus Valley Textiles,01FTTJS9106U1Z7,2025-09-19,2025-11-18,2025-09-19,PO-2025-6228,IT,R. Menon,edi_feed,INR,336066.74,0,0.0,336066.74,60,0882,0.988,False,none,False,
INV-2026-001303,Lotus Catering Services,19YBIDQ2396U1Z5,2026-02-15,2026-03-17,2026-02-17,PO-2026-2583,Admin,P. Nair,scanned_mail,INR,208741.27,12,25048.95,233790.22,30,1673,0.942,True,duplicate_invoice,True,Same vendor/amount seen on a prior invoice within 10 days.
INV-2024-001304,Bright Path Cleaning Services,17TUBUR8034J1Z7,2024-02-25,2024-03-26,2024-02-27,PO-2024-6990,Legal,T. Rao,vendor_portal,INR,72610.86,0,0.0,72610.86,30,6413,0.962,False,none,False,
INV-2026-001305,Kaveri Industrial Parts,32QDPDE3686E1Z7,2026-09-01,2026-10-16,2026-09-06,PO-2026-2189,Admin,M. Krishnan,email,INR,264552.7,18,47619.49,312172.19,45,6840,0.995,False,none,False,
INV-2025-001306,Bright Path Cleaning Services,20WWRAS1835K1Z9,2025-04-22,2025-06-06,2025-04-25,PO-2025-7814,IT,V. Desai,email,USD,454441.29,8,36355.3,490796.59,45,2982,0.921,False,none,False,
INV-2026-001307,Horizon Facilities Mgmt,09AVTVO2590V1Z8,2026-05-11,2026-07-10,2026-05-15,PO-2026-5747,Finance,M. Krishnan,edi_feed,INR,349975.76,5,17498.79,367474.55,60,6154,0.96,False,none,False,
INV-2026-001308,Horizon Facilities Mgmt,03VZCES0822B1Z6,2026-02-03,2026-03-20,2026-02-08,PO-2026-1931,Finance,A. Iyer,scanned_mail,EUR,402526.59,10,40252.66,442779.25,45,2407,0.938,False,none,False,
INV-2024-001309,Zenith Office Furnishings,36SRWMB8616V1Z6,2024-07-21,2024-09-04,2024-07-25,PO-2024-7897,Procurement,T. Rao,email,USD,172795.2,8,13823.62,186618.82,45,1224,0.954,False,none,False,
INV-2024-001310,Kaveri Industrial Parts,33AGQQZ8727G1Z9,2024-09-25,2024-10-25,2024-09-28,PO-2024-2817,HR,T. Rao,email,INR,81359.05,18,14644.63,96003.68,30,9955,0.994,False,weekend_submission,True,Submitted outside business hours/days with no prior pattern for this vendor.
INV-2026-001311,Prakash Stationery Mart,24GXWBR1147K1Z4,2026-06-20,2026-08-19,2026-06-24,PO-2026-7815,Admin,D'Souza,email,INR,419907.12,28,117573.99,537481.11,60,8975,0.934,False,none,False,
INV-2025-001312,Everest Packaging Co,34PPYOF8287N1Z2,2025-08-07,2025-09-21,2025-08-10,PO-2025-4140,Procurement,V. Desai,vendor_portal,USD,234544.93,0,0.0,234544.93,45,5678,0.99,False,none,False,
INV-2025-001313,Everest Packaging Co,26MWQJC4831K1Z8,2025-12-08,2025-12-23,2025-12-09,PO-2025-4654,Procurement,D'Souza,vendor_portal,INR,477318.84,5,23865.94,501184.78,15,8915,0.974,False,none,False,
INV-2026-001314,Prakash Stationery Mart,15BTCOU2009B1Z7,2026-04-14,2026-05-14,2026-04-17,PO-2026-4611,Procurement,N. Bhatt,edi_feed,EUR,93953.9,0,0.0,93953.9,30,2161,0.994,False,none,False,
INV-2026-001315,Chola Office Supplies,27QGFII5532K1Z5,2026-06-05,2026-07-20,2026-06-08,PO-2026-9639,Finance,P. Nair,scanned_mail,INR,460121.2,12,55214.54,515335.74,45,7584,0.924,False,none,False,
INV-2025-001316,Bright Path Cleaning Services,06WSYXY4052Q1Z8,2025-12-18,2026-01-17,2025-12-19,PO-2025-1217,Logistics,T. Rao,scanned_mail,INR,371528.13,18,66875.06,438403.19,30,3567,0.945,False,none,False,
INV-2025-001317,Orion Cloud Systems,25NVGMR7825M1Z2,2025-09-14,2025-10-29,2025-09-14,PO-2025-4057,Legal,T. Rao,email,INR,370469.33,18,66684.48,437153.81,45,9776,0.937,False,none,False,
INV-2025-001318,Ganga Freight Services,24UVSVC8424Y1Z4,2025-02-26,2025-03-13,2025-02-28,PO-2025-1043,Facilities,T. Rao,edi_feed,INR,298146.68,5,14907.33,313054.01,15,9058,0.906,False,none,False,
INV-2025-001319,Indus Valley Textiles,13AQTOO7128W1Z6,2025-01-30,2025-03-01,2025-01-31,PO-2025-9434,Admin,M. Krishnan,vendor_portal,INR,303571.21,28,84999.94,388571.15,30,0656,0.94,False,none,False,
INV-2024-001320,Lotus Catering Services,20KMSOB6491X1Z6,2024-01-14,2024-03-14,2024-01-16,PO-2024-3607,Operations,A. Iyer,vendor_portal,USD,383448.61,8,30675.89,414124.5,60,8164,0.936,False,none,False,
INV-2025-001321,Jyothi Print & Design,19BABFC7651T1Z1,2025-07-25,2025-08-09,2025-07-29,PO-2025-3392,Operations,K. Reddy,email,INR,212591.42,0,0.0,212591.42,15,0963,0.962,False,none,False,
INV-2024-001322,Lotus Catering Services,35HBVEM8674V1Z9,2024-08-27,2024-09-26,2024-08-31,PO-2024-2908,Admin,V. Desai,scanned_mail,INR,200645.95,28,56180.87,256826.82,30,6669,0.921,False,none,False,
INV-2024-001323,Northgate Print Hub,27LWKBV9570M1Z3,2024-07-12,2024-07-27,2024-07-15,PO-2024-6548,HR,D'Souza,email,INR,321417.18,18,57855.09,379272.27,15,7052,0.904,False,none,False,
INV-2025-001324,Bluewave Logistics Pvt Ltd,02SUDJY0579O1Z5,2025-03-20,2025-04-04,2025-03-20,PO-2025-1032,Marketing,P. Nair,scanned_mail,INR,49037.79,18,8826.8,57864.59,15,7946,0.904,False,none,False,
INV-2025-001325,Lotus Catering Services,21LNJZP9423L1Z1,2025-04-11,2025-04-26,2025-04-19,PO-2025-7587,IT,K. Reddy,edi_feed,INR,77651.15,18,13977.21,91628.36,15,2593,0.986,False,weekend_submission,True,Submitted outside business hours/days with no prior pattern for this vendor.
INV-2024-001326,Raagam Interiors,31JFSNT1506H1Z9,2024-11-04,2024-11-19,2024-11-06,PO-2024-6251,Legal,T. Rao,edi_feed,INR,416534.6,28,116629.69,533164.29,15,8181,0.902,False,none,False,
INV-2025-001327,Chola Office Supplies,11WLQPQ7841Q1Z5,2025-05-02,2025-06-16,2025-05-07,PO-2025-3860,Finance,K. Reddy,scanned_mail,INR,342674.98,12,41121.0,383795.98,45,7750,0.953,False,none,False,
INV-2024-001328,Orion Cloud Systems,07FTKPO6913J1Z4,2024-11-02,2024-12-17,2024-11-03,PO-2024-9067,Operations,V. Desai,vendor_portal,INR,142585.95,12,17110.31,159696.26,45,6937,0.94,False,none,False,
INV-2024-001329,Bluewave Logistics Pvt Ltd,33BVMUB7561U1Z8,2024-11-18,2025-01-17,2024-11-19,PO-2024-8529,Facilities,K. Reddy,scanned_mail,USD,454135.78,8,36330.86,490466.64,60,9311,0.942,False,none,False,
INV-2024-001330,Global Freight Partners,04UVNAC1264H1Z4,2024-09-15,2024-09-30,2024-09-20,PO-2024-9623,Procurement,T. Rao,edi_feed,INR,393625.74,18,70852.63,603410.85,15,5711,0.967,False,altered_total,True,Total does not reconcile with subtotal + tax.
INV-2026-001331,Bluewave Logistics Pvt Ltd,22TRLVZ2522W1Z1,2026-05-18,2026-06-02,2026-05-23,PO-2026-6649,Procurement,K. Reddy,email,INR,233936.1,5,11696.81,245632.91,15,3651,0.989,False,none,False,
INV-2025-001332,Raagam Interiors,27JUDQQ2446G1Z5,2025-09-12,2025-09-27,2025-09-17,PO-2025-4847,Admin,P. Nair,edi_feed,INR,319119.34,12,38294.32,357413.66,15,9883,0.975,False,none,False,
INV-2025-001333,Nandi Hardware Co,08ELIJY6109M1Z3,2025-05-17,2025-06-01,2025-05-21,PO-2025-4139,Legal,T. Rao,scanned_mail,INR,56417.42,5,2820.87,59238.29,15,9542,0.903,False,none,False,
INV-2024-001334,Meridian Consulting Group,23KJBVN5541D1Z2,2024-07-27,2024-09-10,2024-08-01,PO-2024-1525,Finance,M. Krishnan,vendor_portal,INR,333009.65,18,59941.74,392951.39,45,7440,0.959,False,none,False,
INV-2024-001335,Jyothi Print & Design,25SHSYF4991G1Z2,2024-01-30,2024-03-30,2024-02-04,PO-2024-8339,Admin,A. Iyer,scanned_mail,INR,255119.74,28,71433.53,326553.27,60,2709,0.984,False,none,False,
INV-2024-001336,Chola Office Supplies,21KIVZH5549C1Z4,2024-10-08,2024-10-23,2024-10-09,PO-2024-9967,Operations,V. Desai,email,INR,394613.56,28,110491.8,505105.36,15,9842,0.941,False,none,False,
INV-2026-001337,Aravind Steel Traders,28UESRI2964R1Z4,2026-06-02,2026-07-17,2026-06-05,PO-2026-2953,Finance,N. Bhatt,scanned_mail,USD,147418.05,6,8845.08,156263.13,45,4603,0.949,False,none,False,
INV-2025-001338,Quantum Networks Pvt Ltd,12BPEKX0180Z1Z0,2025-08-06,2025-09-20,2025-08-10,PO-2025-3485,Finance,K. Reddy,vendor_portal,INR,131633.04,12,15795.96,147429.0,45,4649,0.978,False,none,False,
INV-2024-001339,Apex Manpower Agency,16XAKDA5340T1Z2,2024-04-27,2024-06-26,2024-04-30,PO-2024-5854,Facilities,T. Rao,edi_feed,INR,63163.67,28,17685.83,80849.5,60,4693,0.942,False,none,False,
INV-2025-001340,Bright Path Cleaning Services,18ICNTH8610A1Z0,2025-07-21,2025-08-05,2025-07-23,PO-2025-6677,Finance,T. Rao,email,INR,364185.02,5,18209.25,382394.27,15,7591,0.938,False,none,False,
INV-2025-001341,Tejas Security Services,19HJJCL2230R1Z2,2025-06-25,2025-08-24,2025-06-28,PO-2025-5326,Procurement,P. Nair,scanned_mail,USD,130512.97,8,10441.04,140954.01,60,5189,0.923,False,none,False,
INV-2025-001342,Prakash Stationery Mart,32ADSWW2978P1Z4,2025-11-12,2026-01-11,2025-11-15,PO-2025-5667,IT,D'Souza,scanned_mail,INR,262020.15,5,13101.01,275121.16,60,1877,0.914,False,none,False,
INV-2026-001343,Lotus Catering Services,04VGITK9633D1Z8,2026-02-06,2026-03-08,2026-02-06,PO-2026-4638,Legal,A. Iyer,vendor_portal,USD,449245.32,8,35939.63,485184.95,30,2945,0.937,False,none,False,
INV-2024-001344,Northgate Print Hub,03GGQNB5212S1Z7,2024-05-15,2024-07-14,2024-05-15,PO-2024-9834,Marketing,P. Nair,vendor_portal,INR,293817.83,12,35258.14,329075.97,60,3562,0.945,False,none,False,
INV-2024-001345,Ganga Freight Services,26YCSME9770G1Z1,2024-08-08,2024-09-22,2024-08-11,PO-2024-5021,Finance,N. Bhatt,scanned_mail,INR,280518.29,5,14025.91,294544.2,45,6574,0.915,False,none,False,
INV-2024-001346,Orion Cloud Systems,23IRKDC6599G1Z5,2024-11-07,2025-01-06,2024-11-12,PO-2024-6810,Marketing,R. Menon,vendor_portal,INR,10677.49,0,0.0,10677.49,60,8194,0.919,False,none,False,
INV-2025-001347,Northgate Print Hub,15NUTTV2891E1Z9,2025-04-02,2025-06-01,2025-04-06,PO-2025-8441,Procurement,V. Desai,scanned_mail,INR,111689.46,12,13402.74,125092.2,60,3778,0.975,False,none,False,
INV-2025-001348,Chola Office Supplies,36BDUGZ1216G1Z0,2025-03-31,2025-04-30,2025-04-05,PO-2025-6617,Admin,A. Iyer,email,INR,117707.34,28,32958.06,150665.4,30,5538,0.965,False,none,False,
INV-2024-001349,Apex Manpower Agency,30AQAON6434U1Z7,2024-10-23,2024-11-22,2024-10-28,PO-2024-9419,Finance,S. Kulkarni,email,INR,346760.04,18,62416.81,409176.85,30,2426,0.977,False,none,False,
INV-2024-001350,Falcon IT Solutions,36SYHMR1075J1Z6,2024-03-26,2024-05-10,2024-03-29,PO-2024-5001,Operations,N. Bhatt,email,INR,19494.54,5,974.73,20469.27,45,8781,0.911,False,none,False,
INV-2025-001351,Lotus Catering Services,18KMQWH6006N1Z2,2025-03-12,2025-04-26,2025-03-17,PO-2025-8220,Operations,R. Menon,scanned_mail,INR,172281.57,12,20673.79,192955.36,45,5557,0.94,False,none,False,
INV-2024-001352,Meridian Consulting Group,34CNTRD7687Z1Z3,2024-11-03,2024-11-18,2024-11-03,PO-2024-7488,Facilities,T. Rao,edi_feed,USD,232115.6,10,23211.56,255327.16,15,0932,0.946,False,none,False,
INV-2024-001353,Lotus Catering Services,03TGRML3724M1Z2,2024-03-08,2024-04-22,2024-03-10,PO-2024-5931,Operations,R. Menon,vendor_portal,INR,44880.07,12,5385.61,50265.68,45,8486,0.928,False,none,False,
INV-2024-001354,Falcon IT Solutions,03BMRPR0624T1Z4,2024-06-21,2024-08-05,2024-06-26,PO-2024-5719,Facilities,N. Bhatt,vendor_portal,INR,96841.5,18,17431.47,114272.97,45,9386,0.965,False,none,False,
INV-2024-001355,Prakash Stationery Mart,22FUOBG8091F1Z9,2024-01-02,2024-03-02,2024-01-04,PO-2024-6257,IT,D'Souza,edi_feed,USD,471208.79,8,37696.7,508905.49,60,1423,0.919,False,none,False,
INV-2024-001356,Yamuna Water Solutions,34XYNSF3777Q1Z7,2024-08-28,2024-09-27,2024-09-01,PO-2024-8838,IT,K. Reddy,scanned_mail,INR,464295.69,28,130002.79,594298.48,30,9099,0.967,False,none,False,
INV-2024-001357,Apex Manpower Agency,34BGQWG1205Z1Z3,2024-10-16,2024-11-30,2024-10-21,PO-2024-8090,Marketing,R. Menon,scanned_mail,INR,438871.89,5,21943.59,460815.48,45,9190,0.909,False,none,False,
INV-2025-001358,Yamuna Water Solutions,30IUZSN5521H1Z4,2025-04-02,2025-04-17,2025-04-02,PO-2025-7270,Marketing,T. Rao,scanned_mail,USD,193382.91,6,11602.97,204985.88,15,8536,0.976,False,none,False,
INV-2025-001359,Prakash Stationery Mart,16DASFY1590Z1Z0,2025-11-20,2026-01-04,2025-11-25,PO-2025-1558,Logistics,S. Kulkarni,email,INR,384452.7,18,69201.49,453654.19,45,9168,0.981,False,none,False,
INV-2024-001360,Horizon Facilities Mgmt,34LYZWN7331M1Z0,2024-01-11,2024-01-26,2024-01-15,PO-2024-1853,Facilities,V. Desai,email,INR,88543.93,5,4427.2,92971.13,15,7555,0.91,False,none,False,
INV-2025-001361,Zenith Office Furnishings,13KXEKC5558Q1Z9,2025-08-28,2025-10-12,2025-08-28,PO-2025-9451,HR,A. Iyer,email,INR,257489.58,18,46348.12,303837.7,45,8895,0.987,False,none,False,
INV-2025-001362,Orion Cloud Systems,08QEQXM9308S1Z2,2025-07-28,2025-09-26,2025-07-29,PO-2025-4708,Facilities,D'Souza,email,INR,24311.61,5,1215.58,25527.19,60,2898,0.987,False,none,False,
INV-2026-001363,Quantum Networks Pvt Ltd,05OEKPI5523B1Z5,2026-03-06,2026-05-05,2026-03-08,PO-2026-6194,IT,P. Nair,vendor_portal,INR,151145.01,28,42320.6,193465.61,60,5097,0.9,False,none,False,
INV-2024-001364,Quantum Networks Pvt Ltd,13FXXGY2172I1Z8,2024-08-02,2024-10-01,2024-08-06,PO-2024-4925,Procurement,A. Iyer,scanned_mail,EUR,34093.52,0,0.0,34093.52,60,5421,0.914,False,none,False,
INV-2025-001365,Kaveri Industrial Parts,25IXMUM3714E1Z4,2025-06-29,2025-08-28,2025-07-04,PO-2025-6154,Marketing,T. Rao,scanned_mail,INR,175056.9,0,0.0,175056.9,60,3251,0.964,False,none,False,
INV-2025-001366,Northgate Print Hub,32MSBML8673Q1Z3,2025-09-23,2025-11-22,2025-09-23,PO-2025-6118,Operations,A. Iyer,scanned_mail,INR,444519.65,5,22225.98,466745.63,60,3774,0.928,False,none,False,
INV-2025-001367,Coastal Cargo Movers,20XXKVC5860O1Z2,2025-12-26,2026-01-10,2025-12-31,PO-2025-8391,Operations,K. Reddy,edi_feed,INR,278297.84,18,50093.61,328391.45,15,5046,0.951,False,none,False,
INV-2024-001368,Indus Valley Textiles,02HEDZH6792B1Z9,2024-12-30,2025-01-29,2025-01-02,PO-2024-8507,Operations,M. Krishnan,scanned_mail,INR,102167.93,12,12260.15,114428.08,30,9444,0.923,False,none,False,
INV-2024-001369,Bluewave Logistics Pvt Ltd,14XKUDE6518D1Z6,2024-05-13,2024-07-12,2024-05-18,PO-2024-9810,Admin,N. Bhatt,email,INR,317181.09,5,15859.05,333040.14,60,8972,0.995,False,none,False,
INV-2024-001370,Falcon IT Solutions,25FBPJM6218H1Z1,2024-12-13,2025-02-11,2024-12-14,PO-2024-1222,HR,D'Souza,edi_feed,INR,225884.4,28,63247.63,289132.03,60,0163,0.943,False,none,False,
INV-2025-001371,Bright Path Cleaning Services,05QKKKF1144O1Z2,2025-11-26,2026-01-25,2025-11-26,PO-2025-2285,Marketing,M. Krishnan,scanned_mail,INR,363795.1,12,43655.41,407450.51,60,9649,0.942,False,none,False,
INV-2025-001372,Coastal Cargo Movers,04BUWDF3506O1Z3,2025-06-09,2025-07-24,2025-06-14,PO-2025-5618,Facilities,S. Kulkarni,scanned_mail,INR,344792.61,0,0.0,344792.61,45,6993,0.91,False,none,False,
INV-2024-001373,Apex Manpower Agency,13UKXUC4129Y1Z4,2024-01-22,2024-02-21,2024-01-24,PO-2024-4076,HR,V. Desai,edi_feed,USD,295818.84,0,0.0,295818.84,30,4180,0.908,False,none,False,
INV-2024-001374,Everest Packaging Co,12SNVZH5804O1Z9,2024-08-06,2024-09-05,2024-08-06,PO-2024-1037,HR,N. Bhatt,edi_feed,EUR,335786.92,8,26862.95,362649.87,30,6921,0.977,False,none,False,
INV-2024-001375,Udupi Fresh Foods,15CYWOD2770K1Z5,2024-05-16,2024-06-30,2024-05-16,PO-2024-8566,IT,A. Iyer,edi_feed,INR,144970.17,5,7248.51,152218.68,45,3372,0.974,False,none,False,
INV-2026-001376,Meridian Consulting Group,09RCHRP8908L1Z4,2026-04-09,2026-06-08,2026-04-13,PO-2026-6869,Finance,N. Bhatt,edi_feed,INR,479427.64,12,57531.32,536958.96,60,8674,0.986,False,none,False,
INV-2025-001377,Deccan Electricals,02QLTXH1631Y1Z5,2025-11-14,2025-11-29,2025-11-17,PO-2025-7429,Admin,R. Menon,email,INR,251770.34,18,45318.66,297089.0,15,0756,0.913,False,none,False,
INV-2024-001378,Apex Manpower Agency,35APIUD7094R1Z4,2024-01-30,2024-03-15,2024-02-02,PO-2024-8622,IT,S. Kulkarni,vendor_portal,INR,346131.24,28,96916.75,443047.99,45,2075,0.974,False,none,False,
INV-2024-001379,Zenith Office Furnishings,31ONPWZ9069K1Z9,2024-11-26,2024-12-26,2024-11-27,PO-2024-5084,Legal,D'Souza,email,INR,447428.65,12,53691.44,501120.09,30,4804,0.981,False,none,False,
INV-2026-001380,Kaveri Industrial Parts,33BAYIZ3863B1Z2,2026-05-18,2026-06-02,2026-05-19,PO-2026-6807,Admin,M. Krishnan,email,USD,380819.85,8,30465.59,411285.44,15,7438,0.925,False,none,False,
INV-2024-001381,Tejas Security Services,37CANPE9320Y1Z7,2024-08-27,2024-09-26,2024-09-01,PO-2024-2103,Admin,A. Iyer,scanned_mail,USD,409723.14,8,32777.85,442500.99,30,4919,0.979,False,none,False,
INV-2026-001382,Yamuna Water Solutions,04HQEVW1479T1Z3,2026-03-28,2026-04-12,2026-03-29,PO-2026-3838,Procurement,P. Nair,edi_feed,INR,101983.94,5,5099.2,107083.14,15,1458,0.957,False,none,False,
INV-2024-001383,Yamuna Water Solutions,02ANHQD9665T1Z6,2024-10-02,2024-10-17,2024-10-07,PO-2024-4515,Operations,V. Desai,email,INR,433979.84,0,0.0,433979.84,15,0241,0.993,False,none,False,
INV-2024-001384,Chola Office Supplies,06LWDJC5342M1Z4,2024-04-14,2024-06-13,2024-04-18,PO-2024-6146,Operations,D'Souza,email,USD,41124.38,6,2467.46,43591.84,60,1270,0.951,False,none,False,
INV-2025-001385,Indus Valley Textiles,06DVWQK1228S1Z4,2025-05-12,2025-05-27,2025-05-14,PO-2025-5048,IT,T. Rao,email,INR,298446.92,18,53720.45,352167.37,15,6584,0.982,False,none,False,
INV-2024-001386,Chola Office Supplies,31WJSGS1782Y1Z9,2024-01-25,2024-02-24,2024-01-28,PO-2024-2547,Admin,T. Rao,vendor_portal,INR,340225.88,28,95263.25,435489.13,30,6888,0.946,False,none,False,
INV-2026-001387,Ganga Freight Services,36IMCUO5756V1Z6,2026-09-08,2026-10-08,2026-09-11,PO-2026-5286,Finance,N. Bhatt,vendor_portal,INR,125367.75,12,15044.13,140411.88,30,2607,0.955,False,none,False,
INV-2026-001388,Aravind Steel Traders,18LYKPI9458H1Z6,2026-06-28,2026-08-12,2026-06-29,PO-2026-1315,Logistics,T. Rao,vendor_portal,INR,148185.61,0,0.0,148185.61,45,3632,0.984,False,none,False,
INV-2024-001389,Zenith Office Furnishings,30SPVMA5375C1Z4,2024-11-03,2024-12-03,2024-11-08,PO-2024-1300,Facilities,R. Menon,edi_feed,INR,119584.96,18,21525.29,141110.25,30,8849,0.995,False,none,False,
INV-2024-001390,Falcon IT Solutions,06PHGDK6479U1Z9,2024-07-20,2024-08-19,2024-07-22,PO-2026-4230,Marketing,T. Rao,scanned_mail,EUR,421387.0,6,25283.22,446670.22,30,2857,0.903,True,duplicate_invoice,True,Same vendor/amount seen on a prior invoice within 10 days.
INV-2026-001391,Prakash Stationery Mart,04JVQOE9887P1Z8,2026-06-12,2026-06-27,2026-06-12,PO-2026-9843,Logistics,M. Krishnan,vendor_portal,INR,328021.29,18,59043.83,387065.12,15,5547,0.911,False,none,False,
INV-2024-001392,Ganga Freight Services,20NLAOH6414R1Z1,2024-03-03,2024-05-02,2024-03-08,PO-2024-9224,Marketing,R. Menon,vendor_portal,INR,244299.77,5,12214.99,256514.76,60,5633,0.968,False,none,False,
INV-2024-001393,Bluewave Logistics Pvt Ltd,27CHYQU8840U1Z6,2024-11-27,2025-01-26,2024-11-27,PO-2024-7097,Facilities,A. Iyer,vendor_portal,INR,115239.61,0,0.0,115239.61,60,1573,0.901,False,none,False,
INV-2025-001394,Orion Cloud Systems,30DUDUG1659N1Z3,2025-09-10,2025-09-25,2025-09-15,PO-2025-6821,Admin,N. Bhatt,scanned_mail,USD,38192.92,0,0.0,38192.92,15,9447,0.977,False,none,False,
INV-2024-001395,Global Freight Partners,03WMKGT5671K1Z7,2024-09-27,2024-10-27,2024-10-02,PO-2024-8424,Operations,T. Rao,email,INR,327611.08,5,16380.55,343991.63,30,9176,0.935,False,none,False,
INV-2024-001396,Deccan Electricals,06KSNCO9071F1Z4,2024-06-03,2024-08-02,2024-06-03,PO-2024-7960,Procurement,D'Souza,vendor_portal,INR,399509.72,18,71911.75,471421.47,60,2353,0.912,False,none,False,
INV-2024-001397,Bluewave Logistics Pvt Ltd,21NQPCD8854L1Z8,2024-11-13,2025-01-12,2024-11-15,PO-2024-5636,Operations,S. Kulkarni,email,EUR,23584.91,6,1415.09,25000.0,60,2693,0.911,False,round_number_amount,True,Total is an unusually round figure for this line of business.
INV-2024-001398,Raagam Interiors,18CBSMV2332Z1Z7,2024-02-05,2024-03-21,2024-02-09,PO-2024-5791,Facilities,A. Iyer,vendor_portal,INR,49075.39,0,0.0,49075.39,45,8606,0.987,False,none,False,
INV-2025-001399,Kaveri Industrial Parts,34NOGDL4266V1Z5,2025-02-07,2025-02-22,2025-02-10,PO-2025-9249,HR,V. Desai,vendor_portal,INR,143068.12,28,40059.07,183127.19,15,1084,0.93,False,none,False,
INV-2024-001400,Ganga Freight Services,05VKZBB1289V1Z0,2024-07-31,2024-09-14,2024-07-31,PO-2024-5058,Procurement,N. Bhatt,email,USD,463902.22,8,37112.18,501014.4,45,4447,0.989,False,none,False,
INV-2024-001401,Quantum Networks Pvt Ltd,08LBMJJ7682Y1Z6,2024-04-21,2024-06-05,2024-04-22,PO-2024-6104,Operations,R. Menon,scanned_mail,USD,404756.59,8,32380.53,437137.12,45,8505,0.927,False,none,False,
INV-2024-001402,Meridian Consulting Group,28TBYTL0152Q1Z5,2024-11-21,2024-12-06,2024-11-23,PO-2024-9556,Admin,K. Reddy,edi_feed,INR,200627.55,5,10031.38,210658.93,15,9600,0.988,False,none,False,
INV-2024-001403,Aravind Steel Traders,19YSXBG0443Y1Z8,2024-08-19,2024-10-18,2024-08-21,PO-2024-9317,Legal,M. Krishnan,email,INR,414346.78,12,49721.61,464068.39,60,6284,0.987,False,none,False,
INV-2025-001404,Wingspan Travel Corp,22HXCSQ4052A1Z9,2025-09-05,2025-11-04,2025-09-06,PO-2025-9047,Procurement,K. Reddy,edi_feed,INR,305012.53,0,0.0,305012.53,60,4130,0.96,False,none,False,
INV-2025-001405,Falcon IT Solutions,04YQUEU2093M1Z2,2025-01-13,2025-01-28,2025-01-15,PO-2025-4401,HR,A. Iyer,email,INR,454357.51,28,127220.1,581577.61,15,4487,0.951,False,none,False,
INV-2026-001406,Northgate Print Hub,20QGXIN4609B1Z2,2026-03-02,2026-04-16,2026-03-04,PO-2026-1806,Logistics,M. Krishnan,edi_feed,INR,181862.64,0,0.0,181862.64,45,7789,0.91,False,none,False,
INV-2025-001407,Udupi Fresh Foods,05LJPZO1359P1Z4,2025-04-22,2025-05-22,2025-04-23,PO-2025-3493,Procurement,K. Reddy,edi_feed,INR,403645.63,0,0.0,403645.63,30,2918,0.991,False,none,False,
INV-2024-001408,Falcon IT Solutions,11IOMGF1507I1Z0,2024-12-05,2025-01-04,2024-12-08,PO-2024-9595,Legal,M. Krishnan,scanned_mail,INR,234600.67,28,65688.19,300288.86,30,2212,0.958,False,none,False,
INV-2024-001409,Nandi Hardware Co,22JRHZU6803J1Z8,2024-10-17,2024-12-16,2024-10-21,PO-2024-6429,Finance,R. Menon,email,EUR,54391.98,0,0.0,54391.98,60,5020,0.972,False,none,False,
INV-2026-001410,Indus Valley Textiles,19KPSEC7680Q1Z0,2026-02-20,2026-03-07,2026-02-20,PO-2026-6099,Finance,T. Rao,edi_feed,INR,216303.28,0,0.0,216303.28,15,4045,0.951,False,none,False,
INV-2024-001411,Quantum Networks Pvt Ltd,20EPKGK4086N1Z8,2024-07-24,2024-08-23,2024-07-24,PO-2024-8332,Finance,R. Menon,vendor_portal,USD,129529.2,6,7771.75,137300.95,30,1954,0.979,False,none,False,
INV-2024-001412,Indus Valley Textiles,20ZMJEH4317W1Z2,2024-01-17,2024-03-02,2024-01-19,PO-2024-6025,Procurement,S. Kulkarni,vendor_portal,INR,13517.25,5,675.86,14193.11,45,8648,0.949,False,none,False,
INV-2024-001413,Global Freight Partners,01KIKUR2410J1Z3,2024-07-24,2024-09-22,2024-07-27,PO-2024-9012,Procurement,T. Rao,scanned_mail,INR,85322.83,28,23890.39,109213.22,60,5987,0.916,False,none,False,
INV-2025-001414,Ganga Freight Services,14PAZJE1737H1Z9,2025-05-31,2025-07-30,2025-06-01,PO-2025-8532,Procurement,T. Rao,edi_feed,INR,397849.91,12,47741.99,445591.9,60,9721,0.965,False,none,False,
INV-2025-001415,Orion Cloud Systems,10XMJYM6135Y1Z7,2025-07-20,2025-09-18,2025-07-25,PO-2025-1626,Logistics,N. Bhatt,email,INR,107656.36,0,0.0,107656.36,60,9585,0.938,False,none,False,
INV-2024-001416,Zenith Office Furnishings,21OBVVD0669E1Z3,2024-03-17,2024-04-16,2024-03-20,PO-2024-6110,IT,S. Kulkarni,vendor_portal,INR,209169.7,18,37650.55,246820.25,30,5090,0.925,False,none,False,
INV-2024-001417,Kaveri Industrial Parts,30YPXWC3370B1Z9,2024-01-07,2024-03-07,2024-01-09,PO-2024-4481,Operations,R. Menon,scanned_mail,INR,377348.25,0,0.0,377348.25,60,2920,0.939,False,none,False,
INV-2026-001418,Aravind Steel Traders,06FRCSB5568G1Z1,2026-04-16,2026-05-31,2026-04-16,PO-2026-5784,Marketing,T. Rao,vendor_portal,INR,397240.06,18,71503.21,468743.27,45,5498,0.94,False,none,False,
INV-2025-001419,Falcon IT Solutions,28KYGNH9039T1Z9,2025-07-21,2025-09-04,2025-07-22,PO-2025-1309,Facilities,V. Desai,scanned_mail,USD,31881.02,6,1912.86,33793.88,45,4964,0.989,False,none,False,
INV-2024-001420,Apex Manpower Agency,14ZPWQM6212W1Z3,2024-03-09,2024-04-23,2024-03-16,PO-2024-8249,Legal,D'Souza,vendor_portal,INR,283120.98,0,0.0,283120.98,45,7670,0.91,False,weekend_submission,True,Submitted outside business hours/days with no prior pattern for this vendor.
INV-2025-001421,Everest Packaging Co,27EJORV6573R1Z4,2025-03-03,2025-03-18,2025-03-05,PO-2025-7036,IT,S. Kulkarni,email,INR,124949.7,28,34985.92,159935.62,15,8565,0.907,False,none,False,
INV-2025-001422,Orion Cloud Systems,04DASNV1050D1Z4,2025-01-03,2025-01-18,2025-01-08,PO-2025-6736,Finance,A. Iyer,vendor_portal,INR,450338.05,0,0.0,450338.05,15,5643,0.946,False,none,False,
INV-2024-001423,Lotus Catering Services,03LNXWQ6063M1Z8,2024-11-23,2024-12-08,2024-11-24,PO-2024-7586,Facilities,T. Rao,email,INR,369713.66,0,0.0,369713.66,15,1356,0.953,False,none,False,
INV-2026-001424,Falcon IT Solutions,20FECDP9302V1Z6,2026-01-19,2026-03-20,2026-01-21,PO-2026-3985,Marketing,P. Nair,vendor_portal,USD,269622.53,8,21569.8,291192.33,60,7720,0.946,False,none,False,
INV-2026-001425,Ganga Freight Services,03JFFGO2140U1Z5,2026-04-29,2026-05-29,2026-05-01,PO-2026-8129,Admin,M. Krishnan,scanned_mail,INR,156250.0,28,43750.0,200000.0,30,7486,0.992,False,round_number_amount,True,Total is an unusually round figure for this line of business.
INV-2025-001426,Sundaram Motors Spares,29UISMP4948P1Z9,2025-08-02,2025-08-17,2025-08-07,PO-2025-5375,Logistics,D'Souza,email,INR,461973.8,12,55436.86,517410.66,15,0272,0.924,False,none,False,
INV-2024-001427,Orion Cloud Systems,30DVJZT1507K1Z8,2024-02-21,2024-03-22,2024-02-25,PO-2024-6884,Facilities,P. Nair,email,INR,98290.98,18,17692.38,115983.36,30,5475,0.908,False,none,False,
INV-2024-001428,Deccan Electricals,27RGSRM0041Y1Z5,2024-10-19,2024-11-03,2024-10-24,PO-2024-3936,IT,M. Krishnan,email,INR,286952.9,28,80346.81,367299.71,15,4811,0.991,False,none,False,
INV-2024-001429,Wingspan Travel Corp,09NFQZA9591M1Z4,2024-07-16,2024-07-31,2024-07-16,PO-2024-7821,Finance,R. Menon,scanned_mail,USD,103587.78,10,10358.78,113946.56,15,9670,0.907,False,none,False,
INV-2025-001430,Ganga Freight Services,34ZWOQC2116B1Z0,2025-07-20,2025-09-18,2025-07-21,PO-2025-1469,Marketing,N. Bhatt,scanned_mail,INR,61499.8,0,0.0,61499.8,60,4044,0.977,False,none,False,
INV-2025-001431,Yamuna Water Solutions,04WXUUZ2891V1Z0,2025-03-22,2025-05-06,2025-03-23,PO-2025-7300,Facilities,A. Iyer,vendor_portal,INR,226176.88,0,0.0,226176.88,45,0849,0.958,False,none,False,
INV-2024-001432,Deccan Electricals,35NGYZK8818F1Z3,2024-02-10,2024-03-26,2024-02-11,PO-2024-3524,Legal,A. Iyer,scanned_mail,INR,290265.69,12,34831.88,325097.57,45,6458,0.969,False,none,False,
INV-2025-001433,Zenith Office Furnishings,21AKYGJ4220Q1Z3,2025-02-13,2025-03-15,2025-02-15,PO-2025-8029,Operations,M. Krishnan,scanned_mail,INR,233728.62,12,28047.43,261776.05,30,9695,0.942,False,none,False,
INV-2024-001434,Lotus Catering Services,08QRXJD4867Z1Z1,2024-02-05,2024-04-05,2024-02-08,PO-2024-8250,Legal,P. Nair,edi_feed,EUR,39192.75,10,3919.28,43112.03,60,5129,0.93,False,none,False,
INV-2026-001435,Global Freight Partners,33ACNQY4079B1Z4,2026-05-02,2026-06-01,2026-05-07,PO-2026-5187,IT,M. Krishnan,vendor_portal,INR,182650.12,28,51142.03,233792.15,30,1280,0.924,False,none,False,
INV-2025-001436,Sundaram Motors Spares,35YNQSE0542H1Z1,2025-01-10,2025-01-25,2025-01-18,PO-2025-9101,IT,K. Reddy,email,INR,220305.25,5,11015.26,231320.51,15,4094,0.95,False,weekend_submission,True,Submitted outside business hours/days with no prior pattern for this vendor.
INV-2024-001437,Quantum Networks Pvt Ltd,09CGPBP5003G1Z1,2024-01-19,2024-02-03,2024-01-20,PO-2024-4420,Finance,N. Bhatt,scanned_mail,INR,163140.52,18,29365.29,192505.81,15,1605,0.912,False,none,False,
INV-2025-001438,Chola Office Supplies,21EPZDS4402T1Z3,2025-11-17,2026-01-16,2025-11-19,PO-2025-9358,Legal,M. Krishnan,scanned_mail,INR,149926.4,28,41979.39,191905.79,60,5403,0.994,False,none,False,
INV-2024-001439,Ganga Freight Services,04MFIKK7288M1Z9,2024-07-06,2024-08-20,2024-07-07,PO-2024-4665,Marketing,V. Desai,edi_feed,INR,36361.08,0,0.0,47192.41,45,8844,0.947,False,altered_total,True,Total does not reconcile with subtotal + tax.
INV-2025-001440,Northgate Print Hub,31OSLDS0040U1Z9,2025-03-19,2025-05-03,2025-03-24,PO-2025-8206,Procurement,A. Iyer,scanned_mail,INR,20982.11,0,0.0,20982.11,45,5431,0.973,False,none,False,
INV-2026-001441,Aravind Steel Traders,20DNEFZ0173F1Z8,2026-07-11,2026-09-09,2026-07-12,PO-2026-2061,Marketing,P. Nair,vendor_portal,INR,386964.15,5,19348.21,406312.36,60,5117,0.98,False,none,False,
INV-2025-001442,Deccan Electricals,13RYAGT0195B1Z7,2025-01-17,2025-02-16,2025-01-22,PO-2025-3827,Legal,A. Iyer,scanned_mail,INR,350241.27,5,17512.06,367753.33,30,1515,0.933,False,none,False,
INV-2024-001443,Tejas Security Services,33RXXRC1806G1Z6,2024-03-10,2024-03-25,2024-03-15,PO-2024-5047,HR,N. Bhatt,email,INR,278543.44,12,33425.21,311968.65,15,1532,0.906,False,none,False,
INV-2026-001444,Apex Manpower Agency,21PKMED5697T1Z5,2026-01-11,2026-02-10,2026-01-16,PO-2026-6075,Marketing,D'Souza,edi_feed,INR,302459.2,12,36295.1,338754.3,30,2293,0.906,False,none,False,
INV-2024-001445,Apex Manpower Agency,37YDOIU9554F1Z3,2024-03-09,2024-04-23,2024-03-09,PO-2024-8421,HR,K. Reddy,vendor_portal,USD,53307.91,0,0.0,53307.91,45,8891,0.903,False,none,False,
INV-2025-001446,Falcon IT Solutions,12MAVFG1075Q1Z8,2025-02-14,2025-03-31,2025-02-18,PO-2025-7775,HR,K. Reddy,edi_feed,INR,194099.68,0,0.0,194099.68,45,9574,0.949,False,none,False,
INV-2025-001447,Orion Cloud Systems,11UKSNB8366J1Z1,2025-04-27,2025-06-26,2025-05-01,PO-2025-1444,Finance,S. Kulkarni,email,INR,71451.67,18,12861.3,84312.97,60,6723,0.923,False,none,False,
INV-2026-001448,Lotus Catering Services,16RBJGZ9038V1Z5,2026-07-21,2026-09-19,2026-07-22,PO-2026-9096,Legal,A. Iyer,vendor_portal,INR,399843.22,12,47981.19,447824.41,60,5653,0.953,False,none,False,
INV-2024-001449,Prakash Stationery Mart,01BYRTQ4181K1Z3,2024-04-18,2024-05-03,2024-04-27,PO-2024-8090,Legal,M. Krishnan,vendor_portal,INR,276509.15,28,77422.56,353931.71,15,4488,0.911,False,weekend_submission,True,Submitted outside business hours/days with no prior pattern for this vendor.
INV-2026-001450,Vishwa Engineering Works,30DJCSS3988F1Z6,2026-05-10,2026-06-24,2026-05-13,PO-2026-7554,Legal,A. Iyer,vendor_portal,INR,78316.43,28,21928.6,100245.03,45,2675,0.931,False,none,False,
INV-2025-001451,Horizon Facilities Mgmt,11TOIXP7463S1Z4,2025-02-07,2025-04-08,2025-02-08,PO-2025-8343,IT,P. Nair,edi_feed,INR,185780.47,18,33440.48,219220.95,60,6978,0.956,False,none,False,
INV-2026-001452,Orion Cloud Systems,01TNQSY5200G1Z2,2026-01-10,2026-03-11,2026-01-10,PO-2026-9344,Finance,D'Souza,vendor_portal,INR,434868.81,5,21743.44,456612.25,60,9064,0.969,False,none,False,
INV-2025-001453,Coastal Cargo Movers,13DKUVZ6853B1Z5,2025-06-15,2025-07-30,2025-06-16,PO-2025-9715,Marketing,N. Bhatt,scanned_mail,INR,427476.84,12,51297.22,478774.06,45,7301,0.928,False,none,False,
INV-2024-001454,Northgate Print Hub,33PWLSY5690N1Z1,2024-12-04,2025-01-18,2024-12-04,PO-2023-6058,Marketing,P. Nair,scanned_mail,INR,402995.16,0,0.0,402995.16,45,3741,0.931,False,mismatched_po,True,PO number does not correspond to an open purchase order.
INV-2024-001455,Prakash Stationery Mart,37VNQXP8939G1Z6,2024-08-20,2024-10-04,2024-08-23,PO-2024-6510,Marketing,K. Reddy,email,INR,177138.62,18,31884.95,209023.57,45,8639,0.908,False,none,False,
INV-2024-001456,Prakash Stationery Mart,06HNRSU1594X1Z5,2024-04-18,2024-06-17,2024-04-21,PO-2024-4289,Legal,A. Iyer,vendor_portal,INR,382546.59,0,0.0,382546.59,60,5669,0.904,False,none,False,
INV-2026-001457,Orion Cloud Systems,08TCAKT4098E1Z4,2026-01-28,2026-03-29,2026-01-31,PO-2026-5849,IT,R. Menon,edi_feed,INR,327115.37,28,91592.3,418707.67,60,6919,0.944,False,none,False,
INV-2026-001458,Meridian Consulting Group,27UOCVQ3553O1Z9,2026-07-01,2026-08-30,2026-07-01,PO-2026-5916,Operations,T. Rao,vendor_portal,INR,174219.11,0,0.0,174219.11,60,5303,0.972,False,none,False,
INV-2024-001459,Indus Valley Textiles,08XNYKI0301I1Z5,2024-11-09,2024-12-24,2024-11-10,PO-2024-6281,IT,K. Reddy,edi_feed,INR,413592.61,5,20679.63,434272.24,45,8041,0.939,False,none,False,
INV-2025-001460,Northgate Print Hub,03BPLGN2033V1Z9,2025-09-27,2025-10-27,2025-09-29,PO-2025-6722,IT,R. Menon,email,INR,243623.03,5,12181.15,255804.18,30,5204,0.948,False,none,False,
INV-2024-001461,Northgate Print Hub,12HZZOC0970Q1Z5,2024-02-13,2024-03-29,2024-02-16,PO-2024-6406,HR,D'Souza,vendor_portal,EUR,249006.76,0,0.0,249006.76,45,2800,0.973,False,none,False,
INV-2025-001462,Meridian Consulting Group,32XDNJJ5811J1Z5,2025-05-26,2025-06-25,2025-05-30,PO-2025-8484,Admin,M. Krishnan,edi_feed,INR,210064.6,28,58818.09,268882.69,30,4287,0.962,False,none,False,
INV-2025-001463,Bluewave Logistics Pvt Ltd,31OKIFM4729P1Z3,2025-09-19,2025-11-18,2025-09-22,PO-2025-7479,Operations,N. Bhatt,email,INR,73594.47,28,20606.45,94200.92,60,0001,0.977,False,none,False,
INV-2026-001464,Coastal Cargo Movers,05WXXYP7793B1Z4,2026-08-23,2026-09-07,2026-08-26,PO-2026-6835,IT,R. Menon,scanned_mail,INR,423819.94,12,50858.39,474678.33,15,6770,0.904,False,none,False,
INV-2025-001465,Prakash Stationery Mart,14FLTYY6089J1Z5,2025-03-17,2025-05-01,2025-03-20,PO-2024-1461,Marketing,P. Nair,email,INR,433111.25,18,77960.02,511071.27,45,8337,0.99,False,mismatched_po,True,PO number does not correspond to an open purchase order.
INV-2024-001466,Everest Packaging Co,14ZSUQU5895O1Z8,2024-05-28,2024-07-27,2024-05-31,PO-2024-9942,Procurement,S. Kulkarni,email,INR,453103.22,12,54372.39,507475.61,60,4858,0.925,False,none,False,
INV-2026-001467,Sundaram Motors Spares,31AMUYZ5547Q1Z0,2026-02-11,2026-03-13,2026-02-16,PO-2026-6744,Operations,A. Iyer,scanned_mail,USD,71689.35,10,7168.94,78858.29,30,0235,0.979,False,none,False,
INV-2026-001468,Horizon Facilities Mgmt,33DPOSY2157N1Z0,2026-04-04,2026-04-19,2026-04-06,PO-2026-3400,Legal,R. Menon,email,USD,125190.77,10,12519.08,137709.85,15,1525,0.989,False,none,False,
INV-2025-001469,Zenith Office Furnishings,20VVTKW5834S1Z6,2025-11-24,2026-01-08,2025-11-28,PO-2025-9780,Procurement,R. Menon,vendor_portal,INR,146400.83,0,0.0,146400.83,45,2965,0.943,False,none,False,
INV-2025-001470,Chola Office Supplies,34ETAQC2120T1Z0,2025-10-29,2025-12-28,2025-10-31,PO-2025-5612,Marketing,N. Bhatt,vendor_portal,INR,120974.93,5,6048.75,127023.68,60,5088,0.968,False,none,False,
INV-2025-001471,Ganga Freight Services,26QXLAQ5565Y1Z8,2025-03-12,2025-05-11,2025-03-13,PO-2025-3629,Admin,S. Kulkarni,edi_feed,EUR,384303.91,0,0.0,384303.91,60,8988,0.904,False,none,False,
INV-2024-001472,Everest Packaging Co,03ATDGY2690E1Z1,2024-04-06,2024-05-06,2024-04-11,PO-2024-3474,Admin,V. Desai,email,INR,51348.38,0,0.0,51348.38,30,9681,0.938,False,none,False,
INV-2025-001473,Aravind Steel Traders,11GHRLT5268E1Z0,2025-09-02,2025-10-02,2025-09-07,PO-2025-4110,Legal,V. Desai,email,INR,395099.51,12,47411.94,442511.45,30,2336,0.903,False,none,False,
INV-2025-001474,Everest Packaging Co,36ICARL6892Q1Z0,2025-10-22,2025-12-06,2025-10-26,PO-2025-1039,Procurement,M. Krishnan,vendor_portal,INR,349865.35,0,0.0,349865.35,45,1635,0.99,False,none,False,
INV-2024-001475,Sundaram Motors Spares,18KFWHQ3412L1Z4,2024-08-09,2024-10-08,2024-08-13,PO-2024-3532,IT,N. Bhatt,scanned_mail,USD,447003.56,10,44700.36,491703.92,60,4613,0.974,False,none,False,
INV-2024-001476,Bright Path Cleaning Services,10GILXC4458T1Z4,2024-08-09,2024-09-23,2024-08-12,PO-2024-4965,Operations,S. Kulkarni,edi_feed,USD,74139.75,8,5931.18,80070.93,45,5129,0.99,False,none,False,
INV-2024-001477,Indus Valley Textiles,18NKOVN4360R1Z8,2024-10-09,2024-12-08,2024-10-13,PO-2024-5237,Facilities,R. Menon,edi_feed,USD,85596.38,6,5135.78,90732.16,60,2933,0.901,False,none,False,
INV-2026-001478,Kaveri Industrial Parts,21JADUT1430R1Z3,2026-07-08,2026-08-07,2026-07-11,PO-2026-3513,Facilities,V. Desai,scanned_mail,INR,469089.59,28,131345.09,600434.68,30,7355,0.913,False,none,False,
INV-2026-001479,Trident Trading Co,12ABCDE,2026-01-07,2026-03-08,2026-01-10,PO-2026-3505,Marketing,S. Kulkarni,edi_feed,USD,357581.58,0,0.0,357581.58,60,9654,0.711,False,ghost_vendor,True,Vendor has no prior transaction history; GSTIN fails format check.
INV-2025-001480,Meridian Consulting Group,35HQBNF1483V1Z6,2025-04-10,2025-06-09,2025-04-15,PO-2025-1873,Legal,P. Nair,email,INR,31715.69,5,1585.78,33301.47,60,7157,0.922,False,none,False,
INV-2025-001481,Apex Manpower Agency,08JHRJX4872Q1Z9,2025-08-28,2025-09-27,2025-09-02,PO-2025-6602,Procurement,T. Rao,email,INR,84043.45,5,4202.17,88245.62,30,7904,0.98,False,none,False,
INV-2024-001482,Apex Manpower Agency,27ZTZFZ6527Y1Z7,2024-10-09,2024-11-23,2024-10-13,PO-2024-3351,IT,T. Rao,scanned_mail,INR,14685.43,28,4111.92,18797.35,45,8183,0.973,False,none,False,
INV-2026-001483,Chola Office Supplies,35BVLPA3184T1Z9,2026-03-23,2026-04-22,2026-03-28,PO-2026-2431,Facilities,A. Iyer,email,INR,50379.46,5,2518.97,52898.43,30,8604,0.97,False,none,False,
INV-2025-001484,Raagam Interiors,33KTKWJ7860M1Z6,2025-10-22,2025-12-06,2025-10-22,PO-2025-8100,Logistics,R. Menon,email,INR,425538.11,12,51064.57,476602.68,45,9916,0.912,False,none,False,
INV-2025-001485,Raagam Interiors,08KDUOM4629I1Z5,2025-11-11,2025-11-26,2025-11-14,PO-2025-2711,Legal,V. Desai,email,INR,203915.57,0,0.0,203915.57,15,6282,0.949,False,none,False,
INV-2024-001486,Aravind Steel Traders,23IFNSR5294R1Z0,2024-10-05,2024-10-20,2024-10-09,PO-2024-1289,Procurement,S. Kulkarni,email,INR,69045.68,0,0.0,69045.68,15,0597,0.928,False,none,False,
INV-2024-001487,Nandi Hardware Co,23MZYFN2932I1Z7,2024-09-18,2024-10-03,2024-09-23,PO-2024-1210,Finance,S. Kulkarni,scanned_mail,INR,82413.27,12,9889.59,92302.86,15,6526,0.902,False,none,False,
INV-2025-001488,Kaveri Industrial Parts,25HTXJS2858D1Z6,2025-07-18,2025-08-17,2025-07-21,PO-2025-2311,Finance,P. Nair,email,INR,431127.1,0,0.0,431127.1,30,3932,0.916,False,none,False,
INV-2025-001489,Sundaram Motors Spares,01XWJDT5320V1Z7,2025-11-06,2025-12-06,2025-11-09,PO-2025-4051,Procurement,S. Kulkarni,vendor_portal,INR,218313.43,18,39296.42,257609.85,30,8757,0.969,False,none,False,
INV-2025-001490,Sundaram Motors Spares,04ERTZY6903S1Z4,2025-02-06,2025-02-21,2025-02-06,PO-2025-8063,Admin,M. Krishnan,scanned_mail,INR,224248.7,5,11212.43,235461.13,15,1783,0.911,False,none,False,
INV-2025-001491,Apex Manpower Agency,04AWZQF6866B1Z5,2025-02-14,2025-03-16,2025-02-19,PO-2025-9731,IT,M. Krishnan,edi_feed,USD,297948.18,8,23835.85,321784.03,30,2058,0.983,False,none,False,
INV-2024-001492,Bright Path Cleaning Services,08QGBAR8816E1Z1,2024-06-05,2024-06-20,2024-06-07,PO-2024-9257,HR,T. Rao,scanned_mail,USD,4505.16,8,360.41,4865.57,15,8220,0.971,False,none,False,
INV-2026-001493,Chola Office Supplies,34USRVU8085F1Z4,2026-08-07,2026-08-22,2026-08-15,PO-2026-8258,Legal,A. Iyer,vendor_portal,INR,324893.53,12,38987.22,363880.75,15,0505,0.928,False,weekend_submission,True,Submitted outside business hours/days with no prior pattern for this vendor.
INV-2025-001494,Meridian Consulting Group,14JNOUV6789G1Z0,2025-06-27,2025-08-11,2025-06-27,PO-2025-1231,Marketing,V. Desai,edi_feed,INR,262259.62,18,47206.73,309466.35,45,4743,0.962,False,none,False,
INV-2024-001495,Coastal Cargo Movers,18YUVXS5820O1Z0,2024-10-24,2024-12-08,2024-10-24,PO-2024-6012,Admin,A. Iyer,vendor_portal,INR,431656.11,0,0.0,431656.11,45,4285,0.994,False,none,False,
INV-2025-001496,Nandi Hardware Co,12WVOPQ6154M1Z0,2025-08-27,2025-10-11,2025-09-01,PO-2025-4183,HR,S. Kulkarni,edi_feed,USD,96299.55,6,5777.97,102077.52,45,5370,0.921,False,none,False,
INV-2026-001497,Zenith Office Furnishings,26GJNCN7521N1Z5,2026-03-29,2026-04-28,2026-04-03,PO-2026-2483,HR,A. Iyer,edi_feed,USD,62218.05,8,4977.44,67195.49,30,4522,0.992,False,none,False,
INV-2025-001498,Global Freight Partners,36FORAO5856Z1Z1,2025-08-08,2025-10-07,2025-08-13,PO-2025-2839,Marketing,S. Kulkarni,email,INR,140655.12,12,16878.61,157533.73,60,5124,0.932,False,none,False,
INV-2025-001499,Ganga Freight Services,11JOURC5428B1Z8,2025-03-05,2025-04-19,2025-03-07,PO-2025-3992,Admin,D'Souza,vendor_portal,INR,331339.55,28,92775.07,424114.62,45,8307,0.944,False,none,False,
INV-2024-001500,Coastal Cargo Movers,16MFAEM8869P1Z7,2024-08-28,2024-09-27,2024-08-30,PO-2024-6168,HR,P. Nair,email,INR,415000.57,12,49800.07,464800.64,30,9381,0.922,False,none,False,
INV-2025-001501,Orion Cloud Systems,35MEITI8245G1Z9,2025-09-23,2025-11-07,2025-09-24,PO-2025-9784,HR,V. Desai,email,INR,82015.93,0,0.0,82015.93,45,7926,0.988,False,none,False,
INV-2025-001502,Meridian Consulting Group,26VYKOA2272P1Z1,2025-08-15,2025-10-14,2025-08-19,PO-2025-6761,Admin,T. Rao,vendor_portal,USD,46498.2,8,3719.86,50218.06,60,8699,0.966,False,none,False,
INV-2025-001503,Ganga Freight Services,35PQMVF5598B1Z4,2025-07-01,2025-07-31,2025-07-06,PO-2025-7186,Facilities,S. Kulkarni,vendor_portal,INR,407697.8,0,0.0,407697.8,30,6031,0.952,False,none,False,
INV-2026-001504,Everest Packaging Co,06MPKKT3944Z1Z6,2026-06-12,2026-07-27,2026-06-15,PO-2026-6551,Procurement,S. Kulkarni,vendor_portal,INR,427090.37,5,21354.52,448444.89,45,6975,0.967,False,none,False,
INV-2024-001505,Yamuna Water Solutions,19CLJDU9312M1Z6,2024-06-05,2024-06-20,2024-06-06,PO-2024-7753,HR,R. Menon,scanned_mail,INR,32978.23,12,3957.39,36935.62,15,8069,0.96,False,none,False,
INV-2026-001506,Kaveri Industrial Parts,24RNDLL4948U1Z6,2026-01-07,2026-02-21,2026-01-11,PO-2026-4832,Operations,N. Bhatt,vendor_portal,INR,88630.7,28,24816.6,127929.78,45,9618,0.987,False,altered_total,True,Total does not reconcile with subtotal + tax.
INV-2025-001507,Wingspan Travel Corp,07GYPGF2661O1Z2,2025-01-27,2025-03-28,2025-01-29,PO-2025-8731,Logistics,T. Rao,email,USD,24262.82,0,0.0,24262.82,60,8596,0.99,False,none,False,
INV-2025-001508,Horizon Facilities Mgmt,19JQLNM3398N1Z4,2025-11-24,2025-12-24,2025-11-28,PO-2025-5816,Legal,P. Nair,email,INR,358189.39,18,64474.09,422663.48,30,5530,0.949,False,none,False,
INV-2024-001509,Aravind Steel Traders,23LXBDH8421F1Z4,2024-12-23,2025-01-22,2024-12-25,PO-2024-8631,Admin,A. Iyer,scanned_mail,INR,349616.79,18,62931.02,412547.81,30,2581,0.961,False,none,False,
INV-2024-001510,Falcon IT Solutions,05TTEFU2264H1Z1,2024-10-18,2024-12-17,2024-10-23,PO-2024-4178,Marketing,V. Desai,scanned_mail,INR,130684.31,0,0.0,130684.31,60,3411,0.916,False,none,False,
INV-2026-001511,Deccan Electricals,12MYHWH8729W1Z1,2026-02-28,2026-03-30,2026-03-03,PO-2026-4703,IT,D'Souza,vendor_portal,INR,449609.8,18,80929.76,530539.56,30,9010,0.933,False,none,False,
INV-2025-001512,Bluewave Logistics Pvt Ltd,01LFYTO3565K1Z1,2025-04-16,2025-05-31,2025-04-18,PO-2025-3435,IT,V. Desai,vendor_portal,INR,441631.48,5,22081.57,463713.05,45,2418,0.922,False,none,False,
INV-2024-001513,Chola Office Supplies,23IBEBI2815Y1Z5,2024-10-08,2024-10-23,2024-10-13,PO-2024-5684,Operations,M. Krishnan,vendor_portal,INR,42818.37,12,5138.2,47956.57,15,9639,0.945,False,none,False,
INV-2025-001514,Udupi Fresh Foods,11GQDIV4242D1Z2,2025-02-25,2025-03-27,2025-02-26,PO-2025-6994,Procurement,T. Rao,email,INR,227693.89,28,63754.29,291448.18,30,0603,0.947,False,none,False,
INV-2026-001515,Tejas Security Services,15CNBBR8887D1Z2,2026-04-19,2026-06-18,2026-04-22,PO-2026-1241,Logistics,A. Iyer,scanned_mail,INR,76443.13,0,0.0,76443.13,60,7585,0.967,False,none,False,
INV-2026-001516,Falcon IT Solutions,10BFSVX5676M1Z8,2026-02-17,2026-04-18,2026-02-20,PO-2026-4831,Facilities,P. Nair,vendor_portal,INR,416459.68,18,74962.74,491422.42,60,4089,0.906,False,none,False,
INV-2026-001517,Falcon IT Solutions,20FESXF6690A1Z4,2026-04-02,2026-05-02,2026-04-05,PO-2026-2592,Logistics,T. Rao,vendor_portal,INR,324272.36,5,16213.62,340485.98,30,0321,0.901,False,none,False,
INV-2024-001518,Vishwa Engineering Works,14WJQFY8547Q1Z6,2024-06-02,2024-07-17,2024-06-04,PO-2024-9790,Logistics,P. Nair,edi_feed,INR,175411.77,0,0.0,175411.77,45,9591,0.905,False,none,False,
INV-2024-001519,Horizon Facilities Mgmt,18XXOOZ2398Y1Z4,2024-10-03,2024-11-17,2024-10-08,PO-2024-3738,Procurement,T. Rao,scanned_mail,INR,204438.02,12,24532.56,228970.58,45,5829,0.939,False,none,False,
INV-2026-001520,Falcon IT Solutions,31SDNKI9901J1Z2,2026-07-15,2026-08-29,2026-07-17,PO-2026-5843,Operations,D'Souza,email,USD,187535.67,0,0.0,187535.67,45,3312,0.933,False,none,False,
INV-2024-001521,Meridian Consulting Group,20KSXBQ7103G1Z3,2024-06-23,2024-07-23,2024-06-28,PO-2024-5690,Marketing,K. Reddy,edi_feed,USD,460700.33,6,27642.02,488342.35,30,5548,0.981,False,none,False,
INV-2026-001522,Horizon Facilities Mgmt,27HXCQW3217V1Z5,2026-01-05,2026-02-19,2026-01-06,PO-2026-3957,Marketing,T. Rao,email,INR,350093.27,5,17504.66,367597.93,45,5606,0.946,False,none,False,
INV-2025-001523,Sundaram Motors Spares,33GHHME7754O1Z4,2025-12-02,2026-01-16,2025-12-06,PO-2025-5531,Admin,N. Bhatt,vendor_portal,INR,93872.29,5,4693.61,98565.9,45,5486,0.903,False,none,False,
INV-2025-001524,Lotus Catering Services,16WEAIF2866D1Z3,2025-01-13,2025-03-14,2025-01-13,PO-2025-5013,IT,V. Desai,email,EUR,164765.77,8,13181.26,177947.03,60,9134,0.959,False,none,False,
INV-2024-001525,Udupi Fresh Foods,24ZNCOZ9492C1Z3,2024-08-13,2024-10-12,2024-08-13,PO-2024-9814,Facilities,T. Rao,email,INR,244513.97,28,68463.91,312977.88,60,0135,0.986,False,none,False,
INV-2024-001526,Coastal Cargo Movers,16CYBCN4936W1Z4,2024-06-29,2024-08-13,2024-07-01,PO-2024-8287,Admin,M. Krishnan,vendor_portal,EUR,349340.05,10,34934.0,384274.05,45,1367,0.982,False,none,False,
INV-2026-001527,Aravind Steel Traders,28DUKHE4503Z1Z1,2026-04-11,2026-04-26,2026-04-16,PO-2026-4581,Legal,A. Iyer,scanned_mail,INR,365281.88,18,65750.74,431032.62,15,5640,0.992,False,none,False,
INV-2025-001528,Bluewave Logistics Pvt Ltd,16LZZEE8720C1Z6,2025-12-30,2026-02-13,2026-01-02,PO-2025-4498,Finance,T. Rao,vendor_portal,INR,447405.66,18,80533.02,527938.68,45,4413,0.922,False,none,False,
INV-2025-001529,Udupi Fresh Foods,06HJYIH6920I1Z9,2025-11-15,2025-12-15,2025-11-19,PO-2025-1069,Operations,K. Reddy,scanned_mail,USD,266713.13,8,21337.05,288050.18,30,7618,0.906,False,none,False,
INV-2025-001530,Ganga Freight Services,34ZBCAG5810E1Z3,2025-10-31,2025-12-15,2025-11-04,PO-2025-6625,Admin,T. Rao,email,USD,30714.57,8,2457.17,33171.74,45,2236,0.913,False,none,False,
INV-2026-001531,Prakash Stationery Mart,12JJROU6475T1Z8,2026-03-18,2026-05-02,2026-03-22,PO-2026-1054,Procurement,V. Desai,email,INR,240139.59,5,12006.98,252146.57,45,5637,0.947,False,none,False,
INV-2024-001532,Bright Path Cleaning Services,16OOFIV9211U1Z0,2024-07-29,2024-09-27,2024-08-02,PO-2024-1244,Facilities,T. Rao,scanned_mail,USD,80822.92,6,4849.38,85672.3,60,9924,0.942,False,none,False,
INV-2025-001533,Wingspan Travel Corp,05PNIXA3275N1Z4,2025-10-30,2025-12-29,2025-10-30,PO-2025-3607,Finance,K. Reddy,vendor_portal,USD,125476.4,6,7528.58,133004.98,60,8401,0.926,False,none,False,
INV-2024-001534,Horizon Facilities Mgmt,08JAYMB7407H1Z8,2024-06-07,2024-08-06,2024-06-12,PO-2024-3705,IT,T. Rao,scanned_mail,INR,412658.6,5,20632.93,433291.53,60,8918,0.983,False,none,False,
INV-2026-001535,Bright Path Cleaning Services,05PKKOK2309K1Z8,2026-06-01,2026-07-31,2026-06-03,PO-2026-6905,Legal,P. Nair,email,INR,323402.9,0,0.0,323402.9,60,5719,0.907,False,none,False,
INV-2025-001536,Orion Cloud Systems,32DTEVU4783T1Z2,2025-05-30,2025-06-14,2025-05-30,PO-2025-2690,Facilities,N. Bhatt,scanned_mail,INR,385094.69,12,46211.36,431306.05,15,2465,0.988,False,none,False,
INV-2025-001537,Ganga Freight Services,24OHMYN0790A1Z9,2025-06-11,2025-07-26,2025-06-13,PO-2025-4728,Finance,T. Rao,edi_feed,USD,459449.26,10,45944.93,505394.19,45,7364,0.985,False,none,False,
INV-2026-001538,Quantum Networks Pvt Ltd,21DQCEO0701R1Z2,2026-04-10,2026-06-09,2026-04-13,PO-2025-4296,Legal,N. Bhatt,edi_feed,INR,221801.71,28,62104.48,283906.19,60,7394,0.942,False,mismatched_po,True,PO number does not correspond to an open purchase order.
INV-2024-001539,Meridian Consulting Group,29SGQIS0215G1Z9,2024-01-30,2024-03-30,2024-02-03,PO-2024-8862,Finance,T. Rao,edi_feed,INR,471485.56,12,56578.27,528063.83,60,2474,0.916,False,none,False,
INV-2025-001540,Bright Path Cleaning Services,08EJBFC4060H1Z2,2025-11-24,2025-12-24,2025-11-26,PO-2025-1457,IT,A. Iyer,email,INR,361292.69,28,101161.95,462454.64,30,9749,0.991,False,none,False,
INV-2026-001541,Aravind Steel Traders,28MBLXZ3408L1Z9,2026-05-12,2026-06-11,2026-05-12,PO-2026-6720,HR,M. Krishnan,vendor_portal,INR,172409.33,5,8620.47,197255.16,30,3055,0.929,False,altered_total,True,Total does not reconcile with subtotal + tax.
INV-2025-001542,Udupi Fresh Foods,04CNEKJ8664Z1Z1,2025-04-20,2025-06-19,2025-04-25,PO-2025-7624,Finance,N. Bhatt,vendor_portal,USD,377198.97,8,30175.92,407374.89,60,7166,0.917,False,none,False,
INV-2026-001543,Vishwa Engineering Works,10QQRTK4846L1Z8,2026-07-28,2026-08-27,2026-07-28,PO-2026-2738,IT,K. Reddy,scanned_mail,INR,438498.61,12,52619.83,491118.44,30,2096,0.95,False,none,False,
INV-2024-001544,Coastal Cargo Movers,13INBEO0633H1Z6,2024-08-13,2024-10-12,2024-08-15,PO-2024-1388,Marketing,N. Bhatt,scanned_mail,INR,322957.9,0,0.0,322957.9,60,3219,0.964,False,none,False,
INV-2025-001545,Yamuna Water Solutions,17NIDCD4180I1Z8,2025-08-29,2025-10-13,2025-09-01,PO-2025-6465,Marketing,D'Souza,email,EUR,141229.05,6,8473.74,165067.32,45,3170,0.938,False,altered_total,True,Total does not reconcile with subtotal + tax.
INV-2025-001546,Wingspan Travel Corp,33LNZYY9185J1Z1,2025-08-08,2025-09-07,2025-08-10,PO-2025-8017,Marketing,S. Kulkarni,vendor_portal,INR,472945.44,12,56753.45,529698.89,30,6394,0.969,False,none,False,
INV-2026-001547,Horizon Facilities Mgmt,37VXRRV9662F1Z1,2026-06-24,2026-08-23,2026-06-24,PO-2026-2573,Facilities,D'Souza,vendor_portal,INR,142988.78,12,17158.65,160147.43,60,8573,0.953,False,none,False,
INV-2026-001548,Orion Cloud Systems,05FULIU1507Y1Z8,2026-05-04,2026-07-03,2026-05-08,PO-2026-7011,IT,R. Menon,scanned_mail,USD,245254.07,0,0.0,245254.07,60,8239,0.932,False,none,False,
INV-2026-001549,Meridian Consulting Group,14GCZKW3594Z1Z1,2026-01-24,2026-03-10,2026-01-24,PO-2026-2896,Logistics,S. Kulkarni,email,INR,312875.22,0,0.0,312875.22,45,2440,0.986,False,none,False,
INV-2025-001550,Indus Valley Textiles,28EWSVY8421Z1Z2,2025-04-13,2025-05-28,2025-04-13,PO-2025-3005,Facilities,T. Rao,edi_feed,INR,159296.8,0,0.0,159296.8,45,3738,0.935,False,none,False,
INV-2024-001551,Sundaram Motors Spares,28SJWBP0107Q1Z2,2024-12-13,2024-12-28,2024-12-13,PO-2024-5407,IT,N. Bhatt,scanned_mail,INR,334620.12,18,60231.62,394851.74,15,4639,0.903,False,none,False,
INV-2025-001552,Zenith Office Furnishings,15BJVJV7874T1Z7,2025-11-19,2025-12-19,2025-11-19,PO-2025-8750,Finance,D'Souza,scanned_mail,INR,223458.95,18,40222.61,263681.56,30,6373,0.984,False,none,False,
INV-2025-001553,Zenith Office Furnishings,20UBHHK3158Z1Z2,2025-01-25,2025-03-26,2025-01-25,PO-2025-4055,Operations,N. Bhatt,edi_feed,INR,163716.89,28,45840.73,209557.62,60,4500,0.987,False,none,False,
INV-2025-001554,Vishwa Engineering Works,15MIHAX3422I1Z1,2025-01-23,2025-03-09,2025-01-23,PO-2025-3313,Logistics,M. Krishnan,edi_feed,INR,378320.77,28,105929.82,484250.59,45,9864,0.904,False,none,False,
INV-2024-001555,Quantum Networks Pvt Ltd,11YNDWX5457V1Z7,2024-01-13,2024-02-12,2024-01-14,PO-2024-4622,Operations,A. Iyer,scanned_mail,INR,117187.5,28,32812.5,150000.0,30,6319,0.987,False,round_number_amount,True,Total is an unusually round figure for this line of business.
INV-2024-001556,Zenith Office Furnishings,36JIKYL5872P1Z8,2024-12-19,2025-01-03,2024-12-23,PO-2024-1158,Legal,N. Bhatt,email,INR,39062.5,28,10937.5,50000.0,15,8876,0.926,False,round_number_amount,True,Total is an unusually round figure for this line of business.
INV-2026-001557,Orion Cloud Systems,11FGXZU1241Q1Z0,2026-08-28,2026-09-12,2026-08-29,PO-2026-3660,HR,P. Nair,scanned_mail,INR,24211.76,0,0.0,24211.76,15,6599,0.909,False,none,False,
INV-2026-001558,Coastal Cargo Movers,11IROWP5534P1Z4,2026-04-05,2026-05-20,2026-04-05,PO-2026-2065,IT,T. Rao,edi_feed,INR,202289.37,28,56641.02,258930.39,45,9451,0.972,False,none,False,
INV-2024-001559,Tejas Security Services,23CVPTJ6377K1Z8,2024-06-18,2024-08-17,2024-06-18,PO-2024-2284,Logistics,M. Krishnan,edi_feed,INR,45881.14,5,2294.06,48175.2,60,3585,0.978,False,split_invoice,True,"Amount sits just under the approval threshold, alongside a same-day sibling invoice."
INV-2024-001560,Udupi Fresh Foods,28DQNSD7015R1Z8,2024-12-22,2025-02-20,2024-12-22,PO-2024-6790,Operations,M. Krishnan,scanned_mail,INR,419665.51,12,50359.86,470025.37,60,5495,0.928,False,none,False,
INV-2024-001561,Jyothi Print & Design,09ZDURB2759A1Z6,2024-01-13,2024-01-28,2024-01-18,PO-2023-7036,Logistics,A. Iyer,scanned_mail,EUR,227284.34,8,18182.75,245467.09,15,7868,0.906,False,mismatched_po,True,PO number does not correspond to an open purchase order.
INV-2024-001562,Horizon Facilities Mgmt,37WASHQ6650O1Z1,2024-10-17,2024-11-01,2024-10-19,PO-2024-2333,Facilities,D'Souza,vendor_portal,INR,323778.93,12,38853.47,362632.4,15,1348,0.99,False,none,False,
INV-2025-001563,Zenith Office Furnishings,19YSFIX9069W1Z3,2025-07-17,2025-08-16,2025-07-20,PO-2025-3855,Operations,T. Rao,scanned_mail,INR,354616.77,12,42554.01,397170.78,30,3829,0.93,False,none,False,
INV-2024-001564,Prakash Stationery Mart,05IIFLJ2063B1Z0,2024-02-01,2024-02-16,2024-02-10,PO-2024-5042,Admin,P. Nair,vendor_portal,INR,114870.23,5,5743.51,120613.74,15,9181,0.942,False,weekend_submission,True,Submitted outside business hours/days with no prior pattern for this vendor.
INV-2026-001565,Apex Manpower Agency,16HRSGT8552O1Z8,2026-07-02,2026-08-31,2026-07-05,PO-2026-3314,IT,S. Kulkarni,scanned_mail,INR,118599.19,5,5929.96,124529.15,60,8051,0.958,False,none,False,
INV-2024-001566,Coastal Cargo Movers,26CPRVQ9111F1Z1,2024-12-21,2025-02-04,2024-12-21,PO-2024-1291,Facilities,T. Rao,edi_feed,INR,421742.56,12,50609.11,472351.67,45,0893,0.955,False,none,False,
INV-2024-001567,Sundaram Motors Spares,09IKSKO8381I1Z9,2024-08-17,2024-09-01,2024-08-21,PO-2024-8071,HR,S. Kulkarni,edi_feed,INR,282457.97,5,14122.9,296580.87,15,1773,0.972,False,none,False,
INV-2025-001568,Prakash Stationery Mart,32PQLJM4921H1Z4,2025-08-28,2025-09-27,2025-09-01,PO-2025-1842,Operations,V. Desai,email,EUR,162596.44,8,13007.72,175604.16,30,3977,0.935,False,none,False,
INV-2025-001569,Northgate Print Hub,04GRIZB7501U1Z6,2025-12-23,2026-01-22,2025-12-24,PO-2025-7068,Facilities,T. Rao,edi_feed,INR,180620.34,12,21674.44,202294.78,30,5244,0.972,False,none,False,
INV-2025-001570,Deccan Electricals,25UHYNZ1917I1Z0,2025-10-26,2025-11-25,2025-10-27,PO-2025-4409,Admin,P. Nair,edi_feed,USD,373457.22,10,37345.72,410802.94,30,0898,0.985,False,none,False,
INV-2024-001571,Prakash Stationery Mart,22GRBXB8232Z1Z0,2024-11-16,2024-12-16,2024-11-16,PO-2024-2970,HR,V. Desai,edi_feed,INR,76446.82,12,9173.62,85620.44,30,0890,0.951,False,none,False,
INV-2025-001572,Global Freight Partners,29EBCQD1951C1Z3,2025-05-11,2025-06-25,2025-05-13,PO-2025-2601,Operations,V. Desai,vendor_portal,INR,49886.35,0,0.0,49886.35,45,3770,0.979,False,split_invoice,True,"Amount sits just under the approval threshold, alongside a same-day sibling invoice."
INV-2024-001573,Bluewave Logistics Pvt Ltd,34QPYMD0997L1Z9,2024-01-28,2024-02-27,2024-01-29,PO-2024-2807,Facilities,P. Nair,email,INR,65277.02,12,7833.24,73110.26,30,8299,0.986,False,none,False,
INV-2025-001574,Bluewave Logistics Pvt Ltd,11YGSNC2489G1Z4,2025-08-23,2025-10-22,2025-08-25,PO-2025-6067,Operations,T. Rao,vendor_portal,INR,229810.07,0,0.0,229810.07,60,2976,0.986,False,none,False,
INV-2025-001575,Aravind Steel Traders,29IEUZD6654K1Z0,2025-03-22,2025-04-06,2025-03-25,PO-2025-8917,Operations,N. Bhatt,edi_feed,INR,19751.99,12,2370.24,22122.23,15,5061,0.959,False,none,False,
INV-2025-001576,Zenith Office Furnishings,13TRYYY8862R1Z0,2025-09-02,2025-10-02,2025-09-03,PO-2025-1428,Admin,M. Krishnan,scanned_mail,INR,185738.44,5,9286.92,195025.36,30,1973,0.908,False,none,False,
INV-2024-001577,Everest Packaging Co,11OSEXN0423I1Z6,2024-08-26,2024-10-10,2024-08-31,PO-2024-3433,Operations,P. Nair,edi_feed,USD,430339.75,8,34427.18,464766.93,45,9654,0.956,False,weekend_submission,True,Submitted outside business hours/days with no prior pattern for this vendor.
INV-2024-001578,Sundaram Motors Spares,10CYPOU0830W1Z0,2024-04-22,2024-05-22,2024-04-24,PO-2024-3289,HR,V. Desai,email,INR,144133.49,28,40357.38,184490.87,30,0146,0.925,False,none,False,
INV-2025-001579,Deccan Electricals,34UDARS0450H1Z5,2025-12-18,2026-02-01,2025-12-18,PO-2025-8053,Procurement,V. Desai,email,INR,320711.33,5,16035.57,336746.9,45,3431,0.954,False,none,False,
INV-2026-001580,Deccan Electricals,30POMML0880Q1Z2,2026-06-19,2026-07-04,2026-06-20,PO-2026-4681,Logistics,N. Bhatt,email,INR,191957.09,28,53747.99,245705.08,15,1163,0.959,False,none,False,
INV-2026-001581,Ganga Freight Services,16MZDMY8858Q1Z8,2026-06-16,2026-07-31,2026-06-17,PO-2025-4631,Procurement,V. Desai,vendor_portal,INR,21211.78,28,5939.3,27151.08,45,1137,0.978,False,mismatched_po,True,PO number does not correspond to an open purchase order.
INV-2025-001582,Aravind Steel Traders,16UBOSL2668H1Z3,2025-03-15,2025-05-14,2025-03-15,PO-2025-5799,Legal,D'Souza,vendor_portal,INR,298305.45,5,14915.27,313220.72,60,6048,0.992,False,none,False,
INV-2024-001583,Orion Cloud Systems,37ZLYRU4012O1Z2,2024-05-14,2024-06-13,2024-05-16,PO-2024-8226,IT,K. Reddy,edi_feed,USD,54597.49,6,3275.85,57873.34,30,3822,0.904,False,none,False,
INV-2025-001584,Ganga Freight Services,21EGIVO9564T1Z7,2025-08-31,2025-09-30,2025-09-02,PO-2025-6162,HR,T. Rao,email,INR,42491.68,5,2124.58,44616.26,30,9307,0.955,False,none,False,
INV-2026-001585,Orion Cloud Systems,01QQJZD6619K1Z5,2026-02-16,2026-03-18,2026-02-16,PO-2026-7041,Finance,N. Bhatt,edi_feed,INR,176260.15,18,31726.83,207986.98,30,3901,0.977,False,none,False,
INV-2026-001586,Quantum Networks Pvt Ltd,23SQEOZ0062L1Z5,2026-02-17,2026-03-19,2026-02-18,PO-2026-7888,Marketing,P. Nair,email,INR,164053.73,12,19686.45,183740.18,30,1190,0.918,False,none,False,
INV-2026-001587,Wingspan Travel Corp,25SPIRH8145U1Z9,2026-07-26,2026-08-25,2026-07-29,PO-2026-9476,Legal,T. Rao,scanned_mail,INR,112341.22,18,20221.42,132562.64,30,1656,0.901,False,none,False,
INV-2025-001588,Coastal Cargo Movers,23BREDQ8945O1Z2,2025-10-22,2025-12-21,2025-10-26,PO-2025-6280,Operations,S. Kulkarni,scanned_mail,INR,169407.68,0,0.0,169407.68,60,7852,0.956,False,none,False,
INV-2026-001589,Wingspan Travel Corp,10EFFBX1900G1Z4,2026-02-20,2026-03-22,2026-02-25,PO-2026-3313,Marketing,T. Rao,email,INR,22670.23,0,0.0,22670.23,30,5841,0.97,False,none,False,
INV-2025-001590,Quantum Networks Pvt Ltd,29DWPQB8642M1Z5,2025-11-26,2026-01-25,2025-11-27,PO-2025-3120,Facilities,T. Rao,scanned_mail,USD,471193.68,6,28271.62,499465.3,60,5329,0.915,False,none,False,
INV-2026-001591,Bright Path Cleaning Services,29ASWSV3476J1Z5,2026-04-20,2026-06-19,2026-04-24,PO-2026-1887,Logistics,T. Rao,vendor_portal,INR,407386.43,28,114068.2,521454.63,60,6596,0.901,False,none,False,
INV-2024-001592,Northgate Print Hub,04DVCIF4338E1Z1,2024-12-15,2025-01-29,2024-12-19,PO-2024-9551,Admin,K. Reddy,vendor_portal,INR,68069.71,12,8168.37,76238.08,45,5484,0.916,False,none,False,
INV-2024-001593,Vishwa Engineering Works,01LOWAD7276T1Z3,2024-12-19,2025-02-17,2024-12-22,PO-2024-8513,Procurement,K. Reddy,vendor_portal,USD,281527.69,6,16891.66,298419.35,60,3723,0.953,False,none,False,
INV-2024-001594,Falcon IT Solutions,22KDRZZ0475A1Z7,2024-08-24,2024-09-23,2024-08-25,PO-2024-8982,Facilities,A. Iyer,scanned_mail,INR,360839.65,5,18041.98,378881.63,30,8419,0.967,False,none,False,
INV-2025-001595,Horizon Facilities Mgmt,26PDVIA1269I1Z3,2025-01-19,2025-03-05,2025-01-23,PO-2025-9679,Facilities,V. Desai,edi_feed,INR,239746.61,5,11987.33,251733.94,45,1974,0.965,False,none,False,
INV-2024-001596,Indus Valley Textiles,29AGBDJ4173S1Z1,2024-11-14,2024-12-14,2024-11-17,PO-2024-9633,Legal,M. Krishnan,vendor_portal,INR,156019.8,28,43685.54,199705.34,30,2055,0.939,False,none,False,
INV-2026-001597,Apex Manpower Agency,37KHOCM3051I1Z8,2026-08-04,2026-09-03,2026-08-09,PO-2026-5438,Facilities,D'Souza,vendor_portal,INR,255263.92,28,71473.9,326737.82,30,5848,0.989,False,none,False,
INV-2026-001598,Tejas Security Services,05TVWVM3361I1Z7,2026-03-12,2026-04-11,2026-03-17,PO-2026-4067,Facilities,D'Souza,edi_feed,INR,194766.59,12,23371.99,218138.58,30,1968,0.923,False,none,False,
INV-2025-001599,Deccan Electricals,18SINFR6968O1Z1,2025-02-03,2025-02-18,2025-02-07,PO-2025-2218,Logistics,T. Rao,edi_feed,INR,409800.14,28,114744.04,524544.18,15,6855,0.944,False,none,False,
INV-2026-001600,Umbra Services LLP,GSTIN-MISSING,2026-05-30,2026-07-14,2026-05-30,PO-2026-8118,Legal,P. Nair,vendor_portal,INR,78011.71,5,3900.59,81912.3,45,4806,0.83,False,ghost_vendor,True,Vendor has no prior transaction history; GSTIN fails format check.
INV-2025-001601,Prakash Stationery Mart,24QIUHV2130V1Z9,2025-10-01,2025-11-30,2025-10-04,PO-2025-8211,Admin,K. Reddy,scanned_mail,INR,338927.14,12,40671.26,379598.4,60,4608,0.915,False,none,False,
INV-2025-001602,Bright Path Cleaning Services,04SMIKP7672W1Z8,2025-05-20,2025-06-19,2025-05-23,PO-2025-1596,Marketing,K. Reddy,email,INR,38019.92,12,4562.39,42582.31,30,2646,0.958,False,none,False,
INV-2025-001603,Falcon IT Solutions,22YRJSA6601J1Z9,2025-06-05,2025-07-20,2025-06-05,PO-2025-8730,Admin,T. Rao,edi_feed,INR,245997.74,5,12299.89,258297.63,45,6332,0.94,False,none,False,
INV-2025-001604,Zenith Office Furnishings,15RVGPR4316X1Z9,2025-03-21,2025-05-20,2025-03-29,PO-2025-4698,Finance,A. Iyer,vendor_portal,INR,197888.3,12,23746.6,221634.9,60,2418,0.903,False,weekend_submission,True,Submitted outside business hours/days with no prior pattern for this vendor.
INV-2024-001605,Kaveri Industrial Parts,25SWSHJ4972Z1Z1,2024-12-09,2024-12-24,2024-12-10,PO-2024-4651,Logistics,R. Menon,edi_feed,INR,420260.77,28,117673.02,537933.79,15,9281,0.964,False,none,False,
INV-2024-001606,Chola Office Supplies,24NLFFE4693Y1Z0,2024-11-14,2025-01-13,2024-11-19,PO-2024-5882,Procurement,R. Menon,scanned_mail,EUR,101964.88,0,0.0,101964.88,60,6869,0.969,False,none,False,
INV-2025-001607,Global Freight Partners,35CVDBE4296Y1Z8,2025-01-16,2025-02-15,2025-01-17,PO-2024-6614,Procurement,M. Krishnan,edi_feed,INR,301980.24,5,15099.01,317079.25,30,9866,0.99,True,duplicate_invoice,True,Same vendor/amount seen on a prior invoice within 10 days.
INV-2024-001608,Coastal Cargo Movers,31TINHK8160G1Z9,2024-03-01,2024-03-31,2024-03-02,PO-2024-2720,Operations,V. Desai,edi_feed,INR,50176.37,0,0.0,50176.37,30,6759,0.91,False,none,False,
INV-2024-001609,Aravind Steel Traders,17RVBAJ6568Q1Z6,2024-02-12,2024-02-27,2024-02-16,PO-2024-9233,Facilities,R. Menon,edi_feed,INR,45447.53,12,5453.7,50901.23,15,7401,0.984,False,none,False,
INV-2025-001610,Falcon IT Solutions,18YTUYU3600C1Z7,2025-08-02,2025-10-01,2025-08-03,PO-2025-4968,Procurement,A. Iyer,vendor_portal,INR,60689.45,0,0.0,60689.45,60,9253,0.937,False,none,False,
INV-2024-001611,Deccan Electricals,02OMCGX1487G1Z6,2024-04-30,2024-06-29,2024-05-01,PO-2024-6481,Finance,V. Desai,edi_feed,USD,434963.37,6,26097.8,461061.17,60,4429,0.969,False,none,False,
INV-2024-001612,Tejas Security Services,35KCVNM2049H1Z5,2024-07-07,2024-07-22,2024-07-08,PO-2024-8209,HR,M. Krishnan,edi_feed,EUR,93592.32,0,0.0,93592.32,15,3023,0.931,False,none,False,
INV-2024-001613,Orion Cloud Systems,31ROJZY6846X1Z4,2024-04-26,2024-05-11,2024-04-26,PO-2024-9795,IT,V. Desai,email,USD,166619.92,6,9997.2,176617.12,15,8557,0.995,False,none,False,
INV-2024-001614,Wingspan Travel Corp,07PGMNU5477L1Z6,2024-05-22,2024-06-06,2024-05-22,PO-2024-8042,Operations,A. Iyer,edi_feed,USD,140495.19,8,11239.62,151734.81,15,0374,0.986,False,none,False,
INV-2024-001615,Chola Office Supplies,37EWFGO5650Z1Z0,2024-05-17,2024-06-01,2024-05-19,PO-2024-4927,Marketing,R. Menon,vendor_portal,INR,351080.48,28,98302.53,449383.01,15,8602,0.922,False,none,False,
INV-2024-001616,Deccan Electricals,29GWLKL7362Z1Z8,2024-04-11,2024-05-11,2024-04-12,PO-2024-5887,Facilities,K. Reddy,edi_feed,INR,95670.25,0,0.0,95670.25,30,1709,0.993,False,none,False,
INV-2025-001617,Meridian Consulting Group,36CKDTE8346S1Z4,2025-05-27,2025-06-26,2025-05-30,PO-2025-8869,Operations,A. Iyer,scanned_mail,INR,348512.61,18,62732.27,411244.88,30,1618,0.992,False,none,False,
INV-2024-001618,Bluewave Logistics Pvt Ltd,29DGSAL6381I1Z3,2024-08-06,2024-09-20,2024-08-06,PO-2024-2993,HR,N. Bhatt,edi_feed,INR,252146.05,0,0.0,334774.43,45,0647,0.942,False,altered_total,True,Total does not reconcile with subtotal + tax.
INV-2025-001619,Jyothi Print & Design,26YZAEM7870X1Z6,2025-03-12,2025-04-26,2025-03-12,PO-2025-9670,Legal,R. Menon,scanned_mail,EUR,263795.07,0,0.0,263795.07,45,7038,0.994,False,none,False,
INV-2025-001620,Lotus Catering Services,18WEKVW1420Q1Z5,2025-09-05,2025-09-20,2025-09-05,PO-2025-1758,Marketing,N. Bhatt,scanned_mail,INR,239758.13,28,67132.28,306890.41,15,0252,0.914,False,none,False,
INV-2025-001621,Kaveri Industrial Parts,07YTCQY3611P1Z0,2025-06-10,2025-06-25,2025-06-12,PO-2025-8586,Facilities,P. Nair,scanned_mail,USD,37943.96,10,3794.4,41738.36,15,4661,0.966,False,none,False,
INV-2025-001622,Meridian Consulting Group,31YUOGQ7005R1Z1,2025-11-26,2026-01-10,2025-12-01,PO-2025-5469,Procurement,A. Iyer,vendor_portal,INR,7051.53,5,352.58,7404.11,45,9513,0.965,False,none,False,
INV-2024-001623,Quantum Networks Pvt Ltd,23LSJFP1414Y1Z5,2024-03-19,2024-04-03,2024-03-23,PO-2024-5503,Finance,M. Krishnan,email,INR,180193.81,18,32434.89,212628.7,15,5378,0.959,False,none,False,
INV-2025-001624,Nandi Hardware Co,09UHQZB1639F1Z4,2025-11-27,2026-01-26,2025-11-29,PO-2025-5352,Procurement,A. Iyer,scanned_mail,INR,368326.69,12,44199.2,412525.89,60,2791,0.962,False,none,False,
INV-2025-001625,Chola Office Supplies,13WQPLY2386E1Z9,2025-07-28,2025-09-26,2025-08-02,PO-2025-6580,IT,A. Iyer,vendor_portal,INR,219565.72,12,26347.89,245913.61,60,0943,0.989,False,none,False,
INV-2025-001626,Quantum Networks Pvt Ltd,13VILOU2103O1Z1,2025-03-25,2025-05-24,2025-03-25,PO-2025-9697,Marketing,A. Iyer,email,USD,90178.95,0,0.0,90178.95,60,9910,0.943,False,none,False,
INV-2024-001627,Northgate Print Hub,17PTASB3435P1Z0,2024-04-20,2024-05-20,2024-04-25,PO-2024-6068,Procurement,M. Krishnan,vendor_portal,USD,419518.72,8,33561.5,453080.22,30,0254,0.974,False,none,False,
INV-2026-001628,Bright Path Cleaning Services,35OLYEO1575H1Z5,2026-06-22,2026-08-21,2026-06-27,PO-2026-6905,Legal,V. Desai,edi_feed,EUR,121397.5,10,12139.75,133537.25,60,7418,0.906,False,none,False,
INV-2026-001629,Raagam Interiors,24GNRNP3810Z1Z5,2026-01-23,2026-02-22,2026-01-28,PO-2026-7840,Procurement,P. Nair,edi_feed,INR,203257.0,0,0.0,203257.0,30,4170,0.931,False,none,False,
INV-2026-001630,Jyothi Print & Design,33YWYIZ0513H1Z8,2026-01-18,2026-02-17,2026-01-23,PO-2026-4533,Marketing,D'Souza,vendor_portal,INR,111398.72,12,13367.85,124766.57,30,4492,0.93,False,none,False,
INV-2025-001631,Sundaram Motors Spares,13URDJX5841D1Z7,2025-03-01,2025-03-16,2025-03-04,PO-2025-7347,Legal,N. Bhatt,email,INR,461994.94,5,23099.75,485094.69,15,8783,0.976,False,none,False,
INV-2026-001632,Vishwa Engineering Works,21KVWNP3574I1Z5,2026-03-02,2026-03-17,2026-03-07,PO-2026-1083,HR,M. Krishnan,email,INR,446715.0,12,53605.8,500320.8,15,3338,0.973,False,none,False,
INV-2026-001633,Falcon IT Solutions,33AOCRP0271M1Z5,2026-01-28,2026-02-27,2026-02-02,PO-2026-2160,Marketing,N. Bhatt,scanned_mail,INR,14984.02,5,749.2,15733.22,30,6375,0.985,False,none,False,
INV-2026-001634,Chola Office Supplies,15PGOVI8568Z1Z5,2026-07-15,2026-07-30,2026-07-17,PO-2026-4820,Finance,A. Iyer,vendor_portal,INR,413460.02,12,49615.2,463075.22,15,5291,0.958,False,none,False,
INV-2026-001635,Nandi Hardware Co,24MPJHO9029A1Z6,2026-04-09,2026-05-24,2026-04-11,PO-2026-5800,Marketing,S. Kulkarni,edi_feed,INR,33083.03,12,3969.96,37052.99,45,9720,0.977,False,none,False,
INV-2025-001636,Ganga Freight Services,19KGMSD8425A1Z1,2025-12-06,2026-01-05,2025-12-10,PO-2025-8087,IT,S. Kulkarni,email,USD,403327.97,0,0.0,403327.97,30,6541,0.981,False,none,False,
INV-2024-001637,Vishwa Engineering Works,30ETRYO4569E1Z2,2024-12-09,2025-02-07,2024-12-12,PO-2024-3252,Finance,V. Desai,vendor_portal,INR,397987.98,18,71637.84,498632.7,60,5750,0.939,False,altered_total,True,Total does not reconcile with subtotal + tax.
INV-2024-001638,Yamuna Water Solutions,20XRIGK5615F1Z0,2024-11-06,2024-12-21,2024-11-10,PO-2024-4626,Finance,V. Desai,edi_feed,INR,334957.93,18,60292.43,395250.36,45,8532,0.934,False,none,False,
INV-2026-001639,Nandi Hardware Co,33BRGQZ5649B1Z4,2026-04-03,2026-06-02,2026-04-06,PO-2026-6930,Procurement,K. Reddy,edi_feed,INR,387234.74,0,0.0,387234.74,60,6533,0.917,False,none,False,
INV-2025-001640,Nandi Hardware Co,01YFBJS7778V1Z3,2025-06-04,2025-08-03,2025-06-08,PO-2024-1678,Marketing,T. Rao,email,INR,185981.33,28,52074.77,238056.1,60,0177,0.938,False,mismatched_po,True,PO number does not correspond to an open purchase order.
INV-2026-001641,Northgate Print Hub,13QCSLW7830P1Z5,2026-01-09,2026-02-23,2026-01-11,PO-2026-7506,Operations,A. Iyer,scanned_mail,USD,333412.24,0,0.0,333412.24,45,9038,0.995,False,none,False,
INV-2025-001642,Wingspan Travel Corp,15HWPAX9083E1Z7,2025-03-11,2025-03-26,2025-03-15,PO-2025-5212,Finance,N. Bhatt,vendor_portal,INR,284699.36,28,79715.82,364415.18,15,3571,0.905,False,none,False,
INV-2025-001643,Meridian Consulting Group,28SANZP0482F1Z8,2025-02-15,2025-04-01,2025-02-18,PO-2025-3214,IT,S. Kulkarni,scanned_mail,INR,281185.51,28,78731.94,359917.45,45,4746,0.959,False,none,False,
INV-2026-001644,Zenith Office Furnishings,25TXIIX5017V1Z6,2026-06-13,2026-08-12,2026-06-15,PO-2026-4251,HR,S. Kulkarni,edi_feed,INR,406309.49,5,20315.47,426624.96,60,9858,0.954,False,none,False,
INV-2026-001645,Raagam Interiors,15INXSZ3109Z1Z0,2026-04-17,2026-06-16,2026-04-18,PO-2026-9050,Logistics,K. Reddy,edi_feed,INR,25000.0,0,0.0,25000.0,60,4561,0.96,False,round_number_amount,True,Total is an unusually round figure for this line of business.
INV-2025-001646,Bluewave Logistics Pvt Ltd,03FBPSH4635D1Z6,2025-07-21,2025-09-19,2025-07-26,PO-2025-3604,Operations,N. Bhatt,email,EUR,429439.76,10,42943.98,472383.74,60,5202,0.939,False,none,False,
INV-2024-001647,Jyothi Print & Design,20SFVMM0244C1Z3,2024-06-25,2024-08-09,2024-06-28,PO-2024-5842,Finance,A. Iyer,vendor_portal,INR,383419.92,5,19171.0,402590.92,45,0630,0.95,False,none,False,
INV-2024-001648,Deccan Electricals,24TIFAR5106B1Z1,2024-04-10,2024-06-09,2024-04-13,PO-2024-6398,Operations,M. Krishnan,edi_feed,INR,309696.77,18,55745.42,365442.19,60,0122,0.962,False,none,False,
INV-2026-001649,Raagam Interiors,23WUEOJ8187L1Z6,2026-04-23,2026-06-22,2026-04-24,PO-2026-3197,Logistics,A. Iyer,email,INR,78125.0,28,21875.0,100000.0,60,6696,0.96,False,round_number_amount,True,Total is an unusually round figure for this line of business.
INV-2025-001650,Everest Packaging Co,33LSYJO8774M1Z4,2025-12-21,2026-01-20,2025-12-26,PO-2025-6410,Procurement,M. Krishnan,edi_feed,USD,415795.52,0,0.0,537846.18,30,6408,0.989,False,altered_total,True,Total does not reconcile with subtotal + tax.
INV-2024-001651,Indus Valley Textiles,32JTDQS2393X1Z4,2024-09-08,2024-11-07,2024-09-11,PO-2024-4157,Logistics,D'Souza,scanned_mail,INR,128773.76,0,0.0,128773.76,60,4019,0.963,False,none,False,
INV-2025-001652,Lotus Catering Services,06QEFNR6860X1Z9,2025-05-03,2025-05-18,2025-05-07,PO-2025-3173,Operations,T. Rao,email,INR,283818.04,12,34058.16,317876.2,15,5437,0.944,False,none,False,
INV-2026-001653,Horizon Facilities Mgmt,19EOUBI9687Q1Z0,2026-08-08,2026-09-07,2026-08-11,PO-2026-2543,Finance,A. Iyer,edi_feed,INR,410877.61,0,0.0,410877.61,30,8951,0.969,False,none,False,
INV-2025-001654,Ganga Freight Services,01WTSGL2804A1Z0,2025-04-15,2025-04-30,2025-04-18,PO-2025-4027,Legal,A. Iyer,email,USD,474917.43,0,0.0,474917.43,15,6147,0.945,False,none,False,
INV-2026-001655,Apex Manpower Agency,03HGJHX0581L1Z4,2026-09-06,2026-10-21,2026-09-06,PO-2026-5116,Finance,N. Bhatt,email,INR,378601.02,18,68148.18,446749.2,45,3818,0.924,False,none,False,
INV-2025-001656,Quantum Networks Pvt Ltd,08NDATV7660Z1Z4,2025-12-22,2026-01-06,2025-12-27,PO-2025-7024,Admin,S. Kulkarni,edi_feed,INR,13681.28,28,3830.76,17512.04,15,2831,0.983,False,none,False,
INV-2026-001657,Bright Path Cleaning Services,03BCHBE5475S1Z4,2026-01-23,2026-02-22,2026-01-24,PO-2026-6552,Procurement,P. Nair,email,INR,352469.87,28,98691.56,451161.43,30,2679,0.994,False,none,False,
INV-2026-001658,Ganga Freight Services,34TDWHO6020H1Z1,2026-01-06,2026-02-20,2026-01-09,PO-2026-6013,Logistics,D'Souza,scanned_mail,INR,12903.43,28,3612.96,16516.39,45,1010,0.993,False,none,False,
INV-2026-001659,Bright Path Cleaning Services,34IWSSP0629V1Z6,2026-02-06,2026-04-07,2026-02-09,PO-2026-8194,Admin,T. Rao,email,INR,102335.43,12,12280.25,114615.68,60,8192,0.948,False,none,False,
INV-2026-001660,Apex Manpower Agency,21ASFSP2050H1Z4,2026-07-08,2026-08-07,2026-07-11,PO-2026-5987,Procurement,N. Bhatt,vendor_portal,INR,41597.85,18,7487.61,49085.46,30,7036,0.963,False,split_invoice,True,"Amount sits just under the approval threshold, alongside a same-day sibling invoice."
INV-2025-001661,Horizon Facilities Mgmt,12IHRAH1944R1Z1,2025-01-01,2025-01-31,2025-01-03,PO-2025-3856,HR,A. Iyer,email,INR,72562.68,12,8707.52,81270.2,30,1458,0.989,False,none,False,
INV-2026-001662,Nandi Hardware Co,11KBZBJ8992Y1Z8,2026-09-08,2026-09-23,2026-09-08,PO-2026-8566,Admin,V. Desai,email,INR,356879.91,5,17844.0,374723.91,15,7892,0.951,False,none,False,
INV-2025-001663,Global Freight Partners,18HQBVA6448M1Z3,2025-03-01,2025-03-31,2025-03-01,PO-2025-1653,IT,P. Nair,email,INR,187293.72,12,22475.25,209768.97,30,7387,0.905,False,none,False,
INV-2025-001664,Lotus Catering Services,09RCOGR9342Q1Z8,2025-12-04,2026-02-02,2025-12-04,PO-2025-3810,Facilities,V. Desai,scanned_mail,INR,140804.75,12,16896.57,157701.32,60,2449,0.908,False,none,False,
INV-2025-001665,Prakash Stationery Mart,34PKXIG2842Z1Z3,2025-07-26,2025-08-25,2025-07-27,PO-2025-5103,Operations,K. Reddy,scanned_mail,INR,216442.54,5,10822.13,227264.67,30,0513,0.954,False,none,False,
INV-2024-001666,Quantum Networks Pvt Ltd,10ZNZGT9659A1Z3,2024-09-01,2024-10-31,2024-09-05,PO-2024-8309,Admin,P. Nair,edi_feed,INR,474423.15,0,0.0,474423.15,60,7248,0.974,False,none,False,
INV-2025-001667,Northgate Print Hub,05UESWN3869W1Z0,2025-04-24,2025-06-23,2025-04-28,PO-2025-9820,IT,D'Souza,edi_feed,INR,12539.94,18,2257.19,14797.13,60,5568,0.99,False,none,False,
INV-2026-001668,Zenith Office Furnishings,29VOYQI4619I1Z0,2026-05-06,2026-06-20,2026-05-06,PO-2026-8562,Procurement,A. Iyer,vendor_portal,INR,371910.15,5,18595.51,390505.66,45,2888,0.956,False,none,False,
INV-2025-001669,Everest Packaging Co,23XGXQF1279B1Z9,2025-02-13,2025-03-15,2025-02-15,PO-2025-5693,Marketing,S. Kulkarni,scanned_mail,INR,64406.28,12,7728.75,72135.03,30,6927,0.975,False,none,False,
INV-2026-001670,Horizon Facilities Mgmt,30OQICX5700C1Z4,2026-07-30,2026-09-28,2026-07-30,PO-2026-6147,Procurement,A. Iyer,edi_feed,INR,57655.87,18,10378.06,68033.93,60,9860,0.93,False,none,False,
INV-2026-001671,Global Freight Partners,32IUHHP1961O1Z1,2026-09-09,2026-11-08,2026-09-12,PO-2026-5674,Operations,R. Menon,email,INR,113807.49,12,13656.9,127464.39,60,0243,0.986,False,none,False,
INV-2025-001672,Sundaram Motors Spares,08IMBDR5347C1Z0,2025-05-16,2025-06-15,2025-05-20,PO-2025-4795,Finance,D'Souza,edi_feed,INR,158752.66,0,0.0,158752.66,30,5886,0.94,False,none,False,
INV-2026-001673,Kaveri Industrial Parts,34JXZUK5941A1Z5,2026-02-18,2026-03-05,2026-02-19,PO-2026-2181,IT,T. Rao,scanned_mail,INR,39454.73,0,0.0,39454.73,15,8097,0.971,False,none,False,
INV-2024-001674,Quantum Networks Pvt Ltd,16XHXHN4056D1Z6,2024-07-08,2024-07-23,2024-07-09,PO-2024-5515,Finance,A. Iyer,email,INR,346732.79,0,0.0,346732.79,15,5597,0.92,False,none,False,
INV-2025-001675,Aravind Steel Traders,03QJMOB8023X1Z9,2025-09-27,2025-10-27,2025-10-02,PO-2025-2298,Admin,K. Reddy,email,INR,389893.77,18,70180.88,460074.65,30,7522,0.977,False,none,False,
INV-2026-001676,Orion Cloud Systems,11ZUQJZ7143W1Z9,2026-04-08,2026-04-23,2026-04-12,PO-2026-3837,Operations,K. Reddy,edi_feed,INR,174962.89,12,20995.55,195958.44,15,2744,0.925,False,none,False,
INV-2024-001677,Orion Cloud Systems,14DVKAL1174Y1Z5,2024-03-18,2024-04-02,2024-03-18,PO-2024-2386,Finance,K. Reddy,scanned_mail,INR,95844.7,12,11501.36,107346.06,15,4991,0.968,False,none,False,
INV-2024-001678,Kaveri Industrial Parts,06FJPWF5634J1Z2,2024-01-11,2024-03-11,2024-01-11,PO-2024-3830,Logistics,P. Nair,email,INR,429183.34,5,21459.17,450642.51,60,6578,0.967,False,none,False,
INV-2025-001679,Orion Cloud Systems,29RXUVK5430J1Z0,2025-04-26,2025-06-10,2025-04-30,PO-2025-4165,IT,P. Nair,scanned_mail,INR,17923.78,12,2150.85,20074.63,45,3871,0.921,False,none,False,
INV-2024-001680,Chola Office Supplies,27BLBDB0409U1Z6,2024-12-14,2025-01-13,2024-12-15,PO-2024-4391,IT,R. Menon,email,EUR,452111.31,6,27126.68,479237.99,30,1120,0.913,False,none,False,
INV-2025-001681,Chola Office Supplies,04ZVCTR4633T1Z6,2025-01-14,2025-02-13,2025-01-15,PO-2025-3013,Operations,A. Iyer,vendor_portal,INR,3042.54,5,152.13,3194.67,30,7880,0.957,False,none,False,
INV-2024-001682,Coastal Cargo Movers,02SVMTK3002N1Z5,2024-08-16,2024-09-15,2024-08-16,PO-2024-3028,IT,R. Menon,email,INR,144167.92,5,7208.4,151376.32,30,4928,0.983,False,none,False,
INV-2024-001683,Everest Packaging Co,02DVJVB1565C1Z5,2024-05-15,2024-07-14,2024-05-16,PO-2024-1084,Facilities,N. Bhatt,vendor_portal,INR,169503.12,18,30510.56,200013.68,60,4386,0.993,False,none,False,
INV-2025-001684,Quantum Networks Pvt Ltd,30YZKWP3637B1Z3,2025-08-08,2025-09-07,2025-08-11,PO-2025-9902,Legal,P. Nair,edi_feed,INR,50145.19,28,14040.65,64185.84,30,5248,0.915,False,none,False,
INV-2025-001685,Prakash Stationery Mart,30XLEAH9051D1Z6,2025-09-18,2025-10-18,2025-09-22,PO-2025-4517,Admin,N. Bhatt,email,EUR,243659.95,0,0.0,243659.95,30,9361,0.912,False,none,False,
INV-2025-001686,Ganga Freight Services,27PQART1086H1Z9,2025-12-03,2026-01-02,2025-12-07,PO-2025-6675,Logistics,P. Nair,edi_feed,INR,294751.67,28,82530.47,377282.14,30,3691,0.917,False,none,False,
INV-2024-001687,Tejas Security Services,09DUZWO5347T1Z8,2024-05-26,2024-06-10,2024-05-29,PO-2024-5960,Procurement,P. Nair,vendor_portal,INR,234365.1,12,28123.81,262488.91,15,4767,0.94,False,none,False,
INV-2024-001688,Jyothi Print & Design,05PQVKO5164T1Z4,2024-05-08,2024-05-23,2024-05-12,PO-2024-3954,Logistics,R. Menon,email,INR,42063.32,0,0.0,42063.32,15,8767,0.918,False,none,False,
INV-2025-001689,Orion Cloud Systems,13TXLXD0611P1Z5,2025-11-04,2026-01-03,2025-11-04,PO-2025-3836,Finance,S. Kulkarni,email,INR,472886.28,12,56746.35,529632.63,60,2220,0.937,False,none,False,
INV-2024-001690,Orion Cloud Systems,16RDOUX7675W1Z4,2024-11-27,2025-01-11,2024-12-01,PO-2024-5867,Finance,K. Reddy,vendor_portal,INR,9567.5,18,1722.15,11289.65,45,6461,0.918,False,none,False,
INV-2025-001691,Raagam Interiors,31NTOKY7060T1Z0,2025-09-04,2025-10-19,2025-09-08,PO-2025-6940,Logistics,R. Menon,email,INR,144969.38,28,40591.43,185560.81,45,2846,0.924,False,none,False,
INV-2026-001692,Jyothi Print & Design,22WVLJL9053U1Z3,2026-05-05,2026-05-20,2026-05-05,PO-2026-3418,Admin,K. Reddy,vendor_portal,INR,189195.6,28,52974.77,242170.37,15,9092,0.977,False,none,False,
INV-2025-001693,Aravind Steel Traders,24HVKCG4096G1Z0,2025-12-18,2026-01-02,2025-12-20,PO-2025-4186,IT,R. Menon,scanned_mail,INR,474515.99,28,132864.48,607380.47,15,1610,0.954,False,weekend_submission,True,Submitted outside business hours/days with no prior pattern for this vendor.
INV-2025-001694,Falcon IT Solutions,30FDPHN3945S1Z8,2025-06-03,2025-07-03,2025-06-06,PO-2025-6187,Admin,S. Kulkarni,vendor_portal,INR,479209.01,5,23960.45,503169.46,30,8867,0.93,False,none,False,
INV-2026-001695,Chola Office Supplies,07VBDLA5427C1Z6,2026-05-10,2026-06-24,2026-05-11,PO-2026-7195,Admin,V. Desai,scanned_mail,INR,313051.4,5,15652.57,328703.97,45,9407,0.968,False,none,False,
INV-2026-001696,Raagam Interiors,21MZOQD2797R1Z6,2026-05-23,2026-06-22,2026-05-26,PO-2026-6437,Procurement,P. Nair,email,USD,136066.42,6,8163.99,144230.41,30,0283,0.939,False,none,False,
INV-2024-001697,Vishwa Engineering Works,07EDRWF6416G1Z0,2024-05-26,2024-06-25,2024-05-28,PO-2024-5586,IT,V. Desai,edi_feed,USD,392821.72,8,31425.74,424247.46,30,1811,0.907,False,none,False,
INV-2025-001698,Indus Valley Textiles,09CUZLH6387U1Z9,2025-02-14,2025-03-01,2025-02-16,PO-2025-4209,Logistics,T. Rao,vendor_portal,INR,191045.61,0,0.0,191045.61,15,7194,0.974,False,none,False,
INV-2025-001699,Udupi Fresh Foods,02XISFG9499T1Z4,2025-10-11,2025-10-26,2025-10-13,PO-2025-2766,Logistics,K. Reddy,vendor_portal,USD,217569.87,6,13054.19,230624.06,15,0721,0.949,False,none,False,
INV-2024-001700,Apex Manpower Agency,18XWTMD8404Y1Z4,2024-02-12,2024-03-28,2024-02-15,PO-2024-3013,Facilities,R. Menon,vendor_portal,INR,370060.99,18,66610.98,436671.97,45,5394,0.953,False,none,False,
INV-2025-001701,Raagam Interiors,03MDDWT8833G1Z6,2025-03-28,2025-04-27,2025-03-28,PO-2025-5501,Procurement,V. Desai,vendor_portal,INR,390439.25,18,70279.07,460718.32,30,9544,0.988,False,none,False,
INV-2024-001702,Indus Valley Textiles,18XIFHC9537K1Z5,2024-09-11,2024-11-10,2024-09-14,PO-2024-4321,Legal,D'Souza,scanned_mail,INR,266489.07,5,13324.45,279813.52,60,3813,0.989,False,none,False,
INV-2025-001703,Orion Cloud Systems,11ITJVU0459Q1Z3,2025-04-19,2025-05-19,2025-04-19,PO-2025-1521,Legal,A. Iyer,email,INR,242748.12,0,0.0,242748.12,30,3178,0.958,False,none,False,
INV-2025-001704,Lotus Catering Services,12HXEZA8948X1Z8,2025-07-25,2025-09-23,2025-07-29,PO-2025-2738,Operations,D'Souza,scanned_mail,INR,374478.22,28,104853.9,479332.12,60,5461,0.97,False,none,False,
INV-2026-001705,Nandi Hardware Co,14PXJZY0220F1Z1,2026-04-28,2026-06-27,2026-05-02,PO-2026-8605,Facilities,S. Kulkarni,scanned_mail,INR,407130.07,28,113996.42,521126.49,60,6700,0.914,False,none,False,
INV-2026-001706,Wingspan Travel Corp,30IBBBD5354Y1Z2,2026-02-13,2026-02-28,2026-02-18,PO-2026-3618,HR,P. Nair,email,INR,121324.62,18,21838.43,143163.05,15,7646,0.989,False,none,False,
INV-2025-001707,Udupi Fresh Foods,32KESSY1781L1Z6,2025-07-28,2025-08-12,2025-08-01,PO-2025-4343,Logistics,D'Souza,email,INR,134842.01,0,0.0,134842.01,15,8581,0.921,False,none,False,
INV-2024-001708,Zenith Office Furnishings,04GPPKJ5270K1Z8,2024-03-14,2024-05-13,2024-03-17,PO-2024-4581,Logistics,V. Desai,scanned_mail,INR,416487.65,5,20824.38,437312.03,60,1212,0.95,False,none,False,
INV-2024-001709,Lotus Catering Services,22XIBWW5926R1Z4,2024-09-12,2024-09-27,2024-09-16,PO-2024-9579,HR,D'Souza,email,USD,362362.4,6,21741.74,384104.14,15,9800,0.954,False,none,False,
INV-2024-001710,Raagam Interiors,26ZPPRT8312G1Z1,2024-09-06,2024-09-21,2024-09-06,PO-2024-8743,Operations,S. Kulkarni,email,EUR,217022.06,10,21702.21,238724.27,15,8671,0.92,False,none,False,
INV-2024-001711,Nandi Hardware Co,13OVYLK7390M1Z6,2024-08-07,2024-08-22,2024-08-10,PO-2024-1957,Marketing,R. Menon,vendor_portal,USD,102401.17,10,10240.12,112641.29,15,3984,0.951,False,none,False,
INV-2025-001712,Quantum Networks Pvt Ltd,18JVPAZ1437K1Z6,2025-12-10,2026-01-09,2025-12-15,PO-2025-9955,Procurement,P. Nair,vendor_portal,INR,270890.0,12,32506.8,303396.8,30,4311,0.906,False,none,False,
INV-2026-001713,Indus Valley Textiles,13BQIIV8387I1Z5,2026-07-22,2026-08-06,2026-07-22,PO-2026-4435,Marketing,P. Nair,vendor_portal,INR,455642.35,28,127579.86,583222.21,15,9247,0.936,False,none,False,
INV-2025-001714,Orion Cloud Systems,32TASPR7046M1Z9,2025-05-05,2025-06-19,2025-05-06,PO-2025-2687,HR,N. Bhatt,edi_feed,INR,256381.1,0,0.0,256381.1,45,9077,0.924,False,none,False,
INV-2024-001715,Bright Path Cleaning Services,04FNFZP8456O1Z3,2024-02-29,2024-03-30,2024-03-04,PO-2024-1335,Legal,V. Desai,edi_feed,INR,431064.93,0,0.0,431064.93,30,1299,0.939,False,none,False,
INV-2025-001716,Meridian Consulting Group,22VUXGL7635P1Z2,2025-09-24,2025-10-09,2025-09-25,PO-2025-1245,Procurement,S. Kulkarni,scanned_mail,INR,305015.55,18,54902.8,359918.35,15,3336,0.952,False,none,False,
INV-2026-001717,Chola Office Supplies,19URUGT8874S1Z5,2026-08-09,2026-08-24,2026-08-10,PO-2025-2396,HR,K. Reddy,email,INR,399080.55,12,47889.67,446970.22,15,5854,0.94,False,mismatched_po,True,PO number does not correspond to an open purchase order.
INV-2024-001718,Deccan Electricals,37PETSJ1833X1Z1,2024-10-15,2024-11-29,2024-10-17,PO-2024-8563,Procurement,S. Kulkarni,vendor_portal,EUR,312793.38,0,0.0,312793.38,45,3081,0.979,False,none,False,
INV-2026-001719,Wingspan Travel Corp,02DKGJH0382X1Z7,2026-05-07,2026-07-06,2026-05-09,PO-2026-2742,Finance,R. Menon,edi_feed,INR,156598.39,12,18791.81,175390.2,60,3178,0.985,False,none,False,
INV-2026-001720,Yamuna Water Solutions,23DRJBB6570D1Z0,2026-04-27,2026-06-26,2026-04-27,PO-2026-4749,Admin,M. Krishnan,edi_feed,INR,397077.47,18,71473.94,468551.41,60,6837,0.985,False,none,False,
INV-2026-001721,Kaveri Industrial Parts,12FZZVY5471N1Z8,2026-08-12,2026-10-11,2026-08-17,PO-2026-8610,Marketing,N. Bhatt,edi_feed,INR,463720.94,12,55646.51,519367.45,60,3186,0.929,False,none,False,
INV-2024-001722,Udupi Fresh Foods,09GIAPH7768Z1Z9,2024-05-05,2024-06-04,2024-05-09,PO-2024-2973,Operations,M. Krishnan,edi_feed,INR,461639.96,12,55396.8,517036.76,30,2656,0.924,False,none,False,
INV-2025-001723,Nandi Hardware Co,32ZMARP3534M1Z0,2025-10-04,2025-11-18,2025-10-09,PO-2025-4179,Admin,K. Reddy,edi_feed,INR,105233.18,0,0.0,105233.18,45,8678,0.917,False,none,False,
INV-2024-001724,Orion Cloud Systems,34KPUKQ7225X1Z0,2024-01-17,2024-02-16,2024-01-19,PO-2024-8955,HR,P. Nair,scanned_mail,INR,349626.35,12,41955.16,391581.51,30,2226,0.929,False,none,False,
INV-2026-001725,Bright Path Cleaning Services,36XYRKJ4773D1Z9,2026-01-15,2026-02-14,2026-01-16,PO-2026-8841,Finance,K. Reddy,scanned_mail,INR,267778.75,5,13388.94,281167.69,30,0666,0.99,False,none,False,
INV-2024-001726,Bright Path Cleaning Services,34TBSIK5753Y1Z3,2024-12-04,2025-02-02,2024-12-04,PO-2024-9274,Finance,K. Reddy,scanned_mail,INR,280918.92,12,33710.27,314629.19,60,5662,0.986,False,none,False,
INV-2024-001727,Northgate Print Hub,27BTBOU5040U1Z0,2024-08-14,2024-10-13,2024-08-15,PO-2024-9953,Facilities,R. Menon,edi_feed,USD,48074.66,0,0.0,48074.66,60,8282,0.951,False,split_invoice,True,"Amount sits just under the approval threshold, alongside a same-day sibling invoice."
INV-2024-001728,Prakash Stationery Mart,22YEWRB7533Y1Z0,2024-07-26,2024-08-10,2024-07-30,PO-2024-6525,Procurement,D'Souza,edi_feed,INR,474305.14,18,85374.93,559680.07,15,2964,0.933,False,none,False,
INV-2026-001729,Prakash Stationery Mart,30ULVMZ1520T1Z4,2026-07-24,2026-09-07,2026-07-27,PO-2026-9138,Finance,M. Krishnan,email,INR,34392.34,18,6190.62,40582.96,45,4460,0.907,False,none,False,
INV-2024-001730,Jyothi Print & Design,23QCTTJ7703Z1Z3,2024-09-19,2024-11-18,2024-09-19,PO-2024-7055,Admin,T. Rao,scanned_mail,INR,429097.91,12,51491.75,480589.66,60,6025,0.961,False,none,False,
INV-2024-001731,Lotus Catering Services,31BEEJK7173O1Z0,2024-10-20,2024-11-04,2024-10-24,PO-2024-1977,IT,D'Souza,scanned_mail,EUR,138052.25,6,8283.14,146335.39,15,5435,0.91,False,none,False,
INV-2025-001732,Prakash Stationery Mart,06BCMJT7260U1Z4,2025-02-27,2025-03-14,2025-03-01,PO-2025-1019,Logistics,K. Reddy,edi_feed,USD,441215.13,0,0.0,441215.13,15,2031,0.942,False,none,False,
INV-2026-001733,Apex Manpower Agency,35GKPCV2053I1Z4,2026-09-03,2026-11-02,2026-09-03,PO-2026-7834,Facilities,N. Bhatt,email,USD,175775.38,6,10546.52,186321.9,60,5148,0.933,False,none,False,
INV-2026-001734,Orion Cloud Systems,33KAKIG3396O1Z3,2026-02-06,2026-04-07,2026-02-07,PO-2026-2208,Operations,N. Bhatt,vendor_portal,INR,7149.97,0,0.0,7149.97,60,1743,0.927,False,none,False,
INV-2024-001735,Sundaram Motors Spares,13EFQBJ9735R1Z2,2024-01-19,2024-03-19,2024-01-21,PO-2024-7859,Facilities,K. Reddy,scanned_mail,USD,276755.72,10,27675.57,304431.29,60,7434,0.958,False,none,False,
INV-2024-001736,Indus Valley Textiles,19KBSJL3059Q1Z0,2024-06-02,2024-06-17,2024-06-06,PO-2024-1411,Logistics,R. Menon,scanned_mail,INR,47987.52,18,8637.75,56625.27,15,4019,0.981,False,none,False,
INV-2025-001737,Aravind Steel Traders,14FXKOX3490K1Z1,2025-02-19,2025-04-20,2025-02-19,PO-2025-8403,Marketing,R. Menon,vendor_portal,INR,361643.0,12,43397.16,405040.16,60,0411,0.912,False,none,False,
INV-2025-001738,Lotus Catering Services,29RUQIQ1204Q1Z5,2025-03-26,2025-05-10,2025-03-31,PO-2025-6863,Procurement,N. Bhatt,email,INR,316355.44,5,15817.77,332173.21,45,7531,0.916,False,none,False,
INV-2024-001739,Nandi Hardware Co,30ZPPGO8891A1Z0,2024-10-31,2024-11-30,2024-11-02,PO-2024-4201,Operations,A. Iyer,email,INR,419613.75,28,117491.85,537105.6,30,8245,0.988,False,none,False,
INV-2026-001740,Tejas Security Services,17BDIOA1209R1Z7,2026-05-28,2026-07-27,2026-05-31,PO-2026-1717,Facilities,A. Iyer,edi_feed,INR,291013.84,0,0.0,291013.84,60,0361,0.913,False,none,False,
INV-2024-001741,Indus Valley Textiles,36DJJEQ0963N1Z5,2024-12-10,2025-01-24,2024-12-14,PO-2024-5942,IT,R. Menon,scanned_mail,INR,259182.99,5,12959.15,272142.14,45,0908,0.966,False,none,False,
INV-2024-001742,Udupi Fresh Foods,18RYALI9435K1Z4,2024-12-12,2025-01-11,2024-12-13,PO-2024-1510,Admin,M. Krishnan,scanned_mail,INR,61565.81,18,11081.85,72647.66,30,7586,0.984,False,none,False,
INV-2024-001743,Meridian Consulting Group,20HRMGY2298Y1Z0,2024-02-29,2024-03-30,2024-03-03,PO-2024-8472,Admin,D'Souza,email,INR,288142.99,18,51865.74,340008.73,30,6728,0.956,False,none,False,
INV-2025-001744,Ganga Freight Services,20FKHHJ0108G1Z9,2025-03-17,2025-04-01,2025-03-20,PO-2025-2860,Operations,P. Nair,vendor_portal,INR,230035.21,28,64409.86,294445.07,15,6596,0.91,False,none,False,
INV-2025-001745,Bright Path Cleaning Services,19TIPFA6390C1Z0,2025-06-25,2025-08-24,2025-06-28,PO-2025-1244,Logistics,R. Menon,scanned_mail,INR,477304.45,28,133645.25,610949.7,60,5671,0.936,False,none,False,
INV-2026-001746,Orion Cloud Systems,08SUGMS3728R1Z6,2026-03-06,2026-03-21,2026-03-10,PO-2026-6302,Legal,R. Menon,vendor_portal,INR,456824.41,28,127910.83,584735.24,15,7898,0.988,False,none,False,
INV-2026-001747,Aravind Steel Traders,19DBLEY9708E1Z6,2026-07-23,2026-08-07,2026-07-27,PO-2026-6684,Legal,N. Bhatt,email,USD,201265.99,6,12075.96,213341.95,15,8203,0.965,False,none,False,
INV-2024-001748,Tejas Security Services,03TELCV4155C1Z4,2024-12-28,2025-01-12,2025-01-01,PO-2024-9140,Admin,N. Bhatt,email,USD,2018.99,8,161.52,2180.51,15,4102,0.988,False,none,False,
INV-2026-001749,Global Freight Partners,21HFVMP3641T1Z9,2026-09-02,2026-10-02,2026-09-04,PO-2026-4251,Facilities,M. Krishnan,vendor_portal,INR,273217.12,28,76500.79,349717.91,30,9399,0.948,False,none,False,
INV-2024-001750,Kaveri Industrial Parts,11TGCYG9525C1Z3,2024-09-14,2024-10-29,2024-09-16,PO-2024-3953,Procurement,K. Reddy,scanned_mail,INR,457595.63,18,82367.21,539962.84,45,7425,0.951,False,none,False,
INV-2025-001751,Sundaram Motors Spares,29SGWJK5433K1Z3,2025-07-23,2025-08-07,2025-07-26,PO-2025-7853,Marketing,A. Iyer,edi_feed,INR,261611.5,12,31393.38,293004.88,15,3005,0.919,False,none,False,
INV-2025-001752,Lotus Catering Services,16CPHUW2153F1Z2,2025-06-21,2025-07-06,2025-06-22,PO-2025-2432,Legal,D'Souza,vendor_portal,INR,261309.95,18,47035.79,308345.74,15,0957,0.965,False,none,False,
INV-2025-001753,Ganga Freight Services,12EDUFO8739N1Z5,2025-10-16,2025-11-15,2025-10-16,PO-2025-5052,Procurement,P. Nair,scanned_mail,INR,296754.68,18,53415.84,350170.52,30,4261,0.952,False,none,False,
INV-2024-001754,Prakash Stationery Mart,30TMPFZ6428I1Z2,2024-10-26,2024-11-10,2024-10-29,PO-2024-6530,Procurement,V. Desai,email,INR,96299.22,12,11555.91,107855.13,15,6509,0.976,False,none,False,
INV-2024-001755,Yamuna Water Solutions,19BVZPG0583I1Z6,2024-11-13,2025-01-12,2024-11-18,PO-2024-1152,Logistics,R. Menon,vendor_portal,INR,166087.23,0,0.0,166087.23,60,7948,0.963,False,none,False,
INV-2025-001756,Global Freight Partners,31ZVGZM6166S1Z6,2025-12-12,2025-12-27,2025-12-13,PO-2025-3574,Admin,T. Rao,scanned_mail,INR,135168.3,0,0.0,135168.3,15,9884,0.971,False,none,False,
INV-2025-001757,Raagam Interiors,26AYZLE8197Z1Z3,2025-03-09,2025-05-08,2025-03-11,PO-2025-3881,HR,A. Iyer,scanned_mail,USD,275842.75,8,22067.42,382012.64,60,9118,0.96,False,altered_total,True,Total does not reconcile with subtotal + tax.
INV-2025-001758,Deccan Electricals,15RDSQS1098W1Z9,2025-05-06,2025-06-05,2025-05-10,PO-2025-1979,Procurement,R. Menon,email,INR,52397.5,12,6287.7,58685.2,30,4166,0.923,False,none,False,
INV-2024-001759,Lotus Catering Services,05ZNKWP3857S1Z0,2024-12-28,2025-02-11,2024-12-30,PO-2024-8285,Operations,V. Desai,email,INR,461372.25,0,0.0,461372.25,45,0743,0.988,False,none,False,
INV-2024-001760,Falcon IT Solutions,34UVMBB6383E1Z0,2024-12-23,2025-02-21,2024-12-27,PO-2023-9247,Operations,K. Reddy,vendor_portal,USD,98281.76,8,7862.54,106144.3,60,5445,0.903,False,mismatched_po,True,PO number does not correspond to an open purchase order.
INV-2026-001761,Trident Trading Co,00INVALID000,2026-06-22,2026-08-06,2026-06-26,PO-2026-3291,Facilities,M. Krishnan,scanned_mail,INR,207725.66,12,24927.08,232652.74,45,5685,0.807,False,ghost_vendor,True,Vendor has no prior transaction history; GSTIN fails format check.
INV-2026-001762,Ganga Freight Services,08GXMMW2802A1Z7,2026-01-20,2026-02-04,2026-01-21,PO-2026-9923,Marketing,K. Reddy,vendor_portal,INR,311880.33,18,56138.46,368018.79,15,6924,0.99,False,none,False,
INV-2025-001763,Nandi Hardware Co,25PEGVD8680E1Z3,2025-08-22,2025-10-21,2025-08-23,PO-2025-6492,Marketing,T. Rao,edi_feed,INR,44292.44,28,12401.88,56694.32,60,6870,0.955,False,none,False,
INV-2025-001764,Jyothi Print & Design,32XTTQK4316V1Z0,2025-06-08,2025-06-23,2025-06-11,PO-2025-8722,Finance,K. Reddy,edi_feed,INR,320038.18,0,0.0,320038.18,15,1586,0.989,False,none,False,
INV-2025-001765,Bluewave Logistics Pvt Ltd,06OGCAA6464G1Z3,2025-08-24,2025-09-08,2025-08-26,PO-2025-5334,Operations,R. Menon,scanned_mail,USD,83330.15,10,8333.01,91663.16,15,9377,0.931,False,none,False,
INV-2024-001766,Coastal Cargo Movers,32RLSNH4306Y1Z1,2024-02-04,2024-03-05,2024-02-04,PO-2024-7708,Finance,M. Krishnan,email,INR,201837.93,5,10091.9,211929.83,30,4586,0.953,False,none,False,
INV-2025-001767,Falcon IT Solutions,17IVZHD8657E1Z2,2025-11-23,2026-01-07,2025-11-26,PO-2025-4783,IT,R. Menon,scanned_mail,INR,434452.05,0,0.0,434452.05,45,8587,0.96,False,none,False,
INV-2026-001768,Trident Trading Co,12ABCDE,2026-06-01,2026-07-31,2026-06-02,PO-2026-3945,Marketing,R. Menon,vendor_portal,EUR,199389.22,8,15951.14,215340.36,60,2910,0.829,False,ghost_vendor,True,Vendor has no prior transaction history; GSTIN fails format check.
INV-2025-001769,Vishwa Engineering Works,26FJWKE9351H1Z7,2025-12-04,2026-02-02,2025-12-06,PO-2025-6181,HR,N. Bhatt,email,INR,10442.05,28,2923.77,13365.82,60,7562,0.963,False,none,False,
INV-2025-001770,Everest Packaging Co,04NURNB0997E1Z2,2025-05-09,2025-07-08,2025-05-13,PO-2025-8510,IT,V. Desai,edi_feed,INR,344395.72,28,96430.8,440826.52,60,7060,0.904,False,none,False,
INV-2024-001771,Indus Valley Textiles,20ENUYE2703T1Z8,2024-05-25,2024-07-24,2024-05-28,PO-2024-9844,HR,A. Iyer,email,INR,70571.42,28,19760.0,90331.42,60,7536,0.929,False,none,False,
INV-2025-001772,Vishwa Engineering Works,14HSDZL1103F1Z5,2025-03-26,2025-04-10,2025-03-27,PO-2025-1073,Finance,S. Kulkarni,email,INR,284681.87,5,14234.09,298915.96,15,2150,0.95,False,none,False,
INV-2024-001773,Meridian Consulting Group,02JKNFF6142H1Z0,2024-10-04,2024-12-03,2024-10-08,PO-2024-5465,Legal,M. Krishnan,edi_feed,INR,82535.6,28,23109.97,105645.57,60,4339,0.977,False,none,False,
INV-2024-001774,Yamuna Water Solutions,32HNHRN4178S1Z4,2024-01-29,2024-03-29,2024-02-03,PO-2024-6825,HR,R. Menon,vendor_portal,USD,217418.34,0,0.0,217418.34,60,7560,0.919,False,none,False,
INV-2025-001775,Prakash Stationery Mart,13UJIUT8629L1Z3,2025-01-06,2025-03-07,2025-01-11,PO-2025-7012,Finance,S. Kulkarni,scanned_mail,INR,232437.26,18,41838.71,274275.97,60,8601,0.916,False,none,False,
INV-2024-001776,Northgate Print Hub,35ATDCB9799T1Z3,2024-05-12,2024-06-26,2024-05-17,PO-2024-2740,Legal,A. Iyer,edi_feed,USD,468064.33,8,37445.15,505509.48,45,9236,0.9,False,none,False,
INV-2026-001777,Everest Packaging Co,25CNXWG4248J1Z1,2026-05-22,2026-07-21,2026-05-24,PO-2026-3624,IT,N. Bhatt,edi_feed,INR,351070.39,0,0.0,351070.39,60,3919,0.963,False,none,False,
INV-2025-001778,Tejas Security Services,36FCUSM8191K1Z7,2025-02-26,2025-03-13,2025-03-03,PO-2025-2859,Logistics,T. Rao,edi_feed,INR,262987.63,28,73636.54,336624.17,15,3103,0.973,False,none,False,
INV-2026-001779,Apex Manpower Agency,37WKIPM8181Q1Z5,2026-06-22,2026-08-06,2026-06-22,PO-2026-9490,IT,T. Rao,email,INR,156963.95,12,18835.67,175799.62,45,1956,0.988,False,none,False,
INV-2024-001780,Bright Path Cleaning Services,37QRJZE3650Q1Z1,2024-12-31,2025-01-30,2025-01-02,PO-2024-6364,Logistics,T. Rao,edi_feed,INR,365795.61,12,43895.47,409691.08,30,2204,0.914,False,none,False,
INV-2026-001781,Quantum Networks Pvt Ltd,06MFZGY7599V1Z5,2026-04-09,2026-06-08,2026-04-11,PO-2026-6775,Legal,N. Bhatt,edi_feed,INR,415824.81,12,49898.98,465723.79,60,7991,0.955,False,none,False,
INV-2026-001782,Lotus Catering Services,29MSHWW8243S1Z7,2026-04-18,2026-05-03,2026-04-23,PO-2026-1131,Logistics,S. Kulkarni,vendor_portal,USD,457505.41,6,27450.32,484955.73,15,6539,0.93,False,none,False,
INV-2026-001783,Udupi Fresh Foods,37CGCWM5073N1Z9,2026-04-01,2026-05-01,2026-04-01,PO-2026-7455,Finance,A. Iyer,vendor_portal,INR,427975.78,12,51357.09,479332.87,30,1001,0.956,False,none,False,
INV-2025-001784,Bluewave Logistics Pvt Ltd,08FWMWC7140G1Z9,2025-06-11,2025-07-11,2025-06-12,PO-2025-8711,IT,T. Rao,edi_feed,EUR,45454.55,10,4545.45,50000.0,30,0720,0.901,False,round_number_amount,True,Total is an unusually round figure for this line of business.
INV-2025-001785,Lotus Catering Services,31MCMGG4158S1Z4,2025-11-09,2026-01-08,2025-11-13,PO-2025-5683,Admin,R. Menon,edi_feed,USD,479015.33,6,28740.92,507756.25,60,9553,0.917,False,none,False,
INV-2025-001786,Deccan Electricals,33BUOIE4020P1Z5,2025-03-14,2025-03-29,2025-03-17,PO-2025-3076,Logistics,T. Rao,vendor_portal,EUR,359862.95,10,35986.29,395849.24,15,7121,0.968,False,none,False,
INV-2026-001787,Udupi Fresh Foods,25ZOZRH8788T1Z7,2026-03-22,2026-04-06,2026-03-25,PO-2026-2009,Facilities,K. Reddy,email,INR,185066.03,5,9253.3,194319.33,15,0178,0.97,False,none,False,
INV-2025-001788,Yamuna Water Solutions,30SJDQG8748M1Z4,2025-07-11,2025-08-25,2025-07-13,PO-2025-7290,Legal,P. Nair,edi_feed,INR,38810.3,28,10866.88,49677.18,45,1106,0.983,False,split_invoice,True,"Amount sits just under the approval threshold, alongside a same-day sibling invoice."
INV-2026-001789,Wingspan Travel Corp,25SQVGL2051H1Z5,2026-04-21,2026-06-20,2026-04-24,PO-2026-3719,Facilities,M. Krishnan,vendor_portal,INR,299524.13,18,53914.34,353438.47,60,9889,0.928,False,none,False,
INV-2025-001790,Bluewave Logistics Pvt Ltd,16UXBFN1563N1Z0,2025-11-20,2026-01-19,2025-11-22,PO-2025-9560,Operations,P. Nair,email,INR,175416.65,5,8770.83,184187.48,60,3659,0.917,False,none,False,
INV-2026-001791,Nandi Hardware Co,10ZZSNG7922N1Z5,2026-08-31,2026-10-15,2026-09-03,PO-2026-7274,HR,A. Iyer,email,INR,243245.01,0,0.0,243245.01,45,3994,0.93,False,none,False,
INV-2024-001792,Deccan Electricals,09GWHWR6546L1Z0,2024-05-19,2024-06-03,2024-05-22,PO-2024-5337,Logistics,S. Kulkarni,email,INR,106396.99,5,5319.85,111716.84,15,5714,0.93,False,none,False,
INV-2025-001793,Orion Cloud Systems,36ACTHQ1848Y1Z8,2025-11-12,2025-12-12,2025-11-12,PO-2025-5818,Logistics,K. Reddy,scanned_mail,INR,472886.28,12,56746.35,529632.63,30,0323,0.966,True,duplicate_invoice,True,Same vendor/amount seen on a prior invoice within 10 days.
INV-2024-001794,Udupi Fresh Foods,27TAYBJ8217S1Z8,2024-08-27,2024-09-11,2024-08-31,PO-2024-4868,IT,R. Menon,vendor_portal,EUR,17670.87,10,1767.09,19437.96,15,0835,0.972,False,none,False,
INV-2024-001795,Jyothi Print & Design,14VLTMV5490Z1Z1,2024-02-25,2024-04-10,2024-02-28,PO-2024-7298,Legal,R. Menon,edi_feed,USD,252503.68,6,15150.22,267653.9,45,6880,0.95,False,none,False,
INV-2024-001796,Tejas Security Services,30FPSBD4941L1Z0,2024-03-20,2024-04-04,2024-03-24,PO-2024-1584,IT,N. Bhatt,scanned_mail,INR,460703.89,18,82926.7,543630.59,15,8747,0.938,False,none,False,
INV-2024-001797,Vishwa Engineering Works,30YGUFL5623H1Z5,2024-02-21,2024-04-21,2024-02-26,PO-2024-4006,Operations,V. Desai,vendor_portal,INR,431430.03,5,21571.5,453001.53,60,5374,0.966,False,none,False,
INV-2024-001798,Everest Packaging Co,20AJCMX9250H1Z7,2024-11-29,2025-01-28,2024-12-03,PO-2024-3003,Marketing,M. Krishnan,scanned_mail,INR,197396.99,28,55271.16,252668.15,60,8390,0.93,False,none,False,
INV-2024-001799,Global Freight Partners,19LZKVI6198O1Z8,2024-11-03,2024-11-18,2024-11-06,PO-2024-1692,Legal,V. Desai,email,INR,458793.86,0,0.0,458793.86,15,1958,0.926,False,none,False,
INV-2026-001800,Falcon IT Solutions,29BTMZJ7541E1Z8,2026-05-06,2026-06-20,2026-05-09,PO-2026-8357,Legal,D'Souza,edi_feed,INR,422420.05,12,50690.41,473110.46,45,4246,0.908,False,none,False,
INV-2026-001801,Yamuna Water Solutions,21NRIEF2211T1Z2,2026-01-25,2026-03-26,2026-01-27,PO-2026-6539,Operations,P. Nair,edi_feed,INR,211043.41,0,0.0,211043.41,60,8740,0.96,False,none,False,
INV-2025-001802,Vishwa Engineering Works,16UWQBZ0256C1Z4,2025-11-13,2025-12-13,2025-11-15,PO-2025-9961,Finance,P. Nair,email,INR,183381.52,28,51346.83,295553.71,30,1009,0.927,False,altered_total,True,Total does not reconcile with subtotal + tax.
INV-2026-001803,Yamuna Water Solutions,27ULGTK5673G1Z4,2026-07-29,2026-08-28,2026-08-02,PO-2026-2943,Admin,N. Bhatt,email,INR,78142.4,18,14065.63,92208.03,30,7130,0.969,False,none,False,
INV-2026-001804,Tejas Security Services,29PMNGQ2428H1Z2,2026-05-07,2026-07-06,2026-05-07,PO-2026-8128,IT,T. Rao,scanned_mail,INR,465618.11,28,130373.07,595991.18,60,1708,0.981,False,none,False,
INV-2024-001805,Kaveri Industrial Parts,08NSCBQ9385H1Z7,2024-05-22,2024-07-21,2024-05-23,PO-2024-6293,Procurement,T. Rao,scanned_mail,INR,116195.32,5,5809.77,122005.09,60,5684,0.994,False,none,False,
INV-2025-001806,Jyothi Print & Design,19VYQVG0150H1Z9,2025-03-16,2025-03-31,2025-03-16,PO-2025-3758,Finance,V. Desai,scanned_mail,INR,389764.54,18,70157.62,459922.16,15,9079,0.942,False,none,False,
INV-2024-001807,Zenith Office Furnishings,02UZOCN2411S1Z5,2024-04-25,2024-05-25,2024-04-27,PO-2026-5670,Finance,A. Iyer,scanned_mail,INR,432342.14,5,21617.11,453959.25,30,0610,0.976,True,duplicate_invoice,True,Same vendor/amount seen on a prior invoice within 10 days.
INV-2025-001808,Bright Path Cleaning Services,35ECJOO9760M1Z5,2025-06-14,2025-07-29,2025-06-18,PO-2025-8334,Logistics,D'Souza,edi_feed,INR,33617.44,5,1680.87,35298.31,45,5972,0.923,False,none,False,
INV-2025-001809,Horizon Facilities Mgmt,06FAZUV8820E1Z5,2025-06-05,2025-07-20,2025-06-09,PO-2025-8352,Logistics,K. Reddy,scanned_mail,INR,402515.22,0,0.0,402515.22,45,8967,0.989,False,none,False,
INV-2025-001810,Indus Valley Textiles,10MVTDF1867C1Z1,2025-09-18,2025-11-02,2025-09-19,PO-2025-5218,Admin,P. Nair,email,INR,442480.5,18,79646.49,522126.99,45,5949,0.901,False,none,False,
INV-2025-001811,Tejas Security Services,20DPIUU0118E1Z1,2025-06-04,2025-07-19,2025-06-09,PO-2025-3164,Logistics,D'Souza,edi_feed,INR,173528.8,28,48588.06,222116.86,45,6937,0.989,False,none,False,
INV-2025-001812,Wingspan Travel Corp,10XFZZW6730H1Z5,2025-05-16,2025-05-31,2025-05-21,PO-2025-7640,IT,M. Krishnan,scanned_mail,INR,81585.18,12,9790.22,91375.4,15,3419,0.948,False,none,False,
INV-2025-001813,Aravind Steel Traders,19HSXSX5520H1Z2,2025-01-28,2025-03-14,2025-01-31,PO-2025-9177,Logistics,V. Desai,vendor_portal,INR,63559.32,18,11440.68,75000.0,45,8324,0.93,False,round_number_amount,True,Total is an unusually round figure for this line of business.
INV-2025-001814,Raagam Interiors,34KOOEV6025H1Z5,2025-06-14,2025-08-13,2025-06-19,PO-2025-9882,Facilities,R. Menon,email,INR,48452.91,0,0.0,48452.91,60,5896,0.939,False,none,False,
INV-2024-001815,Zenith Office Furnishings,23NKRVB1781E1Z5,2024-11-08,2024-12-23,2024-11-11,PO-2024-5271,Procurement,T. Rao,edi_feed,INR,442086.73,28,123784.28,565871.01,45,5127,0.927,False,none,False,
INV-2024-001816,Indus Valley Textiles,07RWOFC9771R1Z6,2024-01-16,2024-01-31,2024-01-17,PO-2024-1393,Legal,N. Bhatt,scanned_mail,INR,97177.0,5,4858.85,102035.85,15,9783,0.911,False,none,False,
INV-2026-001817,Horizon Facilities Mgmt,02IAHUA3627L1Z6,2026-05-28,2026-06-12,2026-05-28,PO-2026-4158,Finance,M. Krishnan,scanned_mail,INR,151132.6,0,0.0,151132.6,15,2790,0.931,False,none,False,
INV-2025-001818,Meridian Consulting Group,14NDDWU8208Q1Z6,2025-09-08,2025-10-08,2025-09-12,PO-2025-6919,Legal,P. Nair,vendor_portal,USD,185733.75,8,14858.7,200592.45,30,4400,0.958,False,none,False,
INV-2024-001819,Vishwa Engineering Works,20MIPTG6255X1Z3,2024-05-03,2024-06-02,2024-05-08,PO-2024-4693,Logistics,D'Souza,scanned_mail,INR,193909.51,0,0.0,193909.51,30,0440,0.955,False,none,False,
INV-2024-001820,Chola Office Supplies,19WEZCB7632Y1Z6,2024-10-25,2024-11-24,2024-10-26,PO-2024-5444,Procurement,N. Bhatt,email,INR,285810.57,5,14290.53,300101.1,30,7965,0.914,False,none,False,
INV-2024-001821,Wingspan Travel Corp,28PGLJB7969X1Z1,2024-06-13,2024-07-28,2024-06-13,PO-2024-1377,Marketing,P. Nair,scanned_mail,INR,74327.42,28,20811.68,95139.1,45,0378,0.978,False,none,False,
INV-2025-001822,Aravind Steel Traders,06NOGQX5306I1Z1,2025-12-20,2026-01-19,2025-12-21,PO-2025-4277,HR,S. Kulkarni,email,INR,165426.48,0,0.0,165426.48,30,7702,0.95,False,none,False,
INV-2024-001823,Deccan Electricals,25CZHKP9447L1Z2,2024-11-26,2025-01-10,2024-11-27,PO-2024-5591,Finance,P. Nair,email,INR,80642.46,5,4032.12,84674.58,45,7468,0.929,False,none,False,
INV-2025-001824,Udupi Fresh Foods,28XGQCT5545G1Z3,2025-06-16,2025-07-31,2025-06-19,PO-2025-1744,Finance,N. Bhatt,vendor_portal,USD,133024.71,6,7981.48,141006.19,45,9375,0.969,False,none,False,
INV-2026-001825,Indus Valley Textiles,15ACJVA8627X1Z6,2026-02-22,2026-04-23,2026-02-24,PO-2026-5356,Finance,P. Nair,vendor_portal,INR,409398.99,12,49127.88,458526.87,60,5065,0.912,False,none,False,
INV-2026-001826,Raagam Interiors,24TRHVR3825M1Z0,2026-01-24,2026-02-23,2026-01-28,PO-2026-3201,Finance,R. Menon,vendor_portal,INR,63657.74,18,11458.39,75116.13,30,1290,0.973,False,none,False,
INV-2024-001827,Indus Valley Textiles,29BHYWH2213Y1Z6,2024-09-05,2024-10-20,2024-09-06,PO-2024-3890,Procurement,M. Krishnan,email,INR,63119.04,5,3155.95,66274.99,45,0902,0.955,False,none,False,
INV-2025-001828,Yamuna Water Solutions,18HDWTI0654C1Z0,2025-12-12,2025-12-27,2025-12-17,PO-2025-8438,Procurement,T. Rao,email,INR,137527.93,0,0.0,137527.93,15,8603,0.945,False,none,False,
INV-2024-001829,Ganga Freight Services,36WXQSV3938W1Z4,2024-11-23,2025-01-07,2024-11-28,PO-2024-6532,Procurement,K. Reddy,vendor_portal,USD,121342.25,8,9707.38,131049.63,45,6944,0.9,False,none,False,
INV-2024-001830,Ganga Freight Services,29UOHAY4273Z1Z9,2024-04-16,2024-05-31,2024-04-16,PO-2024-6437,IT,A. Iyer,edi_feed,USD,178913.33,10,17891.33,196804.66,45,4754,0.965,False,none,False,
INV-2026-001831,Global Freight Partners,26KLLHT1115I1Z3,2026-06-06,2026-07-21,2026-06-09,PO-2026-9768,Legal,K. Reddy,edi_feed,INR,100942.86,5,5047.14,105990.0,45,3814,0.968,False,none,False,
INV-2026-001832,Quantum Networks Pvt Ltd,12AGHIF1242G1Z1,2026-01-10,2026-02-24,2026-01-15,PO-2026-3078,Finance,N. Bhatt,email,INR,343502.78,12,41220.33,384723.11,45,8299,0.95,False,none,False,
INV-2024-001833,Quantum Networks Pvt Ltd,17LJJDO0730L1Z7,2024-12-04,2025-02-02,2024-12-07,PO-2024-9741,IT,N. Bhatt,edi_feed,INR,16735.76,0,0.0,16735.76,60,5266,0.925,False,none,False,
INV-2025-001834,Jyothi Print & Design,35VFSLM6654U1Z1,2025-09-23,2025-11-07,2025-09-23,PO-2025-9794,Procurement,S. Kulkarni,email,INR,445346.0,28,124696.88,570042.88,45,0947,0.941,False,none,False,
INV-2025-001835,Meridian Consulting Group,21UMSQQ4939T1Z1,2025-10-18,2025-11-02,2025-10-18,PO-2025-8653,Logistics,A. Iyer,scanned_mail,USD,468095.65,8,37447.65,505543.3,15,0902,0.939,False,none,False,
INV-2024-001836,Falcon IT Solutions,03YASVW4917W1Z7,2024-03-04,2024-03-19,2024-03-08,PO-2024-8148,Logistics,S. Kulkarni,edi_feed,INR,332661.97,12,39919.44,372581.41,15,9330,0.906,False,none,False,
INV-2026-001837,Sundaram Motors Spares,29YPXJZ3495A1Z9,2026-01-11,2026-03-12,2026-01-15,PO-2026-9587,Logistics,T. Rao,email,INR,195655.45,12,23478.65,219134.1,60,8403,0.936,False,none,False,
INV-2026-001838,Udupi Fresh Foods,20JUAPZ8307U1Z3,2026-01-04,2026-01-19,2026-01-05,PO-2026-2701,Marketing,R. Menon,scanned_mail,INR,420447.69,28,117725.35,538173.04,15,3820,0.965,False,none,False,
INV-2024-001839,Udupi Fresh Foods,33NIBIT5920N1Z2,2024-05-25,2024-06-24,2024-05-27,PO-2024-1313,Admin,A. Iyer,edi_feed,INR,440013.52,12,52801.62,492815.14,30,9318,0.94,False,none,False,
INV-2026-001840,Global Freight Partners,29FPRML4706O1Z3,2026-08-06,2026-08-21,2026-08-11,PO-2026-4300,Finance,D'Souza,edi_feed,INR,416498.82,0,0.0,416498.82,15,1958,0.953,False,none,False,
INV-2024-001841,Jyothi Print & Design,25KWMDW3779A1Z0,2024-12-29,2025-02-27,2024-12-31,PO-2024-1596,Facilities,N. Bhatt,edi_feed,INR,277929.01,28,77820.12,355749.13,60,8462,0.962,False,none,False,
INV-2024-001842,Ganga Freight Services,37EBBFW5670V1Z8,2024-03-24,2024-04-08,2024-03-29,PO-2024-2881,Finance,A. Iyer,scanned_mail,INR,373521.73,5,18676.09,392197.82,15,4363,0.953,False,none,False,
INV-2025-001843,Yamuna Water Solutions,23VIOBD7301C1Z1,2025-05-26,2025-07-25,2025-05-26,PO-2025-9598,IT,S. Kulkarni,vendor_portal,INR,4915.23,12,589.83,5505.06,60,8348,0.92,False,none,False,
INV-2025-001844,Horizon Facilities Mgmt,18RXDDA4402E1Z4,2025-01-21,2025-02-05,2025-01-24,PO-2025-8901,Legal,T. Rao,edi_feed,INR,169808.31,28,47546.33,276867.6,15,9357,0.975,False,altered_total,True,Total does not reconcile with subtotal + tax.
INV-2024-001845,Meridian Consulting Group,37TKDNR1404X1Z8,2024-03-07,2024-04-21,2024-03-11,PO-2024-7636,Facilities,N. Bhatt,email,INR,372685.16,12,44722.22,417407.38,45,6029,0.906,False,none,False,
INV-2026-001846,Wingspan Travel Corp,03PUWUR8305W1Z8,2026-01-16,2026-01-31,2026-01-21,PO-2026-8571,Legal,S. Kulkarni,email,INR,434766.24,28,121734.55,556500.79,15,4535,0.978,False,none,False,
INV-2026-001847,Aravind Steel Traders,14RRQMX8476Q1Z8,2026-09-01,2026-10-31,2026-09-04,PO-2026-9822,Marketing,K. Reddy,scanned_mail,USD,368157.12,8,29452.57,397609.69,60,9850,0.921,False,none,False,
INV-2025-001848,Chola Office Supplies,37SYPVK3725R1Z6,2025-12-24,2026-01-23,2025-12-25,PO-2025-4848,Admin,R. Menon,vendor_portal,USD,108259.39,8,8660.75,116920.14,30,4206,0.942,False,none,False,
INV-2025-001849,Kaveri Industrial Parts,35NDUWS2777E1Z6,2025-02-05,2025-02-20,2025-02-10,PO-2025-1050,IT,V. Desai,edi_feed,INR,268429.66,18,48317.34,316747.0,15,9666,0.958,False,none,False,
INV-2026-001850,Wingspan Travel Corp,24OJVGK5635H1Z4,2026-01-31,2026-04-01,2026-02-01,PO-2026-2972,Admin,R. Menon,email,INR,221469.28,18,39864.47,261333.75,60,2698,0.975,False,none,False,
INV-2024-001851,Coastal Cargo Movers,24ZBHUE4837Y1Z5,2024-08-25,2024-09-24,2024-08-25,PO-2025-9710,Finance,R. Menon,scanned_mail,INR,284912.22,0,0.0,284912.22,30,5104,0.931,True,duplicate_invoice,True,Same vendor/amount seen on a prior invoice within 10 days.
INV-2024-001852,Horizon Facilities Mgmt,03FUWOW9407Z1Z6,2024-07-19,2024-08-18,2024-07-21,PO-2024-7727,Facilities,A. Iyer,email,INR,329877.35,5,16493.87,346371.22,30,0222,0.994,False,none,False,
INV-2024-001853,Quantum Networks Pvt Ltd,05LRVJM8365S1Z4,2024-10-03,2024-11-17,2024-10-06,PO-2024-9306,Legal,N. Bhatt,scanned_mail,INR,241825.22,0,0.0,241825.22,45,9722,0.915,False,none,False,
INV-2025-001854,Orion Cloud Systems,05LYMZA7789W1Z1,2025-09-14,2025-10-14,2025-09-18,PO-2025-4361,Finance,R. Menon,edi_feed,INR,36501.1,18,6570.2,43071.3,30,5941,0.904,False,none,False,
INV-2025-001855,Chola Office Supplies,03MGTAX7785E1Z3,2025-12-27,2026-01-26,2026-01-01,PO-2025-2546,Admin,M. Krishnan,scanned_mail,USD,164288.3,8,13143.06,177431.36,30,8744,0.945,False,none,False,
INV-2024-001856,Nandi Hardware Co,36MIAOH1839L1Z8,2024-08-26,2024-10-10,2024-08-27,PO-2024-7165,Legal,M. Krishnan,edi_feed,INR,309187.3,12,37102.48,346289.78,45,2053,0.915,False,none,False,
INV-2025-001857,Everest Packaging Co,20AXRAD9434H1Z7,2025-08-31,2025-09-30,2025-09-01,PO-2025-1992,HR,K. Reddy,email,INR,216459.58,18,38962.72,255422.3,30,8148,0.929,False,none,False,
INV-2024-001858,Nandi Hardware Co,15TEXAD7361F1Z2,2024-02-25,2024-03-26,2024-02-27,PO-2024-3925,Logistics,M. Krishnan,scanned_mail,INR,47382.09,5,2369.1,49751.19,30,4528,0.925,False,split_invoice,True,"Amount sits just under the approval threshold, alongside a same-day sibling invoice."
INV-2025-001859,Jyothi Print & Design,23RMBVV1029G1Z6,2025-03-04,2025-04-03,2025-03-05,PO-2025-1970,Admin,V. Desai,vendor_portal,INR,401401.54,18,72252.28,473653.82,30,5984,0.913,False,none,False,
INV-2024-001860,Orion Cloud Systems,35PUHKY1041F1Z5,2024-05-16,2024-07-15,2024-05-21,PO-2024-1435,HR,K. Reddy,scanned_mail,INR,64364.64,28,18022.1,82386.74,60,6124,0.94,False,none,False,
INV-2026-001861,Everest Packaging Co,05AXMND5199V1Z3,2026-06-18,2026-08-02,2026-06-18,PO-2026-7016,Logistics,V. Desai,edi_feed,INR,104958.74,12,12595.05,117553.79,45,8125,0.941,False,none,False,
INV-2025-001862,Chola Office Supplies,28PHDDT3937I1Z1,2025-05-07,2025-07-06,2025-05-08,PO-2025-9124,Finance,S. Kulkarni,vendor_portal,EUR,453290.06,8,36263.2,489553.26,60,7731,0.911,False,none,False,
INV-2024-001863,Jyothi Print & Design,29FMDXU5765F1Z3,2024-09-24,2024-11-08,2024-09-25,PO-2024-8601,Finance,S. Kulkarni,email,INR,347220.85,18,62499.75,409720.6,45,9200,0.971,False,none,False,
INV-2024-001864,Everest Packaging Co,08YXSVR6225D1Z7,2024-09-11,2024-10-26,2024-09-13,PO-2024-2210,Facilities,M. Krishnan,edi_feed,INR,445740.17,28,124807.25,570547.42,45,8932,0.98,False,none,False,
INV-2024-001865,Jyothi Print & Design,24YDDAE6371G1Z5,2024-03-06,2024-04-05,2024-03-10,PO-2024-6650,Finance,T. Rao,scanned_mail,INR,351912.42,18,63344.24,415256.66,30,9539,0.932,False,none,False,
INV-2025-001866,Kaveri Industrial Parts,09GDBVD8555U1Z5,2025-01-25,2025-03-26,2025-01-30,PO-2025-1005,Legal,K. Reddy,vendor_portal,INR,469991.1,18,84598.4,554589.5,60,3969,0.914,False,none,False,
INV-2024-001867,Kaveri Industrial Parts,37NCRVL0738N1Z9,2024-10-12,2024-10-27,2024-10-16,PO-2024-3495,Admin,D'Souza,email,INR,78125.0,28,21875.0,100000.0,15,6636,0.977,False,round_number_amount,True,Total is an unusually round figure for this line of business.
INV-2026-001868,Chola Office Supplies,06AVKUY5665A1Z0,2026-08-23,2026-10-22,2026-08-24,PO-2026-3407,Finance,R. Menon,edi_feed,INR,82153.06,12,9858.37,92011.43,60,4979,0.905,False,none,False,
INV-2025-001869,Nandi Hardware Co,22XOBHQ9613I1Z5,2025-11-13,2025-12-28,2025-11-15,PO-2025-1189,Admin,M. Krishnan,scanned_mail,INR,118293.62,28,33122.21,151415.83,45,1236,0.974,False,none,False,
INV-2025-001870,Vishwa Engineering Works,06YJXLR4642P1Z6,2025-07-14,2025-08-13,2025-07-15,PO-2026-9846,Operations,M. Krishnan,scanned_mail,USD,220220.74,0,0.0,220220.74,30,8648,0.951,True,duplicate_invoice,True,Same vendor/amount seen on a prior invoice within 10 days.
INV-2026-001871,Horizon Facilities Mgmt,33IJPJH5199S1Z7,2026-05-17,2026-07-16,2026-05-20,PO-2026-6610,Logistics,R. Menon,edi_feed,USD,369649.44,6,22178.97,391828.41,60,2953,0.909,False,none,False,
INV-2025-001872,Deccan Electricals,18THXWH0040S1Z6,2025-09-24,2025-10-24,2025-09-27,PO-2025-7410,Operations,D'Souza,scanned_mail,INR,309183.29,18,55652.99,364836.28,30,8801,0.988,False,none,False,
INV-2024-001873,Lotus Catering Services,33OUHCN7633F1Z3,2024-09-13,2024-09-28,2024-09-17,PO-2024-4622,IT,A. Iyer,scanned_mail,INR,452091.4,0,0.0,452091.4,15,0209,0.976,False,none,False,
INV-2024-001874,Orion Cloud Systems,06SWLJY2393K1Z4,2024-01-21,2024-02-20,2024-01-23,PO-2024-1880,Operations,M. Krishnan,vendor_portal,INR,440894.38,5,22044.72,462939.1,30,5297,0.993,False,none,False,
INV-2024-001875,Tejas Security Services,32GOQPW0775F1Z0,2024-11-11,2024-12-11,2024-11-15,PO-2024-5717,Operations,S. Kulkarni,edi_feed,INR,185758.76,5,9287.94,242953.01,30,6369,0.983,False,altered_total,True,Total does not reconcile with subtotal + tax.
INV-2024-001876,Apex Manpower Agency,12YQXWQ4905C1Z3,2024-10-07,2024-11-06,2024-10-07,PO-2024-7787,Finance,M. Krishnan,email,INR,392094.49,5,19604.72,411699.21,30,8065,0.912,False,none,False,
INV-2026-001877,Raagam Interiors,36BIEIM7176G1Z9,2026-02-06,2026-04-07,2026-02-06,PO-2026-7626,Finance,A. Iyer,scanned_mail,USD,375271.75,8,30021.74,405293.49,60,8987,0.994,False,none,False,
INV-2024-001878,Udupi Fresh Foods,19LZKHN8435F1Z6,2024-06-23,2024-07-23,2024-06-24,PO-2024-3683,Facilities,A. Iyer,vendor_portal,INR,357038.11,5,17851.91,374890.02,30,0941,0.906,False,none,False,
INV-2025-001879,Udupi Fresh Foods,28QMZZA9295A1Z6,2025-11-13,2025-11-28,2025-11-17,PO-2025-9585,Finance,M. Krishnan,scanned_mail,USD,351399.52,10,35139.95,386539.47,15,0737,0.945,False,none,False,
INV-2025-001880,Raagam Interiors,01MGGRS8433K1Z4,2025-09-25,2025-10-25,2025-09-26,PO-2025-5003,Logistics,N. Bhatt,vendor_portal,EUR,318867.36,0,0.0,318867.36,30,1718,0.935,False,none,False,
INV-2024-001881,Northgate Print Hub,36BBYLQ7070Z1Z0,2024-05-06,2024-06-20,2024-05-09,PO-2024-9669,IT,S. Kulkarni,scanned_mail,INR,298285.03,18,53691.31,351976.34,45,1013,0.921,False,none,False,
INV-2024-001882,Jyothi Print & Design,27YEZTS9807I1Z8,2024-06-04,2024-07-04,2024-06-07,PO-2024-2116,Procurement,R. Menon,edi_feed,USD,47169.81,6,2830.19,50000.0,30,5287,0.971,False,round_number_amount,True,Total is an unusually round figure for this line of business.
INV-2025-001883,Zenith Office Furnishings,09AKGHI5714L1Z2,2025-10-18,2025-11-17,2025-10-21,PO-2025-4160,Procurement,R. Menon,email,INR,318454.97,12,38214.6,356669.57,30,4823,0.913,False,none,False,
INV-2024-001884,Zenith Office Furnishings,35MYEHU1154K1Z1,2024-11-22,2025-01-21,2024-11-22,PO-2024-7037,Finance,K. Reddy,scanned_mail,INR,333166.62,0,0.0,333166.62,60,9851,0.923,False,none,False,
INV-2025-001885,Orion Cloud Systems,27KBTSK6334H1Z8,2025-03-17,2025-05-01,2025-03-21,PO-2025-5112,Operations,M. Krishnan,email,INR,403833.86,5,20191.69,424025.55,45,5694,0.994,False,none,False,
INV-2025-001886,Vishwa Engineering Works,17HPIJP2946Z1Z7,2025-08-25,2025-10-24,2025-08-25,PO-2025-9775,Facilities,K. Reddy,edi_feed,INR,392340.09,28,109855.23,502195.32,60,9844,0.913,False,none,False,
INV-2025-001887,Indus Valley Textiles,02HMUTQ5962P1Z9,2025-12-04,2025-12-19,2025-12-09,PO-2025-1912,HR,A. Iyer,email,INR,187936.75,5,9396.84,197333.59,15,5170,0.903,False,none,False,
INV-2025-001888,Zenith Office Furnishings,32YEQAY4647U1Z4,2025-06-25,2025-07-25,2025-06-28,PO-2025-1542,Legal,A. Iyer,vendor_portal,INR,52594.67,18,9467.04,62061.71,30,6486,0.934,False,none,False,
INV-2024-001889,Indus Valley Textiles,25MOOSK7434V1Z7,2024-12-03,2024-12-18,2024-12-08,PO-2024-2205,IT,D'Souza,scanned_mail,USD,205069.71,6,12304.18,217373.89,15,3067,0.965,False,none,False,
INV-2025-001890,Indus Valley Textiles,37DNTJJ5911R1Z3,2025-11-12,2025-12-27,2025-11-12,PO-2025-4473,Facilities,K. Reddy,edi_feed,INR,137843.53,12,16541.22,154384.75,45,2730,0.958,False,none,False,
INV-2025-001891,Global Freight Partners,25HISNX1677X1Z0,2025-10-17,2025-11-16,2025-10-21,PO-2025-8715,HR,V. Desai,email,INR,130211.12,0,0.0,130211.12,30,2880,0.961,False,none,False,
INV-2025-001892,Vishwa Engineering Works,16NMRYF7771P1Z3,2025-09-14,2025-10-14,2025-09-14,PO-2025-7210,Facilities,P. Nair,scanned_mail,INR,129511.97,12,15541.44,145053.41,30,3915,0.971,False,none,False,
INV-2026-001893,Nandi Hardware Co,22JMCWW5549I1Z8,2026-09-09,2026-10-24,2026-09-19,PO-2026-5575,Procurement,R. Menon,scanned_mail,INR,13509.45,28,3782.65,17292.1,45,3886,0.95,False,weekend_submission,True,Submitted outside business hours/days with no prior pattern for this vendor.
INV-2026-001894,Indus Valley Textiles,16CVAMS9690L1Z1,2026-09-03,2026-10-18,2026-09-07,PO-2026-5504,Facilities,D'Souza,scanned_mail,USD,45407.43,0,0.0,45407.43,45,8797,0.976,False,none,False,
INV-2024-001895,Coastal Cargo Movers,26QCTGE3253T1Z0,2024-06-14,2024-07-14,2024-06-18,PO-2024-5386,Finance,M. Krishnan,edi_feed,INR,225551.56,28,63154.44,288706.0,30,3964,0.961,False,none,False,
INV-2026-001896,Bluewave Logistics Pvt Ltd,30DKIIW8666G1Z5,2026-08-23,2026-09-22,2026-08-24,PO-2026-2770,Admin,T. Rao,edi_feed,INR,319027.78,5,15951.39,334979.17,30,4243,0.982,False,none,False,
INV-2026-001897,Falcon IT Solutions,10EHQUQ2216C1Z6,2026-02-05,2026-02-20,2026-02-08,PO-2026-3057,Legal,P. Nair,scanned_mail,INR,436772.52,5,21838.63,458611.15,15,9756,0.968,False,none,False,
INV-2026-001898,Global Freight Partners,05PRZGK3360D1Z3,2026-03-07,2026-05-06,2026-03-10,PO-2026-3948,Procurement,M. Krishnan,edi_feed,USD,56577.79,6,3394.67,59972.46,60,6799,0.947,False,none,False,
INV-2025-001899,Deccan Electricals,15QUCLM8798Z1Z1,2025-01-15,2025-03-01,2025-01-20,PO-2025-1761,Facilities,S. Kulkarni,edi_feed,INR,106900.54,5,5345.03,112245.57,45,0971,0.933,False,none,False,
INV-2025-001900,Wingspan Travel Corp,18DTRLE8358T1Z3,2025-06-04,2025-08-03,2025-06-09,PO-2025-2358,HR,A. Iyer,email,INR,43322.9,0,0.0,43322.9,60,6491,0.907,False,none,False,
INV-2025-001901,Jyothi Print & Design,22JELJY2201K1Z2,2025-01-12,2025-01-27,2025-01-12,PO-2025-9397,Marketing,K. Reddy,vendor_portal,INR,294004.34,5,14700.22,308704.56,15,3471,0.978,False,none,False,
INV-2026-001902,Ganga Freight Services,30UTUQU6977V1Z5,2026-04-16,2026-05-31,2026-04-19,PO-2026-2766,HR,R. Menon,email,INR,477828.0,0,0.0,477828.0,45,8707,0.926,False,none,False,
INV-2025-001903,Chola Office Supplies,21ESKQC5775J1Z0,2025-11-09,2025-11-24,2025-11-12,PO-2024-1164,Facilities,V. Desai,edi_feed,INR,478764.3,0,0.0,478764.3,15,5170,0.954,False,mismatched_po,True,PO number does not correspond to an open purchase order.
INV-2024-001904,Falcon IT Solutions,13AHDTI0606X1Z8,2024-09-05,2024-11-04,2024-09-07,PO-2024-5434,Marketing,A. Iyer,email,INR,184189.11,5,9209.46,193398.57,60,2859,0.948,False,none,False,
INV-2024-001905,Quantum Networks Pvt Ltd,26RXISJ2017S1Z7,2024-06-30,2024-08-29,2024-06-30,PO-2024-1911,Admin,A. Iyer,edi_feed,USD,292185.81,8,23374.86,315560.67,60,7357,0.923,False,none,False,
INV-2025-001906,Everest Packaging Co,11EHDHJ2541R1Z3,2025-04-30,2025-05-30,2025-04-30,PO-2025-4611,Admin,T. Rao,email,INR,256911.91,18,46244.14,303156.05,30,9014,0.993,False,none,False,
INV-2025-001907,Raagam Interiors,05VJWIP3252I1Z9,2025-05-12,2025-06-11,2025-05-16,PO-2025-8702,Marketing,R. Menon,vendor_portal,INR,351239.49,12,42148.74,393388.23,30,4772,0.959,False,none,False,
INV-2025-001908,Deccan Electricals,05OTEQE3704T1Z9,2025-02-05,2025-03-07,2025-02-10,PO-2025-4776,Facilities,A. Iyer,edi_feed,INR,419725.97,0,0.0,419725.97,30,5323,0.941,False,none,False,
INV-2025-001909,Nandi Hardware Co,32EVXPK9621A1Z0,2025-08-20,2025-10-19,2025-08-24,PO-2025-5034,Procurement,D'Souza,vendor_portal,USD,75873.54,10,7587.35,83460.89,60,4064,0.959,False,none,False,
INV-2026-001910,Northgate Print Hub,26NXRAT9288G1Z1,2026-03-13,2026-04-12,2026-03-16,PO-2026-6417,Facilities,N. Bhatt,vendor_portal,INR,396484.66,12,47578.16,444062.82,30,2153,0.995,False,none,False,
INV-2025-001911,Horizon Facilities Mgmt,33RGBKZ0137S1Z8,2025-04-30,2025-05-15,2025-04-30,PO-2025-1392,Admin,P. Nair,email,INR,64058.22,5,3202.91,67261.13,15,0407,0.915,False,none,False,
INV-2024-001912,Trident Trading Co,GSTIN-MISSING,2024-02-14,2024-03-15,2024-02-16,PO-2024-4182,HR,M. Krishnan,scanned_mail,INR,225571.5,5,11278.58,236850.08,30,2522,0.82,False,ghost_vendor,True,Vendor has no prior transaction history; GSTIN fails format check.
INV-2026-001913,Zenith Office Furnishings,31WKQCG9935Y1Z1,2026-05-03,2026-07-02,2026-05-04,PO-2026-8432,Legal,N. Bhatt,email,USD,377529.04,0,0.0,377529.04,60,0673,0.986,False,none,False,
INV-2024-001914,Orion Cloud Systems,31IVHYJ7507U1Z2,2024-10-07,2024-11-21,2024-10-11,PO-2024-2119,Operations,R. Menon,scanned_mail,INR,19531.25,28,5468.75,25000.0,45,2686,0.924,False,round_number_amount,True,Total is an unusually round figure for this line of business.
INV-2026-001915,Falcon IT Solutions,28RWHPI2075Q1Z5,2026-03-31,2026-05-30,2026-04-04,PO-2026-4218,Finance,A. Iyer,scanned_mail,USD,475128.77,0,0.0,475128.77,60,7018,0.937,False,none,False,
INV-2025-001916,Horizon Facilities Mgmt,04HPFSA4046K1Z2,2025-03-04,2025-04-18,2025-03-07,PO-2025-9516,Admin,K. Reddy,vendor_portal,EUR,198320.78,10,19832.08,218152.86,45,3248,0.991,False,none,False,
INV-2024-001917,Apex Manpower Agency,22WCCUY0132E1Z9,2024-05-28,2024-06-27,2024-05-30,PO-2024-1627,Legal,K. Reddy,email,INR,153291.12,28,42921.51,196212.63,30,9906,0.924,False,none,False,
INV-2025-001918,Orion Cloud Systems,34CRTME5211R1Z3,2025-01-30,2025-03-31,2025-02-04,PO-2025-6177,HR,K. Reddy,vendor_portal,INR,328020.12,18,59043.62,387063.74,60,3673,0.972,False,none,False,
INV-2026-001919,Everest Packaging Co,19EHEIH2984V1Z0,2026-02-22,2026-04-23,2026-02-27,PO-2026-1542,Logistics,R. Menon,scanned_mail,INR,386702.9,18,69606.52,456309.42,60,8814,0.99,False,none,False,
INV-2024-001920,Zenith Office Furnishings,17TVRJU8911C1Z0,2024-09-30,2024-11-29,2024-09-30,PO-2023-4672,Procurement,D'Souza,email,USD,287476.91,0,0.0,287476.91,60,4136,0.988,False,mismatched_po,True,PO number does not correspond to an open purchase order.
INV-2025-001921,Quantum Networks Pvt Ltd,31FAMNV9067F1Z3,2025-02-06,2025-03-08,2025-02-09,PO-2025-9752,IT,T. Rao,scanned_mail,INR,283348.03,5,14167.4,297515.43,30,7488,0.991,False,none,False,
INV-2026-001922,Nandi Hardware Co,37WVDMT0214I1Z2,2026-06-20,2026-08-19,2026-06-24,PO-2026-2918,Admin,K. Reddy,scanned_mail,INR,54213.55,5,2710.68,56924.23,60,6945,0.907,False,none,False,
INV-2024-001923,Tejas Security Services,12DAFDF5960G1Z8,2024-12-09,2025-01-23,2024-12-09,PO-2024-4979,HR,P. Nair,scanned_mail,INR,237200.66,12,28464.08,265664.74,45,1465,0.941,False,none,False,
INV-2024-001924,Everest Packaging Co,19TTAFE1491S1Z2,2024-01-13,2024-02-27,2024-01-15,PO-2024-4351,Procurement,A. Iyer,scanned_mail,INR,221372.22,5,11068.61,232440.83,45,7820,0.967,False,none,False,
INV-2026-001925,Apex Manpower Agency,23USMAZ7105R1Z7,2026-07-16,2026-08-15,2026-07-18,PO-2026-3510,Marketing,R. Menon,email,INR,104439.55,28,29243.07,133682.62,30,1123,0.925,False,none,False,
INV-2025-001926,Everest Packaging Co,13EAJTC1008A1Z8,2025-02-15,2025-03-17,2025-02-17,PO-2025-7552,Facilities,K. Reddy,scanned_mail,INR,236615.33,28,66252.29,302867.62,30,4833,0.988,False,none,False,
INV-2025-001927,Falcon IT Solutions,32SVIBL4093R1Z1,2025-06-06,2025-07-21,2025-06-09,PO-2025-2263,Facilities,M. Krishnan,scanned_mail,INR,154668.67,0,0.0,154668.67,45,0940,0.967,False,none,False,
INV-2024-001928,Falcon IT Solutions,03FEODK5009L1Z8,2024-05-31,2024-07-30,2024-06-05,PO-2024-1550,Admin,T. Rao,email,USD,419078.85,0,0.0,419078.85,60,0966,0.918,False,none,False,
INV-2024-001929,Falcon IT Solutions,28RZNWW2944A1Z3,2024-06-26,2024-08-25,2024-06-29,PO-2024-9432,Facilities,D'Souza,vendor_portal,INR,426066.91,18,76692.04,502758.95,60,5561,0.923,False,none,False,
INV-2025-001930,Meridian Consulting Group,15WSSZJ6985F1Z0,2025-09-20,2025-10-05,2025-09-24,PO-2025-3613,IT,R. Menon,vendor_portal,INR,365795.89,12,43895.51,409691.4,15,9168,0.951,False,none,False,
INV-2025-001931,Quantum Networks Pvt Ltd,02ZNATQ4577O1Z4,2025-09-13,2025-10-13,2025-09-17,PO-2025-3911,Operations,M. Krishnan,scanned_mail,INR,475897.44,0,0.0,475897.44,30,3638,0.922,False,none,False,
INV-2026-001932,Everest Packaging Co,11ANGOJ1342P1Z0,2026-05-25,2026-07-09,2026-05-25,PO-2026-3445,HR,V. Desai,email,INR,316310.84,12,37957.3,354268.14,45,0915,0.96,False,none,False,
INV-2026-001933,Coastal Cargo Movers,07NAQOG7724P1Z2,2026-02-06,2026-03-23,2026-02-09,PO-2026-9821,HR,N. Bhatt,edi_feed,INR,328683.86,0,0.0,328683.86,45,8080,0.99,False,none,False,
INV-2024-001934,Zenith Office Furnishings,09ADMSK5699D1Z1,2024-10-08,2024-11-07,2024-10-09,PO-2026-5886,Legal,D'Souza,vendor_portal,USD,287476.91,0,0.0,287476.91,30,1220,0.922,True,duplicate_invoice,True,Same vendor/amount seen on a prior invoice within 10 days.
INV-2024-001935,Indus Valley Textiles,26ZJGIN3439C1Z6,2024-03-04,2024-05-03,2024-03-08,PO-2024-9405,Procurement,K. Reddy,email,INR,206324.93,5,10316.25,216641.18,60,2814,0.981,False,none,False,
INV-2025-001936,Sundaram Motors Spares,15VGNIP1175Y1Z6,2025-11-11,2025-12-26,2025-11-14,PO-2025-1822,Finance,V. Desai,edi_feed,INR,403307.2,5,20165.36,423472.56,45,2644,0.949,False,none,False,
INV-2024-001937,Coastal Cargo Movers,18THHQB9026D1Z6,2024-01-27,2024-03-27,2024-02-01,PO-2024-1536,Admin,V. Desai,email,INR,455794.51,18,82043.01,537837.52,60,1131,0.975,False,none,False,
INV-2025-001938,Falcon IT Solutions,27ABGWT8200F1Z3,2025-05-18,2025-06-02,2025-05-18,PO-2025-2315,Marketing,S. Kulkarni,email,INR,59018.24,12,7082.19,66100.43,15,3599,0.976,False,none,False,
INV-2024-001939,Bright Path Cleaning Services,01IHLVK0715X1Z5,2024-04-04,2024-04-19,2024-04-05,PO-2024-6448,Legal,P. Nair,scanned_mail,USD,395147.41,6,23708.84,418856.25,15,5684,0.975,False,none,False,
INV-2026-001940,Quantum Networks Pvt Ltd,14ROJPV1582E1Z5,2026-01-31,2026-04-01,2026-02-05,PO-2026-5186,Legal,S. Kulkarni,scanned_mail,USD,225117.62,10,22511.76,247629.38,60,1152,0.918,False,none,False,
INV-2024-001941,Everest Packaging Co,26AXTDM2738I1Z3,2024-03-18,2024-04-17,2024-03-23,PO-2024-2647,HR,S. Kulkarni,email,INR,240609.94,18,43309.79,283919.73,30,2394,0.942,False,none,False,
INV-2026-001942,Aravind Steel Traders,37BKJST4217S1Z3,2026-01-04,2026-02-18,2026-01-09,PO-2026-5770,HR,A. Iyer,email,INR,77524.83,12,9302.98,86827.81,45,3987,0.978,False,none,False,
INV-2025-001943,Everest Packaging Co,07MICFU3625R1Z4,2025-08-16,2025-10-15,2025-08-17,PO-2025-5044,Operations,T. Rao,email,INR,122545.36,12,14705.44,137250.8,60,5566,0.929,False,none,False,
INV-2026-001944,Kaveri Industrial Parts,07SMVMW2590S1Z3,2026-05-31,2026-06-30,2026-06-03,PO-2026-5933,Procurement,D'Souza,edi_feed,INR,232867.49,5,11643.37,244510.86,30,1621,0.975,False,none,False,
INV-2026-001945,Indus Valley Textiles,14MHKKN8630G1Z2,2026-04-29,2026-06-28,2026-05-03,PO-2026-5262,Logistics,N. Bhatt,vendor_portal,EUR,424929.63,6,25495.78,450425.41,60,5921,0.901,False,none,False,
INV-2025-001946,Tejas Security Services,28GPYUD8480A1Z4,2025-05-24,2025-06-08,2025-05-28,PO-2025-4591,Admin,D'Souza,scanned_mail,INR,73772.83,0,0.0,73772.83,15,4333,0.972,False,none,False,
INV-2024-001947,Falcon IT Solutions,09EKPHX4518Y1Z0,2024-08-12,2024-08-27,2024-08-15,PO-2024-6562,Legal,A. Iyer,scanned_mail,INR,84128.9,5,4206.44,93621.63,15,7575,0.948,False,altered_total,True,Total does not reconcile with subtotal + tax.
INV-2025-001948,Ganga Freight Services,24SQVGV9464T1Z1,2025-07-22,2025-08-06,2025-07-22,PO-2025-6396,Marketing,P. Nair,email,INR,49848.49,28,13957.58,63806.07,15,9150,0.91,False,none,False,
INV-2024-001949,Sundaram Motors Spares,36VCTJL8958Y1Z8,2024-12-04,2025-02-02,2024-12-05,PO-2024-3140,Logistics,A. Iyer,scanned_mail,INR,49694.91,0,0.0,49694.91,60,5068,0.931,False,split_invoice,True,"Amount sits just under the approval threshold, alongside a same-day sibling invoice."
INV-2025-001950,Indus Valley Textiles,15HKGRD7433K1Z0,2025-03-23,2025-05-22,2025-03-24,PO-2025-3137,Marketing,V. Desai,email,INR,424841.28,0,0.0,424841.28,60,3130,0.972,False,none,False,
INV-2026-001951,Udupi Fresh Foods,02LVSYN4103Z1Z4,2026-05-19,2026-06-03,2026-05-22,PO-2026-9416,Legal,R. Menon,scanned_mail,USD,475655.33,10,47565.53,523220.86,15,5595,0.965,False,none,False,
INV-2024-001952,Trident Trading Co,GSTIN-MISSING,2024-09-16,2024-10-31,2024-09-19,PO-2024-5741,Finance,R. Menon,edi_feed,EUR,120862.63,6,7251.76,128114.39,45,3028,0.809,False,ghost_vendor,True,Vendor has no prior transaction history; GSTIN fails format check.
INV-2026-001953,Yamuna Water Solutions,10JMPWR6273J1Z7,2026-01-22,2026-02-06,2026-01-25,PO-2026-5134,Facilities,K. Reddy,edi_feed,INR,284900.45,12,34188.05,319088.5,15,9598,0.976,False,none,False,
INV-2025-001954,Apex Manpower Agency,20RYVGI4974M1Z2,2025-04-09,2025-04-24,2025-04-13,PO-2025-8465,Facilities,D'Souza,scanned_mail,INR,3995.18,5,199.76,4194.94,15,9175,0.974,False,none,False,
INV-2024-001955,Quantum Networks Pvt Ltd,03LLIBL7526H1Z8,2024-02-26,2024-04-26,2024-02-29,PO-2024-8880,IT,K. Reddy,vendor_portal,INR,185434.1,0,0.0,185434.1,60,5674,0.954,False,none,False,
INV-2024-001956,Sundaram Motors Spares,19ISKST6317Q1Z0,2024-09-04,2024-11-03,2024-09-04,PO-2024-4946,Marketing,N. Bhatt,email,INR,70406.68,5,3520.33,73927.01,60,9578,0.965,False,none,False,
INV-2024-001957,Coastal Cargo Movers,28RWXJF5994O1Z0,2024-01-01,2024-03-01,2024-01-02,PO-2024-5148,HR,T. Rao,edi_feed,INR,278656.62,18,50158.19,328814.81,60,5808,0.908,False,none,False,
INV-2026-001958,Bluewave Logistics Pvt Ltd,01ITSCM0261T1Z4,2026-08-15,2026-10-14,2026-08-17,PO-2026-3325,Procurement,M. Krishnan,scanned_mail,INR,109493.56,5,5474.68,114968.24,60,2821,0.957,False,none,False,
INV-2026-001959,Bluewave Logistics Pvt Ltd,10LNBSH3695D1Z6,2026-06-25,2026-07-10,2026-06-27,PO-2026-6228,HR,P. Nair,edi_feed,INR,128181.12,5,6409.06,134590.18,15,5822,0.966,False,none,False,
INV-2026-001960,Apex Manpower Agency,10UZDVV6043D1Z3,2026-02-09,2026-04-10,2026-02-13,PO-2026-7155,Finance,T. Rao,scanned_mail,INR,178125.83,18,32062.65,210188.48,60,9420,0.901,False,none,False,
INV-2025-001961,Jyothi Print & Design,22ZKTVU9678J1Z2,2025-01-08,2025-02-22,2025-01-11,PO-2025-7073,Legal,N. Bhatt,edi_feed,INR,187908.62,5,9395.43,197304.05,45,9229,0.928,False,none,False,
INV-2026-001962,Zenith Office Furnishings,26IADZN3497H1Z6,2026-06-27,2026-08-11,2026-06-27,PO-2026-9019,Facilities,V. Desai,vendor_portal,INR,131068.57,0,0.0,131068.57,45,4582,0.946,False,none,False,
INV-2024-001963,Bright Path Cleaning Services,33LNIQM8611U1Z3,2024-06-08,2024-06-23,2024-06-09,PO-2024-4924,HR,D'Souza,email,INR,167539.01,28,46910.92,214449.93,15,2187,0.903,False,none,False,
INV-2024-001964,Everest Packaging Co,16LUFJF9161W1Z1,2024-08-21,2024-09-05,2024-08-22,PO-2024-9674,Facilities,K. Reddy,vendor_portal,INR,471204.33,28,131937.21,603141.54,15,7833,0.92,False,none,False,
INV-2024-001965,Deccan Electricals,03FWWFI6623W1Z6,2024-11-29,2025-01-13,2024-12-01,PO-2024-2024,Admin,P. Nair,edi_feed,INR,70837.11,28,19834.39,90671.5,45,6809,0.927,False,none,False,
INV-2026-001966,Orion Cloud Systems,03KUPHU1210C1Z4,2026-03-11,2026-04-25,2026-03-14,PO-2026-3478,Legal,A. Iyer,edi_feed,INR,21973.42,12,2636.81,24610.23,45,9038,0.928,False,none,False,
INV-2025-001967,Udupi Fresh Foods,33QRULR8720D1Z4,2025-04-16,2025-06-15,2025-04-20,PO-2025-1609,Facilities,R. Menon,scanned_mail,INR,394399.73,5,19719.99,414119.72,60,1867,0.962,False,none,False,
INV-2026-001968,Jyothi Print & Design,11LUAIO8830Y1Z4,2026-08-17,2026-10-16,2026-08-19,PO-2026-6197,Logistics,K. Reddy,edi_feed,INR,184691.74,18,33244.51,217936.25,60,4661,0.958,False,none,False,
INV-2024-001969,Quantum Networks Pvt Ltd,03SURPB2039U1Z8,2024-12-26,2025-02-09,2024-12-26,PO-2024-6251,HR,N. Bhatt,scanned_mail,INR,162456.72,12,19494.81,181951.53,45,1869,0.952,False,none,False,
INV-2024-001970,Raagam Interiors,05RCNEY1092M1Z6,2024-06-17,2024-08-16,2024-06-22,PO-2024-5907,Marketing,K. Reddy,scanned_mail,INR,259343.9,18,46681.9,306025.8,60,9507,0.959,False,none,False,
INV-2026-001971,Meridian Consulting Group,36GPATB2294N1Z9,2026-05-20,2026-07-04,2026-05-24,PO-2026-6219,Facilities,N. Bhatt,vendor_portal,INR,177026.9,0,0.0,177026.9,45,7166,0.935,False,none,False,
INV-2025-001972,Bright Path Cleaning Services,01RQPYT3527D1Z3,2025-11-19,2025-12-19,2025-11-21,PO-2025-1233,Finance,K. Reddy,scanned_mail,INR,292486.53,12,35098.38,327584.91,30,1880,0.919,False,none,False,
INV-2025-001973,Prakash Stationery Mart,22THDSM4930T1Z0,2025-05-06,2025-06-20,2025-05-10,PO-2025-7115,HR,T. Rao,edi_feed,INR,178402.41,18,32112.43,210514.84,45,7527,0.954,False,none,False,
INV-2025-001974,Bluewave Logistics Pvt Ltd,20NOANP0766P1Z0,2025-05-05,2025-07-04,2025-05-08,PO-2025-8772,Finance,R. Menon,scanned_mail,INR,394658.41,12,47359.01,442017.42,60,0421,0.939,False,none,False,
INV-2025-001975,Kaveri Industrial Parts,27MSCDK1389Y1Z4,2025-04-09,2025-05-09,2025-04-14,PO-2025-1681,HR,V. Desai,scanned_mail,INR,376358.4,12,45163.01,421521.41,30,5522,0.94,False,none,False,
INV-2024-001976,Yamuna Water Solutions,37YPIBG1980B1Z2,2024-11-18,2024-12-18,2024-11-23,PO-2024-2519,Procurement,K. Reddy,scanned_mail,INR,108791.68,18,19582.5,128374.18,30,7021,0.916,False,none,False,
INV-2024-001977,Quantum Networks Pvt Ltd,24IXDBH7597H1Z9,2024-11-05,2024-12-05,2024-11-16,PO-2024-1225,Marketing,R. Menon,vendor_portal,USD,453949.83,6,27236.99,481186.82,30,0065,0.986,False,weekend_submission,True,Submitted outside business hours/days with no prior pattern for this vendor.
INV-2025-001978,Bright Path Cleaning Services,15HRARX2846U1Z9,2025-01-19,2025-02-03,2025-01-21,PO-2025-2095,Finance,K. Reddy,vendor_portal,INR,307683.98,5,15384.2,323068.18,15,9251,0.937,False,none,False,
INV-2025-001979,Raagam Interiors,15XVWOM8330O1Z2,2025-01-05,2025-01-20,2025-01-05,PO-2025-2781,Operations,R. Menon,scanned_mail,EUR,226384.75,8,18110.78,244495.53,15,5499,0.906,False,none,False,
INV-2025-001980,Sundaram Motors Spares,19TBQPT6388Q1Z0,2025-09-26,2025-11-10,2025-09-28,PO-2025-1386,Procurement,S. Kulkarni,scanned_mail,INR,24770.9,5,1238.55,26009.45,45,2459,0.933,False,none,False,
INV-2025-001981,Quantum Networks Pvt Ltd,04QWUGP4251J1Z7,2025-02-25,2025-04-11,2025-02-27,PO-2025-8424,Admin,T. Rao,scanned_mail,INR,40322.13,5,2016.11,42338.24,45,2210,0.959,False,none,False,
INV-2025-001982,Kaveri Industrial Parts,36MSWQG6040C1Z8,2025-12-26,2026-02-24,2025-12-31,PO-2025-3112,IT,D'Souza,vendor_portal,INR,31702.52,28,8876.71,40579.23,60,0021,0.981,False,none,False,
INV-2025-001983,Sundaram Motors Spares,26YEZXN7778X1Z8,2025-01-07,2025-02-21,2025-01-10,PO-2025-9325,Logistics,P. Nair,scanned_mail,EUR,227128.36,8,18170.27,245298.63,45,5798,0.904,False,none,False,
INV-2025-001984,Lotus Catering Services,02FOTJZ0995B1Z8,2025-09-30,2025-10-30,2025-09-30,PO-2025-6232,Admin,T. Rao,scanned_mail,INR,176187.46,28,49332.49,225519.95,30,5911,0.923,False,none,False,
INV-2025-001985,Apex Manpower Agency,05DTHWQ2882R1Z7,2025-11-27,2025-12-12,2025-11-28,PO-2025-4578,Operations,A. Iyer,email,USD,413101.92,8,33048.15,446150.07,15,0544,0.925,False,none,False,
INV-2026-001986,Lotus Catering Services,11YUTNW3073B1Z5,2026-05-26,2026-07-25,2026-05-27,PO-2026-8681,IT,N. Bhatt,scanned_mail,INR,122378.26,18,22028.09,144406.35,60,5404,0.995,False,none,False,
INV-2025-001987,Tejas Security Services,17EDGKI2823L1Z8,2025-03-11,2025-04-25,2025-03-13,PO-2025-2865,Legal,V. Desai,edi_feed,INR,154672.3,5,7733.61,162405.91,45,7617,0.9,False,none,False,
INV-2026-001988,Sundaram Motors Spares,22IQNVM7844K1Z2,2026-08-22,2026-09-06,2026-08-26,PO-2026-9322,Marketing,K. Reddy,email,INR,296524.47,18,53374.4,349898.87,15,4286,0.954,False,none,False,
INV-2026-001989,Nandi Hardware Co,11SXSOY0894S1Z8,2026-01-15,2026-02-14,2026-01-15,PO-2026-4428,Operations,A. Iyer,email,INR,139811.47,12,16777.38,156588.85,30,7257,0.968,False,none,False,
INV-2026-001990,Wingspan Travel Corp,03ZRPIB3814B1Z0,2026-08-13,2026-09-12,2026-08-13,PO-2026-3656,Marketing,D'Souza,edi_feed,INR,451118.07,0,0.0,555855.53,30,0696,0.982,False,altered_total,True,Total does not reconcile with subtotal + tax.
INV-2025-001991,Bright Path Cleaning Services,05BRGPU7774C1Z8,2025-03-31,2025-04-15,2025-04-05,PO-2025-5188,Finance,A. Iyer,vendor_portal,INR,203983.44,12,24478.01,305520.95,15,9934,0.985,False,altered_total,True,Total does not reconcile with subtotal + tax.
INV-2025-001992,Bluewave Logistics Pvt Ltd,37UQXBJ6415S1Z2,2025-10-28,2025-12-12,2025-10-28,PO-2025-3805,Marketing,S. Kulkarni,scanned_mail,INR,328592.53,5,16429.63,345022.16,45,2253,0.901,False,none,False,
INV-2025-001993,Zenith Office Furnishings,16SCSRX7546T1Z4,2025-09-07,2025-09-22,2025-09-11,PO-2025-9166,Facilities,A. Iyer,vendor_portal,INR,79889.4,12,9586.73,89476.13,15,1951,0.96,False,none,False,
INV-2025-001994,Coastal Cargo Movers,33GXNLY1709M1Z2,2025-07-14,2025-08-28,2025-07-16,PO-2025-7927,Facilities,A. Iyer,scanned_mail,INR,418951.02,5,20947.55,439898.57,45,3635,0.9,False,none,False,
INV-2024-001995,Indus Valley Textiles,21OLYLW9128O1Z5,2024-10-28,2024-11-12,2024-11-02,PO-2024-2647,Legal,N. Bhatt,edi_feed,INR,280971.83,0,0.0,280971.83,15,4266,0.92,False,none,False,
INV-2025-001996,Wingspan Travel Corp,35ZEEPW8529X1Z2,2025-04-26,2025-05-11,2025-04-30,PO-2025-4085,Admin,S. Kulkarni,vendor_portal,INR,323696.25,12,38843.55,362539.8,15,2623,0.969,False,none,False,
INV-2024-001997,Kaveri Industrial Parts,07QNDZJ3699Q1Z0,2024-05-06,2024-05-21,2024-05-08,PO-2024-3691,Finance,V. Desai,vendor_portal,INR,316050.15,12,37926.02,353976.17,15,2730,0.915,False,none,False,
INV-2026-001998,Horizon Facilities Mgmt,21IESNB4269S1Z1,2026-07-08,2026-08-07,2026-07-11,PO-2026-1686,HR,A. Iyer,vendor_portal,INR,8019.99,5,401.0,8420.99,30,6400,0.993,False,none,False,
INV-2024-001999,Everest Packaging Co,03ZHIZM6264A1Z1,2024-02-27,2024-04-12,2024-03-02,PO-2024-2003,Marketing,M. Krishnan,vendor_portal,INR,217229.29,12,26067.51,243296.8,45,7574,0.944,False,none,False,
INV-2025-002000,Nandi Hardware Co,17CCVQS9149Y1Z4,2025-03-09,2025-04-08,2025-03-12,PO-2025-8269,Facilities,D'Souza,scanned_mail,INR,380243.19,0,0.0,380243.19,30,6256,0.968,False,none,False,
INV-2025-002001,Bright Path Cleaning Services,11LOWVF9331L1Z8,2025-02-03,2025-03-20,2025-02-07,PO-2025-2698,Marketing,K. Reddy,edi_feed,INR,63582.81,5,3179.14,66761.95,45,0926,0.929,False,none,False,
INV-2026-002002,Deccan Electricals,27XFGSY8192V1Z5,2026-08-02,2026-09-16,2026-08-05,PO-2026-8073,Marketing,M. Krishnan,vendor_portal,INR,186509.49,18,33571.71,220081.2,45,6486,0.949,False,none,False,
INV-2024-002003,Wingspan Travel Corp,01QIQAA7117L1Z3,2024-05-13,2024-07-12,2024-05-15,PO-2024-1759,Facilities,N. Bhatt,email,INR,460314.78,28,128888.14,589202.92,60,9146,0.981,False,none,False,
INV-2026-002004,Indus Valley Textiles,12PEHNX6383E1Z6,2026-04-09,2026-05-24,2026-04-13,PO-2026-4335,Legal,M. Krishnan,edi_feed,INR,243431.29,12,29211.75,272643.04,45,9495,0.945,False,none,False,
INV-2024-002005,Zenith Office Furnishings,20STIEL4307W1Z9,2024-10-07,2024-11-06,2024-10-08,PO-2024-7034,Operations,A. Iyer,vendor_portal,INR,337028.77,0,0.0,337028.77,30,5868,0.962,False,none,False,
INV-2025-002006,Kaveri Industrial Parts,13FGWWH7998L1Z2,2025-03-27,2025-04-26,2025-03-29,PO-2025-5436,Operations,A. Iyer,vendor_portal,INR,135786.8,12,16294.42,152081.22,30,7311,0.937,False,none,False,
INV-2026-002007,Northgate Print Hub,03DOFVQ6850E1Z5,2026-02-06,2026-03-08,2026-02-10,PO-2026-8748,Operations,M. Krishnan,email,INR,9052.05,0,0.0,9052.05,30,5290,0.91,False,none,False,
INV-2026-002008,Northgate Print Hub,02EOZNE4825U1Z0,2026-02-21,2026-03-08,2026-02-22,PO-2026-1315,Procurement,S. Kulkarni,scanned_mail,USD,392051.51,10,39205.15,431256.66,15,0158,0.934,False,none,False,
INV-2025-002009,Wingspan Travel Corp,32YRFEF4210O1Z2,2025-07-11,2025-07-26,2025-07-11,PO-2025-7275,Admin,S. Kulkarni,scanned_mail,INR,437974.94,28,122632.98,560607.92,15,8190,0.99,False,none,False,
INV-2025-002010,Bright Path Cleaning Services,36VWZGH1406L1Z5,2025-12-21,2026-02-19,2025-12-26,PO-2025-2058,Logistics,P. Nair,edi_feed,INR,62258.17,5,3112.91,65371.08,60,6164,0.925,False,none,False,
INV-2024-002011,Bright Path Cleaning Services,13AFVMG4248J1Z0,2024-12-17,2025-02-15,2024-12-22,PO-2024-5915,Facilities,R. Menon,email,INR,153887.69,5,7694.38,161582.07,60,5252,0.925,False,none,False,
INV-2024-002012,Chola Office Supplies,18DXSDS8272K1Z8,2024-08-30,2024-09-29,2024-08-31,PO-2024-1605,Finance,S. Kulkarni,scanned_mail,INR,469791.13,28,131541.52,601332.65,30,7067,0.919,False,none,False,
INV-2024-002013,Bluewave Logistics Pvt Ltd,37TGKMH0754U1Z2,2024-01-15,2024-01-30,2024-01-17,PO-2024-6292,Facilities,K. Reddy,vendor_portal,USD,29985.77,10,2998.58,32984.35,15,3069,0.905,False,none,False,
INV-2025-002014,Deccan Electricals,30FXFHV0465M1Z3,2025-08-17,2025-10-01,2025-08-19,PO-2025-7695,Legal,K. Reddy,scanned_mail,EUR,405607.68,10,40560.77,446168.45,45,1640,0.979,False,none,False,
INV-2026-002015,Yamuna Water Solutions,24EFKJI4326M1Z5,2026-01-08,2026-02-07,2026-01-12,PO-2026-1633,HR,P. Nair,scanned_mail,INR,206159.63,12,24739.16,230898.79,30,5250,0.97,False,none,False,
INV-2025-002016,Lotus Catering Services,18FJPTZ0763J1Z7,2025-01-02,2025-02-16,2025-01-06,PO-2025-7725,Admin,D'Souza,edi_feed,USD,218922.52,8,17513.8,236436.32,45,7465,0.903,False,none,False,
INV-2024-002017,Bluewave Logistics Pvt Ltd,07ZSAEO3274I1Z8,2024-11-01,2024-12-16,2024-11-03,PO-2024-7492,Finance,N. Bhatt,scanned_mail,INR,339455.79,0,0.0,339455.79,45,4574,0.964,False,none,False,
INV-2026-002018,Wingspan Travel Corp,01LPEFF4000P1Z3,2026-06-15,2026-08-14,2026-06-17,PO-2026-3908,IT,N. Bhatt,edi_feed,INR,311750.23,18,56115.04,367865.27,60,9255,0.977,False,none,False,
INV-2025-002019,Horizon Facilities Mgmt,14WROPR9501R1Z5,2025-09-11,2025-10-11,2025-09-14,PO-2025-4166,Logistics,S. Kulkarni,vendor_portal,INR,127894.51,5,6394.73,134289.24,30,0384,0.953,False,none,False,
INV-2024-002020,Horizon Facilities Mgmt,03TDDKV7689V1Z9,2024-09-15,2024-10-30,2024-09-19,PO-2024-6065,Legal,T. Rao,edi_feed,EUR,12045.99,10,1204.6,13250.59,45,9901,0.935,False,none,False,
INV-2026-002021,Coastal Cargo Movers,04NKMRH4325N1Z7,2026-09-06,2026-10-06,2026-09-09,PO-2026-5064,Facilities,A. Iyer,email,INR,134143.89,0,0.0,134143.89,30,2350,0.985,False,none,False,
INV-2025-002022,Chola Office Supplies,19IAYVI4812F1Z8,2025-07-24,2025-08-23,2025-07-24,PO-2025-1827,IT,A. Iyer,vendor_portal,INR,271530.04,12,32583.6,304113.64,30,7789,0.935,False,none,False,
INV-2024-002023,Yamuna Water Solutions,07AFYKV2608B1Z0,2024-02-18,2024-03-19,2024-02-21,PO-2024-1398,IT,K. Reddy,vendor_portal,INR,177867.72,12,21344.13,199211.85,30,4935,0.974,False,none,False,
INV-2026-002024,Horizon Facilities Mgmt,31VWQOX8650U1Z1,2026-08-22,2026-10-21,2026-08-27,PO-2026-6867,Operations,P. Nair,scanned_mail,INR,111639.22,0,0.0,111639.22,60,1642,0.989,False,none,False,
INV-2024-002025,Zenith Office Furnishings,07IEYGH9059J1Z9,2024-01-26,2024-03-11,2024-01-29,PO-2024-6183,Marketing,D'Souza,scanned_mail,USD,12399.75,6,743.99,13143.74,45,0614,0.969,False,none,False,
INV-2025-002026,Everest Packaging Co,07NJBYH9684G1Z9,2025-11-10,2026-01-09,2025-11-10,PO-2025-8993,HR,K. Reddy,edi_feed,INR,151566.47,5,7578.32,159144.79,60,9600,0.981,False,none,False,
INV-2026-002027,Apex Manpower Agency,33SLUJW8549T1Z2,2026-01-15,2026-03-16,2026-01-16,PO-2026-3946,Finance,K. Reddy,scanned_mail,INR,116150.82,5,5807.54,121958.36,60,0624,0.958,False,none,False,
INV-2026-002028,Horizon Facilities Mgmt,26OMQLC0612R1Z4,2026-04-17,2026-05-17,2026-04-17,PO-2026-7981,Facilities,A. Iyer,vendor_portal,EUR,12957.24,8,1036.58,13993.82,30,2722,0.977,False,none,False,
INV-2025-002029,Kaveri Industrial Parts,06ACVTX3859N1Z8,2025-07-22,2025-09-05,2025-07-27,PO-2025-7074,Finance,S. Kulkarni,edi_feed,INR,7208.81,18,1297.59,8506.4,45,8604,0.967,False,none,False,
INV-2025-002030,Apex Manpower Agency,11UBXHG2854F1Z7,2025-07-31,2025-09-14,2025-08-05,PO-2025-9021,Facilities,A. Iyer,edi_feed,INR,75768.85,12,9092.26,84861.11,45,0922,0.976,False,none,False,
INV-2025-002031,Bluewave Logistics Pvt Ltd,06HCFQS3841N1Z1,2025-10-27,2025-11-26,2025-10-27,PO-2025-2547,Legal,R. Menon,edi_feed,INR,20793.78,5,1039.69,21833.47,30,5616,0.919,False,none,False,
INV-2026-002032,Meridian Consulting Group,09ENPWF0024B1Z2,2026-08-09,2026-09-08,2026-08-12,PO-2026-3179,Facilities,M. Krishnan,scanned_mail,INR,35059.92,0,0.0,35059.92,30,2029,0.953,False,none,False,
INV-2024-002033,Everest Packaging Co,08OCTYX3081A1Z4,2024-04-10,2024-05-10,2024-04-10,PO-2024-3530,Legal,K. Reddy,vendor_portal,USD,103424.63,0,0.0,103424.63,30,7321,0.902,False,none,False,
INV-2026-002034,Bluewave Logistics Pvt Ltd,26PHOVD4753Z1Z9,2026-07-02,2026-08-16,2026-07-05,PO-2026-6371,Procurement,M. Krishnan,email,USD,29607.11,6,1776.43,31383.54,45,1479,0.943,False,none,False,
INV-2024-002035,Apex Manpower Agency,33XOISQ0508M1Z6,2024-02-04,2024-03-05,2024-02-08,PO-2024-4912,IT,N. Bhatt,edi_feed,INR,257717.59,0,0.0,257717.59,30,8662,0.924,False,none,False,
INV-2024-002036,Prakash Stationery Mart,11YAXJI2953W1Z7,2024-02-03,2024-03-04,2024-02-03,PO-2024-7411,Logistics,D'Souza,scanned_mail,USD,293986.46,0,0.0,324828.64,30,9691,0.915,False,altered_total,True,Total does not reconcile with subtotal + tax.
INV-2024-002037,Global Freight Partners,20MVVFC6811Z1Z8,2024-10-18,2024-12-17,2024-10-20,PO-2024-1278,Marketing,M. Krishnan,email,INR,313466.73,12,37616.01,351082.74,60,8619,0.962,False,none,False,
INV-2024-002038,Wingspan Travel Corp,18YKQTS3303I1Z0,2024-03-01,2024-04-30,2024-03-02,PO-2024-3700,Procurement,P. Nair,email,INR,452506.98,18,81451.26,533958.24,60,6604,0.992,False,none,False,
INV-2024-002039,Kaveri Industrial Parts,34DPRWG7119I1Z2,2024-12-18,2025-01-17,2024-12-20,PO-2024-6447,Facilities,N. Bhatt,email,INR,210627.05,12,25275.25,235902.3,30,8880,0.907,False,none,False,
INV-2025-002040,Raagam Interiors,08BPUYL0696H1Z0,2025-05-13,2025-05-28,2025-05-15,PO-2025-2837,Legal,M. Krishnan,vendor_portal,INR,237091.67,12,28451.0,265542.67,15,4546,0.902,False,none,False,
INV-2026-002041,Raagam Interiors,11TPVCM3801O1Z7,2026-01-21,2026-02-05,2026-01-23,PO-2026-7671,Legal,T. Rao,vendor_portal,INR,410905.72,18,73963.03,484868.75,15,4754,0.91,False,none,False,
INV-2025-002042,Lotus Catering Services,21IBTIX5450D1Z1,2025-07-26,2025-08-25,2025-07-31,PO-2025-6819,HR,S. Kulkarni,email,EUR,461232.71,8,36898.62,498131.33,30,7564,0.942,False,none,False,
INV-2025-002043,Indus Valley Textiles,31FMPKT5156C1Z4,2025-05-23,2025-06-22,2025-05-24,PO-2025-4718,IT,A. Iyer,edi_feed,INR,42122.55,12,5054.71,47177.26,30,8045,0.968,False,none,False,
INV-2025-002044,Indus Valley Textiles,20KVTCZ0544M1Z1,2025-03-13,2025-04-27,2025-03-14,PO-2025-3764,Admin,D'Souza,edi_feed,INR,296128.24,5,14806.41,310934.65,45,0435,0.94,False,none,False,
INV-2024-002045,Jyothi Print & Design,11TGYGY8309O1Z4,2024-02-24,2024-03-25,2024-02-25,PO-2024-8962,Logistics,K. Reddy,scanned_mail,INR,49783.35,5,2489.17,52272.52,30,8702,0.96,False,none,False,
INV-2026-002046,Quantum Networks Pvt Ltd,36KZVBO7265Q1Z0,2026-01-28,2026-03-29,2026-01-28,PO-2026-3536,Operations,M. Krishnan,email,INR,274779.06,0,0.0,274779.06,60,7387,0.915,False,none,False,
INV-2026-002047,Horizon Facilities Mgmt,33HIMHP1349D1Z6,2026-06-30,2026-07-15,2026-07-05,PO-2026-1304,Operations,N. Bhatt,edi_feed,INR,56010.54,5,2800.53,58811.07,15,1914,0.915,False,none,False,
INV-2025-002048,Horizon Facilities Mgmt,25YFDUP9526T1Z8,2025-03-02,2025-04-16,2025-03-05,PO-2025-8724,Procurement,M. Krishnan,scanned_mail,INR,133981.47,12,16077.78,150059.25,45,6382,0.98,False,none,False,
INV-2024-002049,Indus Valley Textiles,02YSKFS1297I1Z9,2024-02-20,2024-04-20,2024-02-20,PO-2024-5951,Logistics,R. Menon,scanned_mail,INR,127370.46,18,22926.68,150297.14,60,4006,0.912,False,none,False,
INV-2025-002050,Everest Packaging Co,19EUBWZ0621A1Z0,2025-09-28,2025-10-28,2025-09-30,PO-2025-1916,Finance,V. Desai,scanned_mail,INR,294852.07,28,82558.58,377410.65,30,3083,0.959,False,none,False,
INV-2024-002051,Orion Cloud Systems,28FVSWI3709N1Z4,2024-11-09,2024-11-24,2024-11-13,PO-2024-6253,Operations,R. Menon,scanned_mail,INR,339720.99,0,0.0,339720.99,15,2767,0.978,False,none,False,
INV-2024-002052,Everest Packaging Co,37CDBRG7063B1Z0,2024-07-26,2024-09-09,2024-07-27,PO-2024-9611,Logistics,N. Bhatt,scanned_mail,INR,77676.53,0,0.0,77676.53,45,2678,0.929,False,none,False,
INV-2024-002053,Yamuna Water Solutions,29CEQJZ3118G1Z5,2024-03-22,2024-04-21,2024-03-25,PO-2024-9126,Procurement,N. Bhatt,edi_feed,INR,7126.84,0,0.0,7126.84,30,7480,0.99,False,none,False,
INV-2025-002054,Apex Manpower Agency,35TFBTT9745H1Z6,2025-06-25,2025-07-25,2025-06-26,PO-2025-9057,Logistics,S. Kulkarni,scanned_mail,INR,224435.63,5,11221.78,235657.41,30,1113,0.91,False,none,False,
INV-2025-002055,Orion Cloud Systems,28KLYTQ4255K1Z4,2025-09-12,2025-10-27,2025-09-17,PO-2024-7980,HR,K. Reddy,scanned_mail,INR,247237.56,0,0.0,247237.56,45,6071,0.91,False,mismatched_po,True,PO number does not correspond to an open purchase order.
INV-2024-002056,Tejas Security Services,22EEPOO5434W1Z8,2024-07-07,2024-09-05,2024-07-07,PO-2024-7442,Marketing,D'Souza,edi_feed,INR,464494.48,28,130058.45,594552.93,60,0594,0.934,False,none,False,
INV-2025-002057,Falcon IT Solutions,07VGKTN9331M1Z5,2025-09-01,2025-10-16,2025-09-02,PO-2025-6062,Facilities,R. Menon,edi_feed,USD,305163.47,6,18309.81,323473.28,45,3128,0.959,False,none,False,
INV-2024-002058,Kaveri Industrial Parts,22JRDLK5651K1Z5,2024-08-03,2024-09-02,2024-08-04,PO-2024-8074,HR,P. Nair,email,INR,363619.89,28,101813.57,465433.46,30,4678,0.981,False,none,False,
INV-2024-002059,Zenith Office Furnishings,26GWEQY6845I1Z2,2024-11-01,2024-12-31,2024-11-06,PO-2024-5522,Marketing,R. Menon,scanned_mail,INR,383978.72,28,107514.04,491492.76,60,3047,0.961,False,none,False,
INV-2025-002060,Zenith Office Furnishings,29ESEOL3359A1Z7,2025-01-02,2025-02-01,2025-01-02,PO-2025-1777,HR,T. Rao,scanned_mail,INR,401886.76,18,72339.62,474226.38,30,9218,0.948,False,none,False,
INV-2026-002061,Indus Valley Textiles,15SXRLP9926Q1Z0,2026-07-23,2026-09-06,2026-07-28,PO-2026-5072,IT,N. Bhatt,email,INR,257233.39,28,72025.35,329258.74,45,9668,0.987,False,none,False,
INV-2025-002062,Chola Office Supplies,01RIMAF2703Q1Z6,2025-02-20,2025-03-07,2025-02-21,PO-2025-4366,Finance,R. Menon,scanned_mail,INR,87618.39,12,10514.21,98132.6,15,1055,0.98,False,none,False,
INV-2025-002063,Indus Valley Textiles,05UHNOQ5512R1Z4,2025-10-20,2025-11-04,2025-10-22,PO-2025-5704,Procurement,T. Rao,scanned_mail,INR,355422.67,0,0.0,355422.67,15,7966,0.947,False,none,False,
INV-2025-002064,Horizon Facilities Mgmt,20MAOZJ1220W1Z2,2025-05-23,2025-06-07,2025-05-27,PO-2025-6706,Logistics,M. Krishnan,email,INR,448931.72,5,22446.59,471378.31,15,9278,0.97,False,none,False,
INV-2024-002065,Aravind Steel Traders,34CYHMV6765Z1Z1,2024-02-26,2024-04-11,2024-02-27,PO-2024-8705,Facilities,R. Menon,scanned_mail,INR,430480.36,12,51657.64,482138.0,45,5381,0.993,False,none,False,
INV-2024-002066,Kaveri Industrial Parts,30UOAPD8185Z1Z7,2024-06-05,2024-08-04,2024-06-08,PO-2024-4659,Operations,T. Rao,email,INR,207981.28,28,58234.76,266216.04,60,9366,0.905,False,none,False,
INV-2026-002067,Indus Valley Textiles,32LLKHN4708S1Z3,2026-07-13,2026-09-11,2026-07-15,PO-2026-3959,Finance,A. Iyer,edi_feed,INR,462001.09,5,23100.05,485101.14,60,9170,0.994,False,none,False,
INV-2024-002068,Kaveri Industrial Parts,12BUFOZ3306L1Z0,2024-12-22,2025-02-20,2024-12-25,PO-2024-5721,Admin,R. Menon,email,INR,314242.07,18,56563.57,370805.64,60,4384,0.934,False,none,False,
INV-2025-002069,Jyothi Print & Design,29CJUMB8185Q1Z2,2025-08-29,2025-09-13,2025-08-31,PO-2025-5949,Facilities,K. Reddy,vendor_portal,INR,166300.25,0,0.0,166300.25,15,6018,0.965,False,none,False,
INV-2025-002070,Jyothi Print & Design,29VCZLG9117W1Z3,2025-09-11,2025-09-26,2025-09-14,PO-2025-4993,Finance,V. Desai,edi_feed,INR,133668.16,0,0.0,133668.16,15,4938,0.926,False,none,False,
INV-2025-002071,Wingspan Travel Corp,34LOKQD3929A1Z5,2025-02-14,2025-04-15,2025-02-17,PO-2025-6848,Admin,N. Bhatt,scanned_mail,INR,265197.73,28,74255.36,339453.09,60,8392,0.95,False,none,False,
INV-2025-002072,Deccan Electricals,26OQGTP1291I1Z3,2025-10-09,2025-12-08,2025-10-12,PO-2025-7523,Facilities,K. Reddy,email,INR,74702.57,18,13446.46,88149.03,60,9812,0.982,False,none,False,
INV-2025-002073,Bluewave Logistics Pvt Ltd,36QVPXO3367P1Z3,2025-05-09,2025-05-24,2025-05-12,PO-2025-3737,Legal,N. Bhatt,scanned_mail,INR,433688.16,5,21684.41,455372.57,15,5202,0.907,False,none,False,
INV-2024-002074,Meridian Consulting Group,25HZJTH8572W1Z6,2024-03-03,2024-04-17,2024-03-03,PO-2024-4847,Facilities,A. Iyer,edi_feed,INR,334573.78,28,93680.66,428254.44,45,3014,0.963,False,none,False,
INV-2025-002075,Yamuna Water Solutions,36YBYTM7883M1Z1,2025-06-15,2025-07-30,2025-06-17,PO-2025-3138,Finance,K. Reddy,email,INR,262456.63,28,73487.86,335944.49,45,3760,0.989,False,none,False,
INV-2025-002076,Bluewave Logistics Pvt Ltd,21CSIFK8234I1Z3,2025-06-04,2025-06-19,2025-06-09,PO-2025-4522,Procurement,K. Reddy,scanned_mail,INR,455499.57,12,54659.95,510159.52,15,3907,0.939,False,none,False,
INV-2026-002077,Meridian Consulting Group,16QJRLY0414Q1Z1,2026-02-19,2026-03-21,2026-02-19,PO-2025-4551,Marketing,P. Nair,scanned_mail,USD,294386.92,8,23550.95,317937.87,30,3452,0.931,True,duplicate_invoice,True,Same vendor/amount seen on a prior invoice within 10 days.
INV-2024-002078,Global Freight Partners,33JKBLI0572N1Z6,2024-08-24,2024-10-08,2024-08-24,PO-2024-4108,Marketing,P. Nair,vendor_portal,INR,375796.01,12,45095.52,420891.53,45,7576,0.974,False,none,False,
INV-2026-002079,Tejas Security Services,22HOFRE1167M1Z5,2026-05-26,2026-07-10,2026-05-30,PO-2026-1788,Legal,M. Krishnan,scanned_mail,INR,280365.17,28,78502.25,358867.42,45,1699,0.95,False,none,False,
INV-2024-002080,Ganga Freight Services,37HKWWQ3342J1Z5,2024-10-10,2024-10-25,2024-10-13,PO-2024-4577,Procurement,D'Souza,vendor_portal,INR,101034.18,28,28289.57,129323.75,15,4879,0.934,False,none,False,
INV-2024-002081,Aravind Steel Traders,15DSTKN3044W1Z6,2024-08-26,2024-09-10,2024-08-29,PO-2024-4333,Finance,M. Krishnan,edi_feed,INR,171606.19,5,8580.31,180186.5,15,6543,0.963,False,none,False,
INV-2024-002082,Deccan Electricals,09IZBZC9796Q1Z4,2024-11-11,2024-11-26,2024-11-11,PO-2024-7117,Marketing,K. Reddy,email,USD,73972.4,0,0.0,73972.4,15,1033,0.957,False,none,False,
INV-2025-002083,Orion Cloud Systems,03CVWGW8268T1Z0,2025-09-18,2025-11-02,2025-09-21,PO-2025-2141,Logistics,K. Reddy,email,INR,211493.05,28,59218.05,270711.1,45,4403,0.923,False,none,False,
INV-2025-002084,Northgate Print Hub,03IJSBY7944R1Z3,2025-10-06,2025-11-05,2025-10-09,PO-2025-3046,Procurement,D'Souza,email,EUR,169827.2,6,10189.63,180016.83,30,2896,0.98,False,none,False,
INV-2024-002085,Chola Office Supplies,21JCDUF3917S1Z4,2024-05-16,2024-06-30,2024-05-20,PO-2024-3205,Finance,V. Desai,vendor_portal,INR,204609.77,0,0.0,204609.77,45,5048,0.904,False,none,False,
INV-2024-002086,Aravind Steel Traders,36QBDFZ3920G1Z7,2024-05-20,2024-06-04,2024-05-24,PO-2024-7982,Operations,R. Menon,vendor_portal,INR,101066.03,12,12127.92,113193.95,15,3944,0.969,False,none,False,
INV-2024-002087,Prakash Stationery Mart,15QPGLV8107Y1Z3,2024-03-05,2024-03-20,2024-03-07,PO-2024-3164,Legal,P. Nair,edi_feed,USD,127077.52,10,12707.75,139785.27,15,9128,0.986,False,none,False,
INV-2024-002088,Nandi Hardware Co,08PODDI4486U1Z6,2024-03-25,2024-04-24,2024-03-27,PO-2024-8177,Procurement,K. Reddy,email,USD,341595.17,0,0.0,341595.17,30,5346,0.942,False,none,False,
INV-2026-002089,Raagam Interiors,35WIXMS7514U1Z9,2026-06-23,2026-08-07,2026-06-26,PO-2026-9135,Facilities,T. Rao,vendor_portal,USD,68877.8,0,0.0,68877.8,45,6483,0.978,False,none,False,
INV-2025-002090,Kaveri Industrial Parts,01HWSYY7573T1Z8,2025-02-26,2025-03-13,2025-02-28,PO-2025-3416,Operations,V. Desai,scanned_mail,INR,172779.94,0,0.0,172779.94,15,9597,0.943,False,none,False,
INV-2025-002091,Quantum Networks Pvt Ltd,27KFWCK9362P1Z2,2025-12-04,2026-01-18,2025-12-08,PO-2025-5706,Logistics,S. Kulkarni,email,INR,340091.46,0,0.0,340091.46,45,9353,0.93,False,none,False,
INV-2026-002092,Meridian Consulting Group,15FVVSJ9614S1Z3,2026-08-24,2026-09-08,2026-08-27,PO-2026-5596,Finance,R. Menon,scanned_mail,EUR,134474.19,0,0.0,134474.19,15,2176,0.929,False,none,False,
INV-2025-002093,Quantum Networks Pvt Ltd,04UTHIQ8537B1Z8,2025-04-22,2025-05-22,2025-04-24,PO-2025-9119,Finance,S. Kulkarni,scanned_mail,INR,249823.15,5,12491.16,262314.31,30,6503,0.938,False,none,False,
INV-2026-002094,Chola Office Supplies,25BYECS3117E1Z2,2026-04-18,2026-05-03,2026-04-20,PO-2026-6723,Facilities,D'Souza,edi_feed,INR,258239.1,5,12911.95,271151.05,15,6924,0.956,False,none,False,
INV-2025-002095,Ganga Freight Services,03SBZYQ8096P1Z1,2025-04-13,2025-05-28,2025-04-14,PO-2025-3130,Finance,M. Krishnan,email,USD,404740.88,0,0.0,404740.88,45,5902,0.932,False,none,False,
INV-2024-002096,Orion Cloud Systems,06ALVWM4175G1Z2,2024-01-10,2024-02-09,2024-01-15,PO-2024-1910,Admin,P. Nair,edi_feed,INR,265632.65,28,74377.14,340009.79,30,2104,0.98,False,none,False,
INV-2024-002097,Indus Valley Textiles,13SIGTQ0906C1Z3,2024-01-28,2024-02-27,2024-01-29,PO-2024-5020,Admin,T. Rao,edi_feed,INR,200770.06,0,0.0,200770.06,30,9336,0.99,False,none,False,
INV-2026-002098,Sundaram Motors Spares,34QKURU7120G1Z6,2026-04-27,2026-06-26,2026-04-29,PO-2026-7978,Procurement,V. Desai,vendor_portal,INR,352877.49,18,63517.95,416395.44,60,8451,0.913,False,none,False,
INV-2024-002099,Northgate Print Hub,31CIEMJ5181P1Z2,2024-12-12,2025-01-11,2024-12-14,PO-2024-1310,Logistics,K. Reddy,edi_feed,INR,445939.96,18,80269.19,526209.15,30,4042,0.974,False,none,False,
INV-2025-002100,Falcon IT Solutions,24XYRWD8718U1Z4,2025-05-07,2025-07-06,2025-05-07,PO-2025-2735,IT,M. Krishnan,email,INR,312230.38,12,37467.65,349698.03,60,6968,0.907,False,none,False,
INV-2026-002101,Apex Manpower Agency,02YAVMP4893E1Z4,2026-01-16,2026-03-02,2026-01-20,PO-2026-3116,Facilities,R. Menon,vendor_portal,INR,384990.32,28,107797.29,492787.61,45,2863,0.994,False,none,False,
INV-2026-002102,Wingspan Travel Corp,26UJZLB6914B1Z1,2026-05-03,2026-05-18,2026-05-08,PO-2026-6983,Finance,N. Bhatt,edi_feed,INR,223196.18,12,26783.54,249979.72,15,0851,0.955,False,none,False,
INV-2026-002103,Bluewave Logistics Pvt Ltd,36EMDFP8766K1Z3,2026-08-03,2026-09-02,2026-08-04,PO-2026-7193,Admin,M. Krishnan,edi_feed,INR,169950.85,28,47586.24,217537.09,30,0007,0.99,False,none,False,
INV-2025-002104,Yamuna Water Solutions,04PRCTG4926Z1Z5,2025-06-12,2025-07-12,2025-06-13,PO-2025-8481,Facilities,M. Krishnan,vendor_portal,USD,195691.15,0,0.0,195691.15,30,7002,0.914,False,none,False,
INV-2024-002105,Chola Office Supplies,10HAAUD1362P1Z6,2024-09-25,2024-10-10,2024-09-30,PO-2023-8637,Operations,N. Bhatt,scanned_mail,INR,304995.44,5,15249.77,320245.21,15,7294,0.974,False,mismatched_po,True,PO number does not correspond to an open purchase order.
INV-2026-002106,Yamuna Water Solutions,11DJUDB6924H1Z7,2026-06-05,2026-07-20,2026-06-05,PO-2026-3874,Operations,M. Krishnan,scanned_mail,INR,458877.17,12,55065.26,513942.43,45,6148,0.965,False,none,False,
INV-2025-002107,Meridian Consulting Group,12BULLX6995E1Z8,2025-04-21,2025-06-05,2025-04-24,PO-2025-4880,Operations,V. Desai,vendor_portal,INR,194900.8,18,35082.14,229982.94,45,2975,0.925,False,none,False,
INV-2024-002108,Sundaram Motors Spares,19VRCXU8080E1Z2,2024-12-27,2025-01-11,2025-01-01,PO-2024-4701,Finance,D'Souza,scanned_mail,INR,320401.34,12,38448.16,358849.5,15,7086,0.962,False,none,False,
INV-2025-002109,Lotus Catering Services,36FUWVN9858O1Z4,2025-06-05,2025-07-20,2025-06-07,PO-2025-4832,Finance,K. Reddy,scanned_mail,INR,111271.71,18,20028.91,131300.62,45,9362,0.922,False,none,False,
INV-2025-002110,Zenith Office Furnishings,31BMJXD6243L1Z8,2025-05-18,2025-07-17,2025-05-21,PO-2025-3263,Operations,P. Nair,vendor_portal,INR,400451.54,12,48054.18,448505.72,60,7726,0.934,False,none,False,
INV-2024-002111,Umbra Services LLP,GSTIN-MISSING,2024-09-14,2024-10-14,2024-09-14,PO-2024-4228,Legal,D'Souza,vendor_portal,USD,5201.46,6,312.09,5513.55,30,1858,0.768,False,ghost_vendor,True,Vendor has no prior transaction history; GSTIN fails format check.
INV-2026-002112,Tejas Security Services,20VKHIL9446F1Z4,2026-01-13,2026-02-12,2026-01-14,PO-2026-4246,IT,V. Desai,vendor_portal,INR,111436.16,5,5571.81,117007.97,30,2854,0.989,False,none,False,
INV-2026-002113,Udupi Fresh Foods,31OUUXZ8639F1Z4,2026-07-27,2026-09-25,2026-07-29,PO-2026-5781,Finance,A. Iyer,vendor_portal,INR,188281.52,18,33890.67,222172.19,60,5384,0.978,False,none,False,
INV-2024-002114,Kaveri Industrial Parts,35TKULS0532R1Z0,2024-09-15,2024-09-30,2024-09-18,PO-2024-2337,Operations,M. Krishnan,edi_feed,INR,120670.94,0,0.0,120670.94,15,8208,0.939,False,none,False,
INV-2025-002115,Yamuna Water Solutions,12NFDDY5969L1Z9,2025-07-05,2025-08-19,2025-07-09,PO-2025-8127,Facilities,M. Krishnan,scanned_mail,EUR,120717.55,0,0.0,120717.55,45,9676,0.947,False,none,False,
INV-2025-002116,Raagam Interiors,32PFQOR1299U1Z4,2025-11-28,2025-12-28,2025-11-29,PO-2025-9330,Operations,R. Menon,vendor_portal,INR,147176.32,12,17661.16,164837.48,30,6813,0.923,False,none,False,
INV-2025-002117,Nandi Hardware Co,01JGIJP8364X1Z5,2025-06-01,2025-07-31,2025-06-03,PO-2025-8024,Facilities,V. Desai,scanned_mail,INR,32833.73,12,3940.05,36773.78,60,0877,0.987,False,none,False,
INV-2025-002118,Apex Manpower Agency,37HUQHC5138U1Z4,2025-02-25,2025-04-26,2025-02-25,PO-2025-3249,Admin,R. Menon,email,INR,273671.58,5,13683.58,287355.16,60,5739,0.922,False,none,False,
INV-2024-002119,Global Freight Partners,05EWPEI1148U1Z7,2024-08-03,2024-08-18,2024-08-08,PO-2024-3477,HR,D'Souza,edi_feed,INR,415987.12,0,0.0,415987.12,15,1262,0.951,False,none,False,
INV-2025-002120,Zenith Office Furnishings,27TTKKH7808Q1Z6,2025-02-02,2025-02-17,2025-02-06,PO-2025-8006,Operations,M. Krishnan,edi_feed,INR,31064.88,12,3727.79,34792.67,15,0196,0.927,False,none,False,
INV-2026-002121,Apex Manpower Agency,23LGBPL5101N1Z4,2026-07-23,2026-09-06,2026-07-26,PO-2026-3224,Procurement,N. Bhatt,edi_feed,INR,354055.43,0,0.0,354055.43,45,0683,0.923,False,none,False,
INV-2025-002122,Trident Trading Co,12ABCDE,2025-12-07,2025-12-22,2025-12-09,PO-2025-9651,IT,M. Krishnan,scanned_mail,USD,173078.59,0,0.0,173078.59,15,3621,0.833,False,ghost_vendor,True,Vendor has no prior transaction history; GSTIN fails format check.
INV-2025-002123,Umbra Services LLP,GSTIN-MISSING,2025-01-05,2025-02-04,2025-01-10,PO-2025-4038,Finance,D'Souza,edi_feed,INR,113129.57,28,31676.28,144805.85,30,3651,0.827,False,ghost_vendor,True,Vendor has no prior transaction history; GSTIN fails format check.
INV-2026-002124,Deccan Electricals,23KQOQP9788K1Z1,2026-06-10,2026-07-25,2026-06-13,PO-2026-4709,Marketing,V. Desai,email,INR,229058.2,12,27486.98,256545.18,45,3720,0.979,False,none,False,
INV-2026-002125,Tejas Security Services,06RJUUY9085X1Z6,2026-05-17,2026-07-16,2026-05-20,PO-2026-8584,Logistics,T. Rao,vendor_portal,INR,242527.0,28,67907.56,310434.56,60,0311,0.98,False,none,False,
INV-2024-002126,Everest Packaging Co,07CPJCB0550V1Z1,2024-02-15,2024-04-15,2024-02-16,PO-2024-8709,IT,S. Kulkarni,email,INR,62661.98,18,11279.16,73941.14,60,2452,0.953,False,none,False,
INV-2025-002127,Zenith Office Furnishings,18APIMQ0406N1Z4,2025-08-11,2025-09-10,2025-08-16,PO-2025-3412,Marketing,S. Kulkarni,vendor_portal,EUR,304613.29,10,30461.33,335074.62,30,3396,0.97,False,none,False,
INV-2025-002128,Quantum Networks Pvt Ltd,07LXYPB3225L1Z9,2025-02-26,2025-04-27,2025-03-02,PO-2025-6992,Logistics,N. Bhatt,vendor_portal,INR,169064.95,12,20287.79,189352.74,60,2524,0.915,False,none,False,
INV-2024-002129,Tejas Security Services,20UJPAZ5794Y1Z3,2024-12-13,2025-01-27,2024-12-17,PO-2024-3447,IT,K. Reddy,email,INR,288911.68,5,14445.58,303357.26,45,9616,0.92,False,none,False,
INV-2025-002130,Chola Office Supplies,20EJOWT6874G1Z6,2025-04-20,2025-05-20,2025-04-25,PO-2025-5510,Legal,A. Iyer,vendor_portal,INR,395608.63,18,71209.55,466818.18,30,1676,0.906,False,none,False,
INV-2024-002131,Coastal Cargo Movers,01RVIMP4666I1Z2,2024-10-22,2024-11-21,2024-10-23,PO-2024-8180,Finance,S. Kulkarni,edi_feed,INR,442628.94,28,123936.1,566565.04,30,5220,0.915,False,none,False,
INV-2025-002132,Northgate Print Hub,25DZKDB9618T1Z7,2025-10-29,2025-12-28,2025-10-30,PO-2025-2155,Operations,N. Bhatt,email,INR,12121.98,28,3394.15,15516.13,60,3870,0.97,False,none,False,
INV-2025-002133,Raagam Interiors,34FQCJR6325C1Z4,2025-10-30,2025-12-29,2025-11-01,PO-2025-7994,Legal,R. Menon,vendor_portal,EUR,264008.01,6,15840.48,279848.49,60,8939,0.927,False,none,False,
INV-2026-002134,Umbra Services LLP,00INVALID000,2026-02-24,2026-03-11,2026-03-01,PO-2026-9460,Logistics,K. Reddy,email,INR,333052.9,0,0.0,333052.9,15,0166,0.806,False,ghost_vendor,True,Vendor has no prior transaction history; GSTIN fails format check.
INV-2024-002135,Vishwa Engineering Works,13UNWEH9364P1Z8,2024-03-08,2024-04-22,2024-03-10,PO-2024-5005,Operations,N. Bhatt,edi_feed,USD,209139.57,10,20913.96,230053.53,45,4578,0.947,False,none,False,
INV-2025-002136,Udupi Fresh Foods,06EWZMM3909I1Z4,2025-02-07,2025-03-09,2025-02-07,PO-2025-8470,Admin,R. Menon,edi_feed,INR,191247.24,18,34424.5,225671.74,30,5662,0.978,False,none,False,
INV-2025-002137,Bright Path Cleaning Services,34TOVDC9341Y1Z9,2025-07-28,2025-08-12,2025-08-02,PO-2025-1091,Operations,K. Reddy,edi_feed,INR,376839.01,0,0.0,376839.01,15,1388,0.974,False,none,False,
INV-2026-002138,Coastal Cargo Movers,26KFIUS7908B1Z4,2026-04-15,2026-06-14,2026-04-16,PO-2026-4543,Logistics,T. Rao,email,INR,227679.45,5,11383.97,239063.42,60,1797,0.955,False,none,False,
INV-2024-002139,Chola Office Supplies,28CMUUV1191K1Z6,2024-03-31,2024-04-15,2024-04-04,PO-2024-5276,Facilities,V. Desai,vendor_portal,INR,412317.24,12,49478.07,461795.31,15,7820,0.946,False,none,False,
INV-2025-002140,Lotus Catering Services,16SCASB9884V1Z1,2025-03-03,2025-03-18,2025-03-04,PO-2025-9713,Logistics,A. Iyer,scanned_mail,INR,382015.03,5,19100.75,401115.78,15,3453,0.939,False,none,False,
INV-2025-002141,Falcon IT Solutions,04FENYF9615R1Z8,2025-08-07,2025-10-06,2025-08-09,PO-2025-3300,Logistics,D'Souza,scanned_mail,INR,189408.51,5,9470.43,198878.94,60,8366,0.936,False,none,False,
INV-2024-002142,Tejas Security Services,32ARLEY6136T1Z7,2024-06-14,2024-06-29,2024-06-18,PO-2023-8874,Marketing,K. Reddy,vendor_portal,USD,345983.23,0,0.0,345983.23,15,0613,0.987,False,mismatched_po,True,PO number does not correspond to an open purchase order.
INV-2025-002143,Raagam Interiors,09MMIEH5828K1Z1,2025-04-02,2025-05-17,2025-04-02,PO-2025-8999,IT,N. Bhatt,email,INR,158357.55,0,0.0,158357.55,45,9246,0.917,False,none,False,
INV-2025-002144,Coastal Cargo Movers,35LBCLF1210X1Z2,2025-12-08,2025-12-23,2025-12-13,PO-2025-3095,Finance,S. Kulkarni,scanned_mail,INR,414661.51,18,74639.07,489300.58,15,0518,0.96,False,none,False,
INV-2025-002145,Quantum Networks Pvt Ltd,28GLQNF6247K1Z9,2025-07-20,2025-08-04,2025-07-21,PO-2025-4762,Finance,A. Iyer,scanned_mail,INR,365841.07,5,18292.05,384133.12,15,8332,0.978,False,none,False,
INV-2025-002146,Tejas Security Services,29FEBEG3250Y1Z0,2025-07-23,2025-08-22,2025-07-28,PO-2025-6451,HR,N. Bhatt,vendor_portal,USD,469794.04,10,46979.4,516773.44,30,1108,0.936,False,none,False,
INV-2026-002147,Sundaram Motors Spares,13FNHUM9673W1Z3,2026-03-01,2026-03-31,2026-03-03,PO-2026-1254,Finance,V. Desai,edi_feed,USD,11513.17,0,0.0,11513.17,30,8125,0.926,False,none,False,
INV-2025-002148,Udupi Fresh Foods,17KLJGY2496N1Z5,2025-11-11,2025-11-26,2025-11-12,PO-2025-6846,HR,A. Iyer,email,USD,29369.6,8,2349.57,31719.17,15,5841,0.919,False,none,False,
INV-2026-002149,Yamuna Water Solutions,19WYTFI5730B1Z0,2026-03-20,2026-04-19,2026-03-24,PO-2026-3935,Operations,T. Rao,vendor_portal,INR,236562.92,12,28387.55,264950.47,30,1430,0.936,False,none,False,
INV-2025-002150,Sundaram Motors Spares,25PJQBD3792K1Z9,2025-03-16,2025-04-30,2025-03-17,PO-2025-3700,Legal,M. Krishnan,edi_feed,INR,165149.38,12,19817.93,184967.31,45,5318,0.969,False,none,False,
INV-2025-002151,Quantum Networks Pvt Ltd,12DZQFF1260S1Z0,2025-04-21,2025-06-20,2025-04-23,PO-2025-1364,IT,M. Krishnan,email,INR,75825.08,12,9099.01,84924.09,60,5994,0.962,False,none,False,
INV-2025-002152,Nandi Hardware Co,12RLXKO1554Y1Z4,2025-05-04,2025-06-18,2025-05-08,PO-2025-4064,Procurement,R. Menon,scanned_mail,INR,154627.95,12,18555.35,173183.3,45,9003,0.905,False,none,False,
INV-2026-002153,Prakash Stationery Mart,33HLJGB4286Z1Z9,2026-07-23,2026-08-22,2026-07-23,PO-2026-3968,Logistics,P. Nair,vendor_portal,INR,12208.3,18,2197.49,14405.79,30,3560,0.949,False,none,False,
INV-2024-002154,Nandi Hardware Co,31LXXRV6435O1Z5,2024-10-07,2024-12-06,2024-10-12,PO-2024-8240,IT,K. Reddy,vendor_portal,INR,10156.05,28,2843.69,12999.74,60,8381,0.948,False,weekend_submission,True,Submitted outside business hours/days with no prior pattern for this vendor.
INV-2026-002155,Tejas Security Services,05WDRPA2934Y1Z0,2026-04-06,2026-06-05,2026-04-06,PO-2026-5766,Logistics,D'Souza,vendor_portal,USD,305472.89,0,0.0,305472.89,60,2335,0.989,False,none,False,
INV-2026-002156,Global Freight Partners,12QFZHR7177Y1Z5,2026-03-17,2026-05-01,2026-03-21,PO-2026-2364,Facilities,S. Kulkarni,edi_feed,INR,101742.84,12,12209.14,113951.98,45,4497,0.915,False,none,False,
INV-2024-002157,Aravind Steel Traders,06QHAAY9205W1Z1,2024-07-01,2024-07-31,2024-07-01,PO-2025-8428,Operations,K. Reddy,email,INR,74223.99,5,3711.2,77935.19,30,3245,0.915,True,duplicate_invoice,True,Same vendor/amount seen on a prior invoice within 10 days.
INV-2025-002158,Everest Packaging Co,09ZKVQS2864H1Z9,2025-03-19,2025-04-18,2025-03-20,PO-2025-3435,Logistics,R. Menon,edi_feed,INR,56128.03,28,15715.85,71843.88,30,4377,0.977,False,none,False,
INV-2024-002159,Quantum Networks Pvt Ltd,20PJBLL3902R1Z3,2024-10-28,2024-12-27,2024-11-01,PO-2024-1299,IT,A. Iyer,scanned_mail,INR,403986.5,5,20199.33,424185.83,60,3781,0.98,False,none,False,
INV-2025-002160,Apex Manpower Agency,25RWYAZ1405O1Z2,2025-01-02,2025-01-17,2025-01-05,PO-2025-8009,Marketing,D'Souza,vendor_portal,INR,432387.29,18,77829.71,510217.0,15,5082,0.922,False,none,False,
INV-2026-002161,Horizon Facilities Mgmt,37KSKZD5018Y1Z8,2026-03-29,2026-05-13,2026-04-02,PO-2026-5405,Operations,R. Menon,email,EUR,335181.41,10,33518.14,368699.55,45,1448,0.975,False,none,False,
INV-2026-002162,Ganga Freight Services,31QMIXM8948A1Z6,2026-03-19,2026-04-18,2026-03-23,PO-2026-8644,Finance,P. Nair,edi_feed,INR,459964.88,28,128790.17,588755.05,30,7546,0.931,False,none,False,
INV-2025-002163,Global Freight Partners,30FWTIY1152D1Z1,2025-02-17,2025-04-18,2025-02-18,PO-2025-1019,Marketing,V. Desai,edi_feed,INR,78755.74,5,3937.79,82693.53,60,6234,0.933,False,none,False,
INV-2026-002164,Global Freight Partners,31FESJV3081V1Z8,2026-05-29,2026-06-28,2026-06-02,PO-2026-6962,Logistics,K. Reddy,email,INR,14759.79,5,737.99,15497.78,30,6214,0.904,False,none,False,
INV-2025-002165,Quantum Networks Pvt Ltd,37VSGQR5615P1Z3,2025-11-17,2026-01-16,2025-11-22,PO-2025-4216,Finance,N. Bhatt,edi_feed,INR,16632.34,5,831.62,17463.96,60,7015,0.929,False,none,False,
INV-2025-002166,Ganga Freight Services,22RAQIA6963I1Z4,2025-04-06,2025-04-21,2025-04-09,PO-2025-7249,Marketing,T. Rao,scanned_mail,INR,165622.78,5,8281.14,173903.92,15,4067,0.978,False,none,False,
INV-2025-002167,Everest Packaging Co,17TCGSM1867X1Z8,2025-07-02,2025-08-16,2025-07-02,PO-2025-2571,HR,D'Souza,scanned_mail,INR,140226.24,28,39263.35,179489.59,45,7534,0.964,False,none,False,
INV-2026-002168,Northgate Print Hub,27QFMIQ8497I1Z7,2026-08-17,2026-09-01,2026-08-21,PO-2026-4307,Operations,M. Krishnan,email,INR,51051.32,18,9189.24,60240.56,15,9330,0.939,False,none,False,
INV-2024-002169,Zenith Office Furnishings,33RQJVQ5062I1Z5,2024-01-16,2024-02-15,2024-01-16,PO-2024-7140,Legal,N. Bhatt,edi_feed,INR,258955.36,0,0.0,258955.36,30,7609,0.927,False,none,False,
INV-2025-002170,Lotus Catering Services,22RCFFL9775C1Z8,2025-08-25,2025-10-09,2025-08-30,PO-2025-5280,Facilities,K. Reddy,email,INR,430126.26,18,77422.73,507548.99,45,8389,0.965,False,none,False,
INV-2024-002171,Global Freight Partners,02RDWJJ5744C1Z4,2024-07-23,2024-09-06,2024-07-23,PO-2024-6773,Legal,K. Reddy,edi_feed,INR,264487.05,18,47607.67,312094.72,45,8746,0.915,False,none,False,
INV-2025-002172,Apex Manpower Agency,03EETRE0566J1Z8,2025-04-03,2025-05-18,2025-04-03,PO-2025-8442,HR,K. Reddy,scanned_mail,INR,211665.51,5,10583.28,222248.79,45,3502,0.94,False,none,False,
INV-2025-002173,Falcon IT Solutions,27SJBSZ0052K1Z8,2025-04-04,2025-05-04,2025-04-06,PO-2025-5395,Finance,R. Menon,vendor_portal,EUR,424059.56,10,42405.96,466465.52,30,7072,0.949,False,none,False,
INV-2026-002174,Ganga Freight Services,32VRDJW1165E1Z2,2026-03-08,2026-05-07,2026-03-08,PO-2025-3112,Legal,M. Krishnan,vendor_portal,INR,211399.56,28,59191.88,270591.44,60,8879,0.995,False,mismatched_po,True,PO number does not correspond to an open purchase order.
INV-2026-002175,Bluewave Logistics Pvt Ltd,08UXQRK1516T1Z0,2026-03-03,2026-04-02,2026-03-07,PO-2026-8669,HR,P. Nair,scanned_mail,INR,222127.36,0,0.0,222127.36,30,5381,0.917,False,weekend_submission,True,Submitted outside business hours/days with no prior pattern for this vendor.
INV-2026-002176,Tejas Security Services,37BIUHA2187H1Z4,2026-02-18,2026-03-05,2026-02-20,PO-2026-7551,Admin,M. Krishnan,email,INR,137413.65,18,24734.46,162148.11,15,1395,0.944,False,none,False,
INV-2024-002177,Lotus Catering Services,01TYANE2132F1Z4,2024-12-30,2025-02-13,2024-12-31,PO-2024-3885,Legal,T. Rao,edi_feed,EUR,61275.38,8,4902.03,66177.41,45,7991,0.974,False,none,False,
INV-2025-002178,Aravind Steel Traders,26SXEGM8671H1Z0,2025-04-21,2025-06-20,2025-04-24,PO-2025-8316,Procurement,T. Rao,vendor_portal,INR,433135.48,18,77964.39,511099.87,60,2047,0.948,False,none,False,
INV-2026-002179,Udupi Fresh Foods,14AGQEE0065Q1Z1,2026-05-28,2026-06-27,2026-05-31,PO-2026-8085,Procurement,V. Desai,edi_feed,INR,42286.14,18,7611.51,49897.65,30,7941,0.912,False,split_invoice,True,"Amount sits just under the approval threshold, alongside a same-day sibling invoice."
INV-2024-002180,Quantum Networks Pvt Ltd,25ILRKP8685X1Z3,2024-09-05,2024-10-05,2024-09-09,PO-2024-2325,Admin,S. Kulkarni,edi_feed,INR,278317.18,5,13915.86,292233.04,30,1312,0.936,False,none,False,
INV-2025-002181,Northgate Print Hub,01NYGFE4734I1Z4,2025-02-25,2025-03-12,2025-02-27,PO-2025-6842,Legal,P. Nair,edi_feed,USD,302046.67,0,0.0,302046.67,15,3336,0.988,False,none,False,
INV-2025-002182,Lotus Catering Services,06CCSWI1156O1Z4,2025-05-01,2025-05-31,2025-05-03,PO-2025-3762,Admin,N. Bhatt,vendor_portal,INR,59119.31,0,0.0,59119.31,30,0033,0.904,False,none,False,
INV-2024-002183,Falcon IT Solutions,18HXECH3617D1Z6,2024-01-24,2024-02-08,2024-01-25,PO-2024-3549,Facilities,S. Kulkarni,vendor_portal,INR,354662.04,12,42559.44,397221.48,15,5989,0.978,False,none,False,
INV-2026-002184,Bluewave Logistics Pvt Ltd,28PZVDW9506R1Z8,2026-04-24,2026-05-24,2026-04-26,PO-2026-6454,Procurement,R. Menon,email,INR,370381.38,18,66668.65,437050.03,30,8522,0.987,False,none,False,
INV-2024-002185,Deccan Electricals,08AQOYH7098F1Z5,2024-07-07,2024-08-21,2024-07-08,PO-2024-9867,Legal,N. Bhatt,vendor_portal,INR,418564.22,5,20928.21,439492.43,45,0711,0.901,False,none,False,
INV-2026-002186,Prakash Stationery Mart,32YRBQG5534S1Z3,2026-02-19,2026-04-05,2026-02-24,PO-2026-1292,Admin,R. Menon,edi_feed,USD,300065.93,10,30006.59,330072.52,45,8813,0.943,False,none,False,
INV-2026-002187,Northgate Print Hub,29KXSHN5866J1Z8,2026-05-17,2026-06-16,2026-05-18,PO-2026-8836,Operations,T. Rao,scanned_mail,INR,86280.24,28,24158.47,110438.71,30,9423,0.955,False,none,False,
INV-2025-002188,Udupi Fresh Foods,27XPWLP2555T1Z9,2025-12-15,2026-01-29,2025-12-15,PO-2025-3527,Marketing,V. Desai,edi_feed,INR,233055.83,0,0.0,233055.83,45,0301,0.914,False,none,False,
INV-2025-002189,Nandi Hardware Co,15MQLXO7032E1Z9,2025-05-04,2025-06-18,2025-05-04,PO-2025-3882,IT,S. Kulkarni,vendor_portal,INR,13084.51,18,2355.21,15439.72,45,4825,0.995,False,none,False,
INV-2024-002190,Horizon Facilities Mgmt,18RRWGM6588T1Z2,2024-05-14,2024-07-13,2024-05-17,PO-2024-5843,HR,R. Menon,vendor_portal,INR,456792.87,18,82222.72,539015.59,60,6898,0.961,False,none,False,
INV-2025-002191,Meridian Consulting Group,10ZJWCU0560A1Z1,2025-11-21,2026-01-05,2025-11-21,PO-2025-2358,Procurement,S. Kulkarni,edi_feed,INR,129211.84,18,23258.13,152469.97,45,3518,0.956,False,none,False,
INV-2026-002192,Northgate Print Hub,21ACJIQ0786M1Z3,2026-05-16,2026-06-30,2026-05-18,PO-2026-2288,HR,R. Menon,vendor_portal,INR,361238.52,5,18061.93,379300.45,45,5980,0.98,False,none,False,
INV-2025-002193,Yamuna Water Solutions,24VUEYG2998M1Z6,2025-06-24,2025-07-24,2025-06-25,PO-2025-3100,Logistics,N. Bhatt,email,INR,476320.07,18,85737.61,562057.68,30,9260,0.917,True,duplicate_invoice,True,Same vendor/amount seen on a prior invoice within 10 days.
INV-2024-002194,Apex Manpower Agency,11MBRKC0556E1Z7,2024-01-05,2024-02-19,2024-01-07,PO-2024-2551,Marketing,T. Rao,edi_feed,INR,173149.38,5,8657.47,181806.85,45,2148,0.982,False,none,False,
INV-2026-002195,Ganga Freight Services,29CHBZF4285S1Z3,2026-06-21,2026-08-05,2026-06-26,PO-2026-1070,Logistics,D'Souza,vendor_portal,USD,345588.19,6,20735.29,366323.48,45,7501,0.994,False,none,False,
INV-2026-002196,Jyothi Print & Design,13NURGL8307P1Z4,2026-01-04,2026-01-19,2026-01-08,PO-2026-2938,IT,A. Iyer,email,INR,59094.72,18,10637.05,69731.77,15,1728,0.924,False,none,False,
INV-2024-002197,Horizon Facilities Mgmt,37PPZDT1808M1Z5,2024-06-18,2024-08-02,2024-06-21,PO-2024-9558,HR,V. Desai,email,INR,339502.06,0,0.0,339502.06,45,8064,0.913,False,none,False,
INV-2025-002198,Ganga Freight Services,11OSTOG1708V1Z1,2025-03-07,2025-04-21,2025-03-09,PO-2025-8533,Logistics,S. Kulkarni,email,INR,313556.36,28,87795.78,401352.14,45,0647,0.945,False,none,False,
INV-2026-002199,Chola Office Supplies,34HALCS8128U1Z5,2026-05-10,2026-06-24,2026-05-13,PO-2026-8676,Legal,S. Kulkarni,email,INR,410846.64,28,115037.06,525883.7,45,8123,0.967,False,none,False,
INV-2024-002200,Orion Cloud Systems,32QJKRB4352M1Z4,2024-12-02,2025-01-31,2024-12-07,PO-2024-2956,Logistics,S. Kulkarni,email,USD,137988.86,8,11039.11,149027.97,60,4262,0.902,False,none,False,
INV-2026-002201,Northgate Print Hub,30MOPSR5175H1Z2,2026-04-08,2026-04-23,2026-04-12,PO-2026-5616,Finance,N. Bhatt,edi_feed,USD,236696.12,8,18935.69,255631.81,15,9316,0.979,False,none,False,
INV-2024-002202,Apex Manpower Agency,16CWRBS8081S1Z6,2024-03-10,2024-04-24,2024-03-11,PO-2024-2319,IT,D'Souza,vendor_portal,INR,51919.16,0,0.0,51919.16,45,3873,0.933,False,none,False,
INV-2024-002203,Apex Manpower Agency,20KDZRX0600B1Z6,2024-02-19,2024-04-19,2024-02-19,PO-2024-9468,Legal,N. Bhatt,vendor_portal,INR,84851.93,28,23758.54,108610.47,60,6484,0.984,False,none,False,
INV-2024-002204,Quantum Networks Pvt Ltd,09KHJRK3301Z1Z4,2024-05-20,2024-06-04,2024-05-21,PO-2024-9565,Finance,T. Rao,edi_feed,INR,347972.75,5,17398.64,365371.39,15,5554,0.957,False,none,False,
INV-2026-002205,Tejas Security Services,27PNEZJ0739F1Z0,2026-07-24,2026-08-23,2026-07-27,PO-2026-2904,HR,D'Souza,scanned_mail,USD,60132.98,8,4810.64,64943.62,30,2107,0.936,False,none,False,
INV-2024-002206,Lotus Catering Services,24LKRTQ3191D1Z2,2024-01-29,2024-03-14,2024-02-02,PO-2024-6404,Facilities,K. Reddy,email,USD,241953.07,8,19356.25,261309.32,45,9036,0.963,False,none,False,
INV-2025-002207,Jyothi Print & Design,11TZOUS1485B1Z1,2025-07-03,2025-07-18,2025-07-06,PO-2025-5109,Operations,P. Nair,vendor_portal,INR,365133.06,28,102237.26,467370.32,15,5926,0.907,False,none,False,
INV-2025-002208,Coastal Cargo Movers,34BWNJH9201V1Z4,2025-12-25,2026-01-09,2025-12-27,PO-2025-7013,IT,A. Iyer,email,USD,176366.55,6,10581.99,186948.54,15,5868,0.949,False,none,False,
INV-2025-002209,Jyothi Print & Design,21JPXEP3782O1Z7,2025-07-07,2025-08-21,2025-07-07,PO-2025-9088,Procurement,R. Menon,scanned_mail,USD,58164.48,10,5816.45,63980.93,45,5128,0.907,False,none,False,
INV-2025-002210,Bluewave Logistics Pvt Ltd,26XGFQJ4241O1Z2,2025-05-07,2025-06-21,2025-05-09,PO-2025-6332,Logistics,D'Souza,email,INR,282128.0,18,50783.04,332911.04,45,8606,0.995,False,none,False,
INV-2025-002211,Chola Office Supplies,10ACTAI4479S1Z7,2025-12-31,2026-02-14,2026-01-03,PO-2025-8462,Legal,S. Kulkarni,email,INR,198320.2,18,35697.64,234017.84,45,7710,0.968,False,none,False,
INV-2025-002212,Wingspan Travel Corp,26ONZEU9659C1Z3,2025-07-23,2025-08-07,2025-07-27,PO-2025-3248,Logistics,P. Nair,edi_feed,INR,361597.32,12,43391.68,404989.0,15,3736,0.943,False,none,False,
INV-2026-002213,Indus Valley Textiles,37YYYZE8228P1Z9,2026-08-06,2026-08-21,2026-08-09,PO-2026-4398,Marketing,V. Desai,scanned_mail,USD,229543.78,6,13772.63,243316.41,15,1945,0.987,False,none,False,
INV-2024-002214,Umbra Services LLP,GSTIN-MISSING,2024-03-19,2024-04-18,2024-03-20,PO-2024-9840,Facilities,P. Nair,vendor_portal,INR,28884.27,0,0.0,28884.27,30,4410,0.711,False,ghost_vendor,True,Vendor has no prior transaction history; GSTIN fails format check.
INV-2024-002215,Tejas Security Services,26OQQXP1356F1Z8,2024-01-02,2024-03-02,2024-01-05,PO-2024-5675,Logistics,N. Bhatt,edi_feed,USD,381737.4,0,0.0,381737.4,60,0584,0.964,False,none,False,
INV-2024-002216,Deccan Electricals,22CIWMB8709Z1Z6,2024-07-11,2024-09-09,2024-07-16,PO-2024-2685,HR,S. Kulkarni,edi_feed,USD,391523.5,10,39152.35,430675.85,60,1104,0.993,False,none,False,
INV-2024-002217,Aravind Steel Traders,33ZZZPP8470R1Z5,2024-12-17,2025-01-31,2024-12-22,PO-2024-9546,Operations,S. Kulkarni,edi_feed,INR,66001.12,18,11880.2,77881.32,45,8215,0.937,False,none,False,
INV-2024-002218,Sundaram Motors Spares,20YOWJL4573Y1Z3,2024-10-13,2024-11-27,2024-10-16,PO-2024-1355,Admin,R. Menon,scanned_mail,INR,272261.73,28,76233.28,348495.01,45,8859,0.973,False,none,False,
INV-2026-002219,Meridian Consulting Group,15PPEYT2551Y1Z2,2026-05-07,2026-06-06,2026-05-07,PO-2026-1899,Marketing,A. Iyer,vendor_portal,INR,434902.6,28,121772.73,616432.74,30,2445,0.975,True,duplicate_invoice,True,Same vendor/amount seen on a prior invoice within 10 days.
INV-2026-002220,Coastal Cargo Movers,26RESSC8201X1Z0,2026-01-19,2026-02-18,2026-01-21,PO-2026-7080,Marketing,S. Kulkarni,edi_feed,INR,42372.88,18,7627.12,50000.0,30,4428,0.941,False,round_number_amount,True,Total is an unusually round figure for this line of business.
INV-2025-002221,Global Freight Partners,12OUUIQ3650O1Z6,2025-12-12,2025-12-27,2025-12-16,PO-2025-9650,Legal,A. Iyer,vendor_portal,USD,321326.18,8,25706.09,347032.27,15,0208,0.919,False,none,False,
INV-2026-002222,Bright Path Cleaning Services,01YARHN3054W1Z6,2026-08-22,2026-10-06,2026-08-22,PO-2026-2311,Logistics,S. Kulkarni,scanned_mail,INR,247725.31,0,0.0,247725.31,45,8069,0.929,False,none,False,
INV-2024-002223,Ganga Freight Services,13OOVYW1904N1Z3,2024-04-26,2024-06-10,2024-04-28,PO-2024-7286,Procurement,V. Desai,email,EUR,33701.04,6,2022.06,35723.1,45,9049,0.986,False,none,False,
INV-2025-002224,Tejas Security Services,09VVZEW6990W1Z8,2025-06-01,2025-07-31,2025-06-02,PO-2025-1949,Procurement,D'Souza,scanned_mail,INR,231384.39,12,27766.13,259150.52,60,0784,0.963,False,none,False,
INV-2024-002225,Jyothi Print & Design,30TFCQG7687K1Z5,2024-04-22,2024-05-07,2024-04-25,PO-2024-6611,Legal,V. Desai,edi_feed,INR,373613.93,28,104611.9,478225.83,15,9827,0.935,False,none,False,
INV-2024-002226,Tejas Security Services,34IXKBP6511O1Z9,2024-07-30,2024-09-28,2024-08-01,PO-2024-5577,Marketing,K. Reddy,edi_feed,INR,300073.76,18,54013.28,354087.04,60,2478,0.981,False,none,False,
INV-2026-002227,Prakash Stationery Mart,27VWCPL6448Q1Z7,2026-03-13,2026-04-27,2026-03-15,PO-2026-1583,Admin,K. Reddy,edi_feed,INR,121507.93,5,6075.4,127583.33,45,6643,0.949,False,none,False,
INV-2025-002228,Horizon Facilities Mgmt,07VUSAV3088W1Z2,2025-04-24,2025-06-23,2025-04-27,PO-2025-2668,Admin,A. Iyer,vendor_portal,USD,388359.57,10,38835.96,427195.53,60,9917,0.949,False,none,False,
INV-2025-002229,Zenith Office Furnishings,15YIEJW9900P1Z4,2025-10-13,2025-12-12,2025-10-14,PO-2025-7783,IT,K. Reddy,email,USD,364935.03,6,21896.1,386831.13,60,7610,0.958,False,none,False,
INV-2026-002230,Meridian Consulting Group,10KDCYE8321D1Z6,2026-03-06,2026-05-05,2026-03-10,PO-2026-6684,Logistics,D'Souza,email,USD,425509.28,6,25530.56,451039.84,60,3540,0.908,False,none,False,
INV-2024-002231,Northgate Print Hub,15UFCOG0058A1Z1,2024-04-26,2024-05-26,2024-04-27,PO-2024-9350,Procurement,R. Menon,vendor_portal,INR,397433.49,18,71538.03,468971.52,30,3469,0.959,False,none,False,
INV-2025-002232,Meridian Consulting Group,14MRNIU2610S1Z3,2025-07-04,2025-08-18,2025-07-08,PO-2025-6959,Procurement,K. Reddy,vendor_portal,INR,362211.43,18,65198.06,427409.49,45,1321,0.902,False,none,False,
INV-2025-002233,Prakash Stationery Mart,02VPGNP5861I1Z7,2025-08-21,2025-10-05,2025-08-26,PO-2024-8730,Legal,D'Souza,vendor_portal,USD,140922.34,0,0.0,140922.34,45,0104,0.966,False,mismatched_po,True,PO number does not correspond to an open purchase order.
INV-2026-002234,Raagam Interiors,22GSCIF5071W1Z2,2026-08-05,2026-10-04,2026-08-05,PO-2026-3160,Admin,T. Rao,vendor_portal,USD,13751.02,10,1375.1,15126.12,60,5739,0.985,False,none,False,
INV-2024-002235,Wingspan Travel Corp,35LNQJG7782Z1Z5,2024-06-13,2024-07-13,2024-06-16,PO-2024-1119,Procurement,V. Desai,scanned_mail,INR,36788.45,5,1839.42,38627.87,30,7236,0.955,False,none,False,
INV-2024-002236,Sundaram Motors Spares,03HYRPP8149Z1Z0,2024-01-15,2024-01-30,2024-01-15,PO-2024-2753,Logistics,R. Menon,email,INR,428876.02,0,0.0,428876.02,15,6013,0.976,False,none,False,
INV-2024-002237,Raagam Interiors,28AXOGH4302B1Z8,2024-09-23,2024-10-08,2024-09-26,PO-2024-9868,IT,M. Krishnan,vendor_portal,INR,272517.01,0,0.0,272517.01,15,1494,0.983,False,none,False,
INV-2024-002238,Bluewave Logistics Pvt Ltd,20KSHAT8205Q1Z1,2024-04-21,2024-05-06,2024-04-23,PO-2024-3297,Legal,V. Desai,vendor_portal,USD,471656.21,8,37732.5,509388.71,15,6376,0.977,False,none,False,
INV-2024-002239,Ganga Freight Services,16OPGPQ7864N1Z9,2024-09-02,2024-09-17,2024-09-03,PO-2024-7667,Procurement,M. Krishnan,scanned_mail,USD,257302.97,6,15438.18,272741.15,15,2569,0.964,False,none,False,
INV-2025-002240,Raagam Interiors,02UVSTT8758W1Z1,2025-02-23,2025-03-25,2025-02-25,PO-2025-9378,Logistics,N. Bhatt,scanned_mail,INR,447914.9,12,53749.79,501664.69,30,0658,0.937,False,none,False,
INV-2026-002241,Ganga Freight Services,12ZBBSI9915M1Z9,2026-06-05,2026-08-04,2026-06-07,PO-2026-4093,IT,S. Kulkarni,email,USD,264370.28,8,21149.62,285519.9,60,9879,0.917,False,none,False,
INV-2025-002242,Aravind Steel Traders,21UWAAK7818U1Z9,2025-09-14,2025-10-29,2025-09-18,PO-2025-8625,Legal,R. Menon,scanned_mail,INR,473440.95,0,0.0,473440.95,45,3676,0.931,False,none,False,
INV-2024-002243,Ganga Freight Services,12UPTBF4395Y1Z2,2024-12-22,2025-02-05,2024-12-26,PO-2024-4108,IT,R. Menon,edi_feed,INR,344576.87,0,0.0,344576.87,45,1607,0.922,False,none,False,
INV-2026-002244,Raagam Interiors,14WFWMR2269V1Z5,2026-03-21,2026-04-05,2026-03-23,PO-2026-6439,IT,S. Kulkarni,edi_feed,INR,398146.9,18,71666.44,469813.34,15,9879,0.969,False,none,False,
INV-2026-002245,Kaveri Industrial Parts,17QVWAX4798A1Z9,2026-07-21,2026-08-05,2026-07-24,PO-2026-7504,IT,R. Menon,edi_feed,USD,81258.06,8,6500.64,87758.7,15,6576,0.921,False,none,False,
INV-2025-002246,Nandi Hardware Co,17VETYK8499R1Z1,2025-08-17,2025-09-01,2025-08-17,PO-2025-5913,Marketing,R. Menon,email,INR,47094.83,5,2354.74,49449.57,15,7742,0.932,False,split_invoice,True,"Amount sits just under the approval threshold, alongside a same-day sibling invoice."
INV-2025-002247,Deccan Electricals,18UYZZZ2683H1Z4,2025-06-15,2025-08-14,2025-06-17,PO-2025-5030,Marketing,N. Bhatt,edi_feed,INR,413641.63,28,115819.66,529461.29,60,0723,0.934,False,none,False,
INV-2024-002248,Kaveri Industrial Parts,12XFRZY0656U1Z8,2024-05-07,2024-07-06,2024-05-10,PO-2024-4482,Logistics,T. Rao,scanned_mail,INR,27925.79,12,3351.09,31276.88,60,5199,0.919,False,none,False,
INV-2024-002249,Nandi Hardware Co,12WWGNR8676E1Z4,2024-09-20,2024-10-20,2024-09-21,PO-2024-4718,Admin,P. Nair,edi_feed,EUR,4011.74,6,240.7,4252.44,30,3331,0.937,False,none,False,
INV-2025-002250,Nandi Hardware Co,06CYQHP2535X1Z0,2025-10-15,2025-11-29,2025-10-18,PO-2025-7744,Legal,N. Bhatt,scanned_mail,INR,77100.76,12,9252.09,86352.85,45,3095,0.921,False,none,False,
INV-2026-002251,Bright Path Cleaning Services,11OOJEX0107K1Z8,2026-02-17,2026-04-18,2026-02-18,PO-2026-8172,Legal,A. Iyer,scanned_mail,INR,207614.15,18,37370.55,244984.7,60,8227,0.954,False,none,False,
INV-2026-002252,Tejas Security Services,21PQAOT7649L1Z6,2026-06-16,2026-08-15,2026-06-21,PO-2026-4863,HR,K. Reddy,edi_feed,USD,310426.29,10,31042.63,341468.92,60,8866,0.921,False,none,False,
INV-2026-002253,Deccan Electricals,17ZFNUD8987J1Z5,2026-03-28,2026-05-27,2026-03-29,PO-2026-5853,IT,P. Nair,edi_feed,USD,474827.44,8,37986.2,512813.64,60,6719,0.902,False,none,False,
INV-2025-002254,Indus Valley Textiles,36FXXBY4109I1Z5,2025-03-11,2025-05-10,2025-03-14,PO-2025-2364,Legal,P. Nair,scanned_mail,INR,278878.4,28,78085.95,356964.35,60,0537,0.914,False,none,False,
INV-2025-002255,Aravind Steel Traders,13PCWHY1939G1Z0,2025-01-22,2025-02-06,2025-01-26,PO-2025-9793,Operations,K. Reddy,email,USD,365363.14,10,36536.31,401899.45,15,8209,0.982,False,none,False,
INV-2025-002256,Prakash Stationery Mart,11DXIDQ2608A1Z0,2025-10-30,2025-11-29,2025-11-01,PO-2025-6353,Admin,N. Bhatt,scanned_mail,USD,106299.5,6,6377.97,112677.47,30,7654,0.959,False,none,False,
INV-2024-002257,Orion Cloud Systems,19ZFJYL9931Z1Z4,2024-03-19,2024-04-18,2024-03-21,PO-2024-7773,Legal,S. Kulkarni,scanned_mail,INR,11661.32,0,0.0,11661.32,30,1968,0.994,False,none,False,
INV-2024-002258,Lotus Catering Services,09QLTEQ5999H1Z3,2024-07-12,2024-09-10,2024-07-14,PO-2024-4018,Marketing,D'Souza,vendor_portal,INR,405530.76,0,0.0,405530.76,60,3072,0.923,False,none,False,
INV-2026-002259,Bright Path Cleaning Services,31RMPQV1135W1Z4,2026-07-03,2026-08-17,2026-07-06,PO-2026-2318,HR,P. Nair,vendor_portal,INR,37548.32,18,6758.7,44307.02,45,6533,0.959,False,none,False,
INV-2025-002260,Bluewave Logistics Pvt Ltd,34OOQRV8639P1Z1,2025-09-24,2025-11-08,2025-09-29,PO-2025-1269,Logistics,A. Iyer,scanned_mail,INR,20211.02,28,5659.09,25870.11,45,0321,0.916,False,none,False,
INV-2024-002261,Coastal Cargo Movers,07EYMXR1654E1Z6,2024-12-15,2025-02-13,2024-12-15,PO-2024-4623,HR,S. Kulkarni,edi_feed,INR,17935.48,0,0.0,17935.48,60,2962,0.944,False,none,False,
INV-2026-002262,Nandi Hardware Co,05KGJRP7191G1Z6,2026-02-19,2026-03-21,2026-02-22,PO-2026-3928,Finance,V. Desai,email,INR,326186.34,28,91332.18,417518.52,30,1230,0.949,False,none,False,
INV-2024-002263,Nandi Hardware Co,31HPGWV7321E1Z0,2024-06-23,2024-08-22,2024-06-24,PO-2024-7287,Admin,D'Souza,vendor_portal,USD,292784.58,10,29278.46,322063.04,60,0799,0.984,False,none,False,
INV-2024-002264,Lotus Catering Services,25NTPKS8488I1Z4,2024-06-25,2024-07-25,2024-06-26,PO-2024-8159,Legal,D'Souza,email,INR,38834.67,28,10873.71,49708.38,30,5654,0.969,False,none,False,
INV-2026-002265,Chola Office Supplies,36OWTFB5715B1Z1,2026-04-10,2026-04-25,2026-04-14,PO-2026-4072,HR,M. Krishnan,vendor_portal,INR,48508.05,0,0.0,48508.05,15,8200,0.925,False,none,False,
INV-2025-002266,Nandi Hardware Co,25KUYSJ4731I1Z2,2025-08-29,2025-10-13,2025-08-29,PO-2025-7945,Marketing,M. Krishnan,edi_feed,USD,442232.28,10,44223.23,486455.51,45,0494,0.902,False,none,False,
INV-2024-002267,Orion Cloud Systems,29YHMPK8333M1Z4,2024-02-08,2024-02-23,2024-02-08,PO-2024-8243,Procurement,S. Kulkarni,scanned_mail,USD,405101.79,10,40510.18,445611.97,15,5961,0.985,False,none,False,
INV-2026-002268,Indus Valley Textiles,12RGXED2319Q1Z7,2026-01-01,2026-01-31,2026-01-06,PO-2026-8981,Legal,P. Nair,edi_feed,INR,404723.48,18,72850.23,477573.71,30,0576,0.94,False,none,False,
INV-2025-002269,Raagam Interiors,29PGPKU3195T1Z1,2025-07-08,2025-08-07,2025-07-08,PO-2025-2891,HR,M. Krishnan,vendor_portal,INR,222200.31,5,11110.02,233310.33,30,5680,0.923,False,none,False,
INV-2026-002270,Aravind Steel Traders,11PHTJR3373F1Z2,2026-03-07,2026-04-06,2026-03-09,PO-2026-4422,Admin,S. Kulkarni,edi_feed,INR,181196.23,12,21743.55,202939.78,30,4733,0.98,False,none,False,
INV-2025-002271,Chola Office Supplies,09SIWRA8148I1Z0,2025-01-06,2025-03-07,2025-01-06,PO-2025-3635,Legal,S. Kulkarni,email,EUR,122377.01,0,0.0,122377.01,60,5895,0.993,False,none,False,
INV-2024-002272,Zenith Office Furnishings,23YVZWH6786Q1Z9,2024-11-01,2024-12-01,2024-11-03,PO-2024-3698,Procurement,M. Krishnan,email,EUR,334816.96,10,33481.7,368298.66,30,4097,0.987,False,none,False,
INV-2024-002273,Apex Manpower Agency,09RQQGO9536K1Z9,2024-10-14,2024-11-28,2024-10-14,PO-2024-2351,Finance,S. Kulkarni,edi_feed,INR,150681.1,18,27122.6,177803.7,45,1029,0.964,False,none,False,
INV-2025-002274,Coastal Cargo Movers,02OQZTN6587D1Z9,2025-03-06,2025-03-21,2025-03-06,PO-2025-8890,Admin,V. Desai,email,INR,474335.39,0,0.0,474335.39,15,8593,0.938,False,none,False,
INV-2025-002275,Apex Manpower Agency,12NVJFO7035G1Z2,2025-12-03,2025-12-18,2025-12-08,PO-2025-6343,Operations,D'Souza,scanned_mail,INR,242166.28,18,43589.93,285756.21,15,7327,0.901,False,none,False,
INV-2025-002276,Ganga Freight Services,24NAFLS0539R1Z0,2025-12-17,2026-01-31,2025-12-18,PO-2025-6165,Operations,K. Reddy,scanned_mail,INR,55238.38,12,6628.61,61866.99,45,5616,0.972,False,none,False,
INV-2025-002277,Vishwa Engineering Works,06XHUUH0253N1Z9,2025-10-15,2025-11-29,2025-10-18,PO-2025-9591,Finance,P. Nair,email,INR,67433.21,18,12137.98,79571.19,45,4168,0.951,False,none,False,
INV-2024-002278,Sundaram Motors Spares,23RNZKI7531S1Z4,2024-01-24,2024-02-23,2024-01-28,PO-2024-2850,Marketing,A. Iyer,edi_feed,EUR,2489.6,10,248.96,2738.56,30,5089,0.96,False,none,False,
INV-2026-002279,Chola Office Supplies,28FYFJH5552B1Z6,2026-01-23,2026-03-24,2026-01-27,PO-2026-1681,Logistics,P. Nair,vendor_portal,INR,315916.67,18,56865.0,372781.67,60,8008,0.992,False,none,False,
INV-2025-002280,Everest Packaging Co,20EGISW0944G1Z9,2025-03-30,2025-05-29,2025-04-01,PO-2025-2882,Logistics,A. Iyer,edi_feed,INR,426644.26,0,0.0,426644.26,60,7706,0.989,False,none,False,
INV-2024-002281,Jyothi Print & Design,32LASMU4323Z1Z2,2024-08-19,2024-10-03,2024-08-19,PO-2024-1581,Admin,K. Reddy,email,EUR,187889.83,0,0.0,187889.83,45,2092,0.931,False,none,False,
INV-2024-002282,Global Freight Partners,16VOOUG8155I1Z6,2024-09-11,2024-10-26,2024-09-16,PO-2024-2313,HR,A. Iyer,scanned_mail,INR,331218.92,28,92741.3,423960.22,45,5044,0.961,False,none,False,
INV-2025-002283,Prakash Stationery Mart,13BOQLD5746U1Z5,2025-04-11,2025-06-10,2025-04-11,PO-2025-8912,Admin,V. Desai,email,INR,300826.67,28,84231.47,385058.14,60,7823,0.922,False,none,False,
INV-2024-002284,Bluewave Logistics Pvt Ltd,30UMTNX5965B1Z1,2024-06-06,2024-08-05,2024-06-07,PO-2024-3358,IT,R. Menon,email,INR,233354.06,28,65339.14,355624.86,60,9159,0.95,False,altered_total,True,Total does not reconcile with subtotal + tax.
INV-2026-002285,Yamuna Water Solutions,18OVROI3499Q1Z1,2026-01-27,2026-03-28,2026-01-29,PO-2026-3876,Legal,N. Bhatt,scanned_mail,INR,41010.69,5,2050.53,43061.22,60,7270,0.993,False,none,False,
INV-2025-002286,Global Freight Partners,28VBLKA1713J1Z6,2025-06-23,2025-08-22,2025-06-24,PO-2025-9539,Admin,S. Kulkarni,scanned_mail,INR,177855.26,18,32013.95,209869.21,60,9213,0.993,False,none,False,
INV-2026-002287,Wingspan Travel Corp,20QTOMC5625B1Z4,2026-06-25,2026-08-24,2026-06-27,PO-2026-3611,Marketing,K. Reddy,scanned_mail,INR,25655.01,12,3078.6,28733.61,60,0380,0.958,False,none,False,
INV-2026-002288,Tejas Security Services,28TJFNG8533C1Z0,2026-02-02,2026-04-03,2026-02-02,PO-2026-6250,Logistics,M. Krishnan,scanned_mail,INR,312368.22,5,15618.41,327986.63,60,1624,0.98,False,none,False,
INV-2025-002289,Tejas Security Services,19HKEAY9836B1Z3,2025-11-24,2025-12-09,2025-11-25,PO-2025-5475,Admin,M. Krishnan,scanned_mail,INR,364504.6,18,65610.83,430115.43,15,6350,0.908,False,none,False,
INV-2025-002290,Siddha Supply Chain,12ABCDE,2025-06-24,2025-07-24,2025-06-25,PO-2025-5778,Procurement,N. Bhatt,email,INR,280582.25,12,33669.87,314252.12,30,3080,0.81,False,ghost_vendor,True,Vendor has no prior transaction history; GSTIN fails format check.
INV-2025-002291,Horizon Facilities Mgmt,14CGCLL0421O1Z3,2025-03-02,2025-04-01,2025-03-05,PO-2025-9533,Admin,T. Rao,email,INR,367033.86,18,66066.09,433099.95,30,6710,0.991,False,none,False,
INV-2024-002292,Kaveri Industrial Parts,34MNZQC9908L1Z8,2024-06-02,2024-07-17,2024-06-02,PO-2024-9943,Legal,M. Krishnan,email,INR,373244.17,5,18662.21,391906.38,45,3990,0.91,False,none,False,
INV-2024-002293,Aravind Steel Traders,06EKWWD2486A1Z9,2024-08-11,2024-08-26,2024-08-13,PO-2024-2387,Operations,D'Souza,scanned_mail,INR,417658.14,12,50118.98,467777.12,15,6345,0.979,False,none,False,
INV-2024-002294,Northgate Print Hub,35YIMLD1064D1Z5,2024-09-04,2024-09-19,2024-09-04,PO-2024-1263,Operations,D'Souza,email,INR,446741.5,5,22337.08,562290.6,15,0653,0.983,False,altered_total,True,Total does not reconcile with subtotal + tax.
INV-2025-002295,Orion Cloud Systems,22WIQCO9068N1Z4,2025-11-26,2025-12-26,2025-11-26,PO-2025-9170,Logistics,R. Menon,email,INR,58354.9,28,16339.37,74694.27,30,2566,0.947,False,none,False,
INV-2024-002296,Wingspan Travel Corp,10UJFHG3595B1Z6,2024-10-20,2024-12-04,2024-10-25,PO-2024-4299,Operations,K. Reddy,vendor_portal,INR,363910.34,5,18195.52,382105.86,45,5854,0.912,False,none,False,
INV-2024-002297,Horizon Facilities Mgmt,32ZRTCZ4760N1Z1,2024-01-14,2024-03-14,2024-01-19,PO-2024-2890,Legal,A. Iyer,vendor_portal,INR,227246.6,0,0.0,227246.6,60,9755,0.923,False,none,False,
INV-2024-002298,Raagam Interiors,30SNCSB6180F1Z9,2024-05-06,2024-06-20,2024-05-06,PO-2024-1569,Finance,R. Menon,edi_feed,INR,288986.57,5,14449.33,303435.9,45,6272,0.937,False,none,False,
INV-2026-002299,Quantum Networks Pvt Ltd,36VZKMU4788S1Z4,2026-05-05,2026-07-04,2026-05-08,PO-2026-5095,IT,P. Nair,email,INR,84436.14,28,23642.12,108078.26,60,1535,0.946,False,none,False,
INV-2024-002300,Yamuna Water Solutions,09DEZCT7492I1Z9,2024-07-05,2024-09-03,2024-07-06,PO-2024-6585,Admin,V. Desai,vendor_portal,INR,473279.45,0,0.0,473279.45,60,2865,0.933,False,none,False,
INV-2025-002301,Udupi Fresh Foods,32IOQXC3783A1Z1,2025-02-05,2025-02-20,2025-02-05,PO-2025-9434,Procurement,D'Souza,email,INR,258380.34,12,31005.64,289385.98,15,9834,0.902,False,none,False,
INV-2025-002302,Nandi Hardware Co,31MNHCF9833S1Z9,2025-04-03,2025-05-03,2025-04-12,PO-2025-1247,Logistics,D'Souza,scanned_mail,USD,346769.0,0,0.0,346769.0,30,2581,0.945,False,weekend_submission,True,Submitted outside business hours/days with no prior pattern for this vendor.
INV-2024-002303,Raagam Interiors,30BKVQS4616G1Z6,2024-04-20,2024-05-05,2024-04-24,PO-2024-1811,Procurement,S. Kulkarni,vendor_portal,INR,52811.01,5,2640.55,55451.56,15,0880,0.976,False,none,False,
INV-2026-002304,Raagam Interiors,11RAINM4865J1Z0,2026-04-27,2026-05-12,2026-04-28,PO-2026-5889,Facilities,T. Rao,scanned_mail,USD,107405.88,0,0.0,107405.88,15,7313,0.978,False,none,False,
INV-2024-002305,Coastal Cargo Movers,03XFAAI1451Y1Z2,2024-10-28,2024-12-12,2024-11-02,PO-2024-9804,Logistics,D'Souza,edi_feed,INR,143700.26,12,17244.03,160944.29,45,8499,0.909,False,weekend_submission,True,Submitted outside business hours/days with no prior pattern for this vendor.
INV-2025-002306,Deccan Electricals,07OLIYN8335W1Z6,2025-07-14,2025-09-12,2025-07-14,PO-2025-7095,Marketing,T. Rao,vendor_portal,INR,190838.57,12,22900.63,213739.2,60,7352,0.924,False,none,False,
INV-2025-002307,Orion Cloud Systems,06HLDFE8235N1Z8,2025-07-09,2025-08-08,2025-07-10,PO-2024-4343,Finance,P. Nair,email,INR,118491.58,28,33177.64,151669.22,30,6443,0.977,True,duplicate_invoice,True,Same vendor/amount seen on a prior invoice within 10 days.
INV-2026-002308,Global Freight Partners,21OSIGY6215F1Z5,2026-04-26,2026-05-11,2026-04-29,PO-2026-6049,Facilities,K. Reddy,email,INR,303224.41,28,84902.83,388127.24,15,4266,0.944,False,none,False,
INV-2026-002309,Meridian Consulting Group,32LMNZP0110P1Z5,2026-01-14,2026-01-29,2026-01-19,PO-2026-9648,Procurement,K. Reddy,edi_feed,INR,352748.82,12,42329.86,395078.68,15,3627,0.915,False,none,False,
INV-2025-002310,Udupi Fresh Foods,30SGRYW0157N1Z8,2025-11-28,2026-01-12,2025-11-29,PO-2025-7110,Finance,S. Kulkarni,scanned_mail,INR,60160.79,0,0.0,60160.79,45,6682,0.97,False,none,False,
INV-2026-002311,Sundaram Motors Spares,07HDNVB0635V1Z4,2026-02-01,2026-04-02,2026-02-01,PO-2026-3449,Legal,T. Rao,edi_feed,INR,443258.11,18,79786.46,523044.57,60,9958,0.914,False,none,False,
INV-2024-002312,Northgate Print Hub,23VETIF8759V1Z7,2024-09-12,2024-10-12,2024-09-14,PO-2024-4378,Facilities,N. Bhatt,edi_feed,INR,446741.5,5,22337.08,562290.6,30,8745,0.954,True,duplicate_invoice,True,Same vendor/amount seen on a prior invoice within 10 days.
INV-2024-002313,Meridian Consulting Group,01EVRUI6523P1Z5,2024-12-30,2025-02-28,2025-01-01,PO-2023-2958,Facilities,K. Reddy,edi_feed,INR,155358.03,18,27964.45,183322.48,60,5017,0.955,False,mismatched_po,True,PO number does not correspond to an open purchase order.
INV-2025-002314,Wingspan Travel Corp,01EEQJU4939E1Z4,2025-11-06,2026-01-05,2025-11-08,PO-2025-4475,Marketing,D'Souza,scanned_mail,INR,300391.64,0,0.0,316084.13,60,6098,0.92,False,altered_total,True,Total does not reconcile with subtotal + tax.
INV-2026-002315,Zenith Office Furnishings,25DZDOW4422S1Z5,2026-04-21,2026-05-06,2026-04-24,PO-2026-4667,Admin,V. Desai,edi_feed,INR,50565.26,12,6067.83,56633.09,15,4005,0.902,False,none,False,
INV-2024-002316,Meridian Consulting Group,29LHSJC1241V1Z6,2024-12-23,2025-01-07,2024-12-25,PO-2024-4820,Logistics,D'Souza,vendor_portal,INR,368881.39,28,103286.79,472168.18,15,8452,0.903,False,none,False,
INV-2026-002317,Udupi Fresh Foods,16XLXBL2246A1Z7,2026-08-16,2026-09-15,2026-08-16,PO-2026-5831,Admin,P. Nair,scanned_mail,INR,389145.96,28,108960.87,498106.83,30,5165,0.943,False,none,False,
INV-2025-002318,Apex Manpower Agency,01IARYB0339T1Z2,2025-11-23,2026-01-07,2025-11-26,PO-2025-3378,Logistics,S. Kulkarni,edi_feed,USD,8264.51,0,0.0,8264.51,45,4320,0.916,False,none,False,
INV-2026-002319,Quantum Networks Pvt Ltd,02NLQYP8196G1Z2,2026-05-02,2026-07-01,2026-05-04,PO-2025-3106,HR,T. Rao,scanned_mail,INR,458522.79,5,22926.14,481448.93,60,4273,0.95,False,mismatched_po,True,PO number does not correspond to an open purchase order.
INV-2025-002320,Jyothi Print & Design,29FRQBI4572D1Z7,2025-07-31,2025-08-30,2025-07-31,PO-2025-2171,Legal,V. Desai,vendor_portal,INR,323042.27,0,0.0,323042.27,30,4088,0.922,False,none,False,
INV-2025-002321,Falcon IT Solutions,05YZHZP3804Z1Z1,2025-10-31,2025-12-30,2025-11-01,PO-2025-9550,Facilities,S. Kulkarni,vendor_portal,INR,290810.1,5,14540.5,305350.6,60,4451,0.929,False,none,False,
INV-2025-002322,Vishwa Engineering Works,04KGTMS5149Q1Z4,2025-01-05,2025-01-20,2025-01-09,PO-2025-6708,Marketing,S. Kulkarni,vendor_portal,INR,138331.63,0,0.0,138331.63,15,9159,0.918,False,none,False,
INV-2024-002323,Bright Path Cleaning Services,12BGWPT7350E1Z3,2024-07-17,2024-08-31,2024-07-22,PO-2024-4867,Marketing,R. Menon,edi_feed,EUR,296314.37,10,29631.44,325945.81,45,6564,0.918,False,none,False,
INV-2025-002324,Wingspan Travel Corp,32PHILQ0911Z1Z8,2025-07-08,2025-07-23,2025-07-09,PO-2025-5186,Logistics,S. Kulkarni,scanned_mail,USD,36362.5,0,0.0,36362.5,15,8013,0.919,False,none,False,
INV-2024-002325,Prakash Stationery Mart,28WANKZ0703M1Z9,2024-06-15,2024-07-30,2024-06-17,PO-2024-1445,Finance,D'Souza,scanned_mail,EUR,275562.7,8,22045.02,357280.54,45,3160,0.902,False,altered_total,True,Total does not reconcile with subtotal + tax.
INV-2025-002326,Bluewave Logistics Pvt Ltd,28FAMMU2242Y1Z7,2025-10-05,2025-10-20,2025-10-05,PO-2025-6731,Admin,M. Krishnan,scanned_mail,INR,124594.4,18,22426.99,147021.39,15,2176,0.966,False,none,False,
INV-2025-002327,Everest Packaging Co,32XBRYY4924H1Z4,2025-06-04,2025-07-19,2025-06-09,PO-2025-4854,Facilities,P. Nair,scanned_mail,INR,101460.64,5,5073.03,106533.67,45,5645,0.995,False,none,False,
INV-2025-002328,Chola Office Supplies,23GNWOE8995I1Z2,2025-07-11,2025-07-26,2025-07-13,PO-2025-1502,IT,K. Reddy,edi_feed,INR,289169.25,28,80967.39,370136.64,15,7820,0.995,False,none,False,
INV-2025-002329,Aravind Steel Traders,30HMQCU1120F1Z9,2025-03-03,2025-03-18,2025-03-04,PO-2025-4159,Marketing,A. Iyer,email,INR,307429.54,18,55337.32,362766.86,15,4721,0.931,False,none,False,
INV-2024-002330,Nandi Hardware Co,05EGBOV2212P1Z7,2024-05-30,2024-07-29,2024-06-04,PO-2024-9926,Legal,N. Bhatt,scanned_mail,INR,247451.0,5,12372.55,259823.55,60,9930,0.981,False,none,False,
INV-2024-002331,Aravind Steel Traders,29HFWSB9920J1Z3,2024-10-05,2024-11-04,2024-10-09,PO-2024-2180,Procurement,T. Rao,edi_feed,INR,259929.29,0,0.0,259929.29,30,6104,0.977,False,none,False,
INV-2024-002332,Raagam Interiors,29DOBIN3154O1Z4,2024-07-15,2024-07-30,2024-07-17,PO-2024-6165,Legal,S. Kulkarni,email,INR,310886.74,12,37306.41,348193.15,15,6752,0.968,False,none,False,
INV-2026-002333,Northgate Print Hub,03KPRLF5001O1Z8,2026-04-08,2026-06-07,2026-04-09,PO-2026-8309,Admin,N. Bhatt,scanned_mail,INR,106732.82,12,12807.94,119540.76,60,9048,0.917,False,none,False,
INV-2025-002334,Wingspan Travel Corp,17ADKJZ2377A1Z2,2025-05-16,2025-07-15,2025-05-19,PO-2025-1457,Marketing,V. Desai,edi_feed,INR,238020.25,5,11901.01,249921.26,60,5650,0.951,False,none,False,
INV-2024-002335,Yamuna Water Solutions,19VNYEC9555T1Z1,2024-12-24,2025-01-23,2024-12-29,PO-2024-4233,Facilities,A. Iyer,edi_feed,INR,404162.95,12,48499.55,452662.5,30,2483,0.99,False,none,False,
INV-2024-002336,Raagam Interiors,36RQFKY1051K1Z4,2024-11-22,2025-01-06,2024-11-25,PO-2024-9265,Legal,A. Iyer,scanned_mail,INR,43036.61,12,5164.39,48201.0,45,3157,0.906,False,split_invoice,True,"Amount sits just under the approval threshold, alongside a same-day sibling invoice."
INV-2026-002337,Horizon Facilities Mgmt,30BYOKQ6604C1Z6,2026-07-03,2026-08-17,2026-07-08,PO-2026-3201,IT,A. Iyer,vendor_portal,INR,85297.26,0,0.0,85297.26,45,4626,0.904,False,none,False,
INV-2025-002338,Yamuna Water Solutions,12DSJVH6264O1Z1,2025-12-29,2026-02-27,2025-12-31,PO-2025-9399,Legal,N. Bhatt,email,INR,424972.72,12,50996.73,475969.45,60,1551,0.964,False,none,False,
INV-2024-002339,Prakash Stationery Mart,18TZYGO4297C1Z6,2024-02-26,2024-04-11,2024-02-29,PO-2024-3509,Finance,V. Desai,scanned_mail,INR,60695.32,0,0.0,60695.32,45,8781,0.912,False,none,False,
INV-2024-002340,Sundaram Motors Spares,20TAQUR0133U1Z7,2024-04-06,2024-06-05,2024-04-10,PO-2024-8865,HR,T. Rao,vendor_portal,INR,478073.0,28,133860.44,611933.44,60,0420,0.938,False,none,False,
INV-2024-002341,Yamuna Water Solutions,06BLFAT5652S1Z1,2024-02-09,2024-03-25,2024-02-10,PO-2024-9752,Legal,S. Kulkarni,edi_feed,INR,296186.27,12,35542.35,331728.62,45,2682,0.927,False,none,False,
INV-2026-002342,Bright Path Cleaning Services,31FRKQM1765Y1Z1,2026-04-03,2026-04-18,2026-04-08,PO-2026-9229,HR,P. Nair,email,USD,61940.4,8,4955.23,76183.12,15,3606,0.972,False,altered_total,True,Total does not reconcile with subtotal + tax.
INV-2025-002343,Vishwa Engineering Works,13ILWXP0137S1Z5,2025-02-01,2025-03-03,2025-02-05,PO-2025-5226,HR,R. Menon,vendor_portal,USD,330828.79,8,26466.3,357295.09,30,7519,0.922,False,none,False,
INV-2025-002344,Quantum Networks Pvt Ltd,15SVXMW7757S1Z9,2025-08-02,2025-09-01,2025-08-05,PO-2025-8134,Legal,K. Reddy,vendor_portal,USD,172074.41,6,10324.46,182398.87,30,5187,0.964,False,none,False,
INV-2024-002345,Vishwa Engineering Works,36ANHMR2552B1Z0,2024-02-05,2024-04-05,2024-02-10,PO-2024-2107,Logistics,N. Bhatt,scanned_mail,EUR,176040.63,10,17604.06,193644.69,60,8951,0.948,False,none,False,
INV-2026-002346,Indus Valley Textiles,20KMHCU4728W1Z2,2026-03-15,2026-04-29,2026-03-18,PO-2026-9621,Logistics,P. Nair,email,INR,212654.85,5,10632.74,223287.59,45,5566,0.953,False,none,False,
INV-2024-002347,Yamuna Water Solutions,13MEMHI2775Q1Z1,2024-04-29,2024-06-28,2024-04-30,PO-2024-4061,Marketing,D'Souza,email,INR,176260.59,12,21151.27,197411.86,60,2050,0.944,False,none,False,
INV-2025-002348,Orion Cloud Systems,10QWTND8655I1Z9,2025-01-01,2025-01-31,2025-01-02,PO-2025-3558,IT,M. Krishnan,email,INR,97416.05,0,0.0,97416.05,30,7614,0.992,False,none,False,
INV-2026-002349,Yamuna Water Solutions,27JHGZW2275L1Z8,2026-06-04,2026-07-04,2026-06-05,PO-2026-4698,Operations,T. Rao,edi_feed,USD,48386.16,0,0.0,48386.16,30,7304,0.91,False,split_invoice,True,"Amount sits just under the approval threshold, alongside a same-day sibling invoice."
INV-2025-002350,Lotus Catering Services,15UBLFD8679B1Z8,2025-08-22,2025-09-21,2025-08-30,PO-2025-1411,Facilities,T. Rao,edi_feed,INR,214285.89,18,38571.46,252857.35,30,3660,0.914,False,weekend_submission,True,Submitted outside business hours/days with no prior pattern for this vendor.
INV-2024-002351,Apex Manpower Agency,05SPWAJ9694B1Z6,2024-12-01,2025-01-15,2024-12-05,PO-2024-5665,Admin,S. Kulkarni,scanned_mail,INR,211449.9,28,59205.97,270655.87,45,5019,0.949,False,none,False,
INV-2024-002352,Aravind Steel Traders,24ZQYCN0243D1Z6,2024-06-22,2024-07-22,2024-06-26,PO-2024-7398,Legal,V. Desai,edi_feed,INR,126346.04,12,15161.52,141507.56,30,1665,0.99,False,none,False,
INV-2026-002353,Yamuna Water Solutions,03QZHFX4271Q1Z8,2026-03-30,2026-04-14,2026-03-30,PO-2026-3611,Admin,D'Souza,edi_feed,INR,364033.5,28,101929.38,465962.88,15,7344,0.971,False,none,False,
INV-2025-002354,Apex Manpower Agency,22ZWTDS2048H1Z5,2025-04-30,2025-05-15,2025-05-03,PO-2025-3343,HR,P. Nair,email,INR,166418.29,5,8320.91,174739.2,15,5491,0.969,False,none,False,
INV-2024-002355,Global Freight Partners,10TJCAE9761N1Z3,2024-04-14,2024-05-14,2024-04-16,PO-2024-7942,Admin,M. Krishnan,edi_feed,INR,455733.1,5,22786.65,478519.75,30,1055,0.914,False,none,False,
INV-2025-002356,Yamuna Water Solutions,12IXLMR1077Z1Z0,2025-12-23,2026-01-22,2025-12-24,PO-2025-7794,Logistics,S. Kulkarni,email,INR,348491.83,12,41819.02,390310.85,30,9194,0.917,False,none,False,
INV-2025-002357,Falcon IT Solutions,22FDBIC1907B1Z1,2025-04-09,2025-05-09,2025-04-09,PO-2025-8728,HR,N. Bhatt,vendor_portal,INR,148368.86,18,26706.39,175075.25,30,0101,0.975,False,none,False,
INV-2024-002358,Quantum Networks Pvt Ltd,11ECMKN2007S1Z0,2024-12-05,2024-12-20,2024-12-10,PO-2024-9501,Finance,V. Desai,email,INR,412136.59,18,74184.59,486321.18,15,0972,0.948,False,none,False,
INV-2025-002359,Orion Cloud Systems,13BTWPF5586A1Z3,2025-05-19,2025-06-03,2025-05-22,PO-2025-2561,Marketing,K. Reddy,scanned_mail,INR,353677.15,28,99029.6,452706.75,15,9505,0.936,False,none,False,
INV-2026-002360,Aravind Steel Traders,27IOYYL5717U1Z8,2026-01-10,2026-02-09,2026-01-14,PO-2026-4098,Procurement,R. Menon,edi_feed,EUR,134345.53,8,10747.64,145093.17,30,5353,0.911,False,none,False,
INV-2025-002361,Sundaram Motors Spares,02PKPDF8828N1Z3,2025-05-31,2025-07-30,2025-06-03,PO-2025-2563,Procurement,K. Reddy,email,INR,375334.52,12,45040.14,420374.66,60,2808,0.995,False,none,False,
INV-2026-002362,Bluewave Logistics Pvt Ltd,32MJHUT1982U1Z3,2026-02-18,2026-04-04,2026-02-23,PO-2026-4551,Finance,A. Iyer,vendor_portal,INR,258343.77,18,46501.88,304845.65,45,8354,0.985,False,none,False,
INV-2025-002363,Udupi Fresh Foods,21JRJSM3454J1Z1,2025-10-25,2025-12-09,2025-10-26,PO-2025-6438,Facilities,K. Reddy,scanned_mail,INR,299635.97,18,53934.47,353570.44,45,3694,0.961,False,none,False,
INV-2024-002364,Yamuna Water Solutions,07SYQZS0792I1Z0,2024-08-13,2024-09-12,2024-08-13,PO-2024-2007,Facilities,D'Souza,email,INR,90341.85,5,4517.09,94858.94,30,5892,0.956,False,none,False,
INV-2024-002365,Nandi Hardware Co,31XMRAX7563H1Z2,2024-04-15,2024-04-30,2024-04-20,PO-2024-4340,HR,K. Reddy,vendor_portal,INR,437031.67,28,122368.87,559400.54,15,3462,0.988,False,none,False,
INV-2025-002366,Lotus Catering Services,29ZUFEA1076W1Z5,2025-08-20,2025-09-19,2025-08-20,PO-2024-2886,HR,K. Reddy,scanned_mail,EUR,264676.45,10,26467.65,291144.1,30,5601,0.908,True,duplicate_invoice,True,Same vendor/amount seen on a prior invoice within 10 days.
INV-2026-002367,Jyothi Print & Design,24PUSOI6348P1Z0,2026-04-13,2026-04-28,2026-04-14,PO-2026-3012,Logistics,P. Nair,edi_feed,INR,42372.88,18,7627.12,50000.0,15,4220,0.93,False,round_number_amount,True,Total is an unusually round figure for this line of business.
INV-2026-002368,Wingspan Travel Corp,18ZYFMT7375X1Z5,2026-08-27,2026-09-26,2026-08-27,PO-2026-8696,HR,A. Iyer,vendor_portal,INR,431184.95,28,120731.79,551916.74,30,3490,0.979,False,none,False,
INV-2024-002369,Siddha Supply Chain,12ABCDE,2024-04-03,2024-05-03,2024-04-03,PO-2024-8819,IT,S. Kulkarni,email,USD,130621.03,8,10449.68,141070.71,30,3515,0.798,False,ghost_vendor,True,Vendor has no prior transaction history; GSTIN fails format check.
INV-2025-002370,Tejas Security Services,11IWEIQ7344Z1Z8,2025-01-25,2025-03-26,2025-01-29,PO-2025-8031,Admin,A. Iyer,scanned_mail,INR,408018.33,12,48962.2,456980.53,60,1635,0.979,False,none,False,
INV-2024-002371,Meridian Consulting Group,11TALJH4359U1Z7,2024-07-17,2024-08-16,2024-07-20,PO-2024-5128,Operations,D'Souza,vendor_portal,USD,375139.54,8,30011.16,405150.7,30,6415,0.954,False,weekend_submission,True,Submitted outside business hours/days with no prior pattern for this vendor.
INV-2025-002372,Nandi Hardware Co,18WBPWF6937G1Z3,2025-11-13,2026-01-12,2025-11-13,PO-2025-4757,Operations,V. Desai,edi_feed,INR,267849.46,0,0.0,267849.46,60,9051,0.914,False,none,False,
INV-2025-002373,Bluewave Logistics Pvt Ltd,04SRIJX1638T1Z3,2025-06-05,2025-07-05,2025-06-09,PO-2025-2427,IT,A. Iyer,vendor_portal,INR,358008.14,5,17900.41,375908.55,30,5200,0.912,False,none,False,
INV-2025-002374,Coastal Cargo Movers,19QQSHJ2877N1Z2,2025-12-01,2025-12-16,2025-12-05,PO-2025-8282,Procurement,N. Bhatt,email,INR,150214.98,18,27038.7,177253.68,15,5279,0.93,False,none,False,
INV-2026-002375,Ganga Freight Services,23QTBKY4703D1Z0,2026-04-02,2026-06-01,2026-04-04,PO-2026-6220,Logistics,R. Menon,scanned_mail,INR,104602.84,28,29288.8,133891.64,60,0307,0.932,False,none,False,
INV-2024-002376,Bluewave Logistics Pvt Ltd,33VULES4681E1Z8,2024-07-21,2024-09-19,2024-07-25,PO-2024-6437,Admin,P. Nair,email,INR,108925.9,28,30499.25,139425.15,60,0613,0.915,False,none,False,
INV-2024-002377,Raagam Interiors,18UNJMF7585Q1Z0,2024-11-04,2024-12-19,2024-11-08,PO-2024-9906,Procurement,V. Desai,email,USD,297968.25,0,0.0,297968.25,45,7307,0.951,False,none,False,
INV-2025-002378,Indus Valley Textiles,28TWKVF9977W1Z9,2025-07-14,2025-08-28,2025-07-15,PO-2025-9632,Admin,N. Bhatt,vendor_portal,INR,103067.52,12,12368.1,115435.62,45,3008,0.994,False,none,False,
INV-2024-002379,Bright Path Cleaning Services,01KBTWH2707U1Z1,2024-08-11,2024-09-25,2024-08-13,PO-2024-7304,IT,D'Souza,scanned_mail,INR,359755.7,18,64756.03,424511.73,45,4636,0.918,False,none,False,
INV-2026-002380,Coastal Cargo Movers,23JVNMM8323C1Z7,2026-06-29,2026-08-13,2026-07-02,PO-2026-2275,HR,D'Souza,vendor_portal,INR,363489.2,12,43618.7,407107.9,45,2715,0.963,False,none,False,
INV-2024-002381,Deccan Electricals,08KLFVD4095W1Z2,2024-12-27,2025-02-10,2024-12-28,PO-2024-8862,Admin,S. Kulkarni,edi_feed,INR,95583.75,18,17205.08,112788.83,45,0732,0.909,False,none,False,
INV-2024-002382,Aravind Steel Traders,19OFFTL5412W1Z8,2024-08-26,2024-10-25,2024-08-30,PO-2024-6331,Finance,R. Menon,scanned_mail,INR,10611.66,28,2971.26,13582.92,60,7704,0.943,False,none,False,
INV-2026-002383,Nandi Hardware Co,03CGKQC6758G1Z6,2026-03-06,2026-04-20,2026-03-10,PO-2026-8945,Marketing,K. Reddy,email,INR,170750.42,12,20490.05,191240.47,45,9406,0.903,False,none,False,
INV-2026-002384,Tejas Security Services,24SSQXL9423O1Z2,2026-07-12,2026-09-10,2026-07-12,PO-2026-8424,Legal,S. Kulkarni,email,INR,398247.47,28,111509.29,509756.76,60,2243,0.993,False,none,False,
INV-2024-002385,Trident Trading Co,00INVALID000,2024-12-22,2025-01-21,2024-12-22,PO-2024-5474,Admin,T. Rao,email,EUR,344899.22,0,0.0,344899.22,30,6073,0.739,False,ghost_vendor,True,Vendor has no prior transaction history; GSTIN fails format check.
INV-2025-002386,Jyothi Print & Design,17CTCYA6646I1Z4,2025-03-26,2025-05-25,2025-03-30,PO-2025-8719,HR,T. Rao,edi_feed,USD,446182.92,10,44618.29,490801.21,60,1885,0.986,False,none,False,
INV-2024-002387,Lotus Catering Services,11XTCME2237B1Z1,2024-02-17,2024-04-02,2024-02-17,PO-2024-9507,HR,S. Kulkarni,scanned_mail,INR,14147.29,28,3961.24,18108.53,45,8788,0.947,False,none,False,
INV-2024-002388,Wingspan Travel Corp,08YNZNT4336U1Z0,2024-08-22,2024-09-21,2024-08-22,PO-2024-4341,HR,R. Menon,scanned_mail,INR,311456.99,0,0.0,311456.99,30,5915,0.913,False,none,False,
INV-2026-002389,Apex Manpower Agency,21VMDSI6923G1Z6,2026-02-22,2026-04-23,2026-02-27,PO-2026-5712,HR,V. Desai,scanned_mail,INR,143294.22,5,7164.71,150458.93,60,0419,0.903,False,none,False,
INV-2025-002390,Chola Office Supplies,34TJPTY8267N1Z0,2025-07-31,2025-08-30,2025-08-03,PO-2025-5222,Logistics,K. Reddy,vendor_portal,EUR,218051.42,0,0.0,218051.42,30,7361,0.915,False,none,False,
INV-2024-002391,Kaveri Industrial Parts,07FPZOS9095P1Z6,2024-05-02,2024-07-01,2024-05-06,PO-2024-5185,IT,N. Bhatt,scanned_mail,INR,228147.42,5,11407.37,239554.79,60,4359,0.984,False,none,False,
INV-2024-002392,Yamuna Water Solutions,14NYBJG7338Z1Z6,2024-08-31,2024-09-15,2024-09-02,PO-2024-1733,Facilities,S. Kulkarni,edi_feed,INR,272651.47,0,0.0,272651.47,15,1424,0.921,False,none,False,
INV-2025-002393,Kaveri Industrial Parts,33QQBTY2600J1Z1,2025-01-01,2025-02-15,2025-01-06,PO-2025-6110,Operations,N. Bhatt,scanned_mail,INR,459914.81,12,55189.78,515104.59,45,3710,0.903,False,none,False,
INV-2025-002394,Apex Manpower Agency,25QRDOF7161W1Z6,2025-10-20,2025-12-19,2025-10-24,PO-2025-4688,Logistics,D'Souza,scanned_mail,INR,37062.42,5,1853.12,38915.54,60,3601,0.967,False,none,False,
INV-2025-002395,Meridian Consulting Group,33HTSON2604M1Z0,2025-07-18,2025-09-16,2025-07-21,PO-2025-3505,IT,T. Rao,email,INR,455456.35,18,81982.14,692524.01,60,9619,0.952,False,altered_total,True,Total does not reconcile with subtotal + tax.
INV-2024-002396,Bluewave Logistics Pvt Ltd,12DGJOM2591O1Z8,2024-11-11,2024-11-26,2024-11-13,PO-2024-1188,IT,N. Bhatt,edi_feed,INR,442080.96,5,22104.05,464185.01,15,3911,0.945,False,none,False,
INV-2025-002397,Lotus Catering Services,07WAZDT8181V1Z0,2025-12-25,2026-01-24,2025-12-29,PO-2025-7273,Procurement,N. Bhatt,scanned_mail,INR,453810.78,28,127067.02,580877.8,30,1903,0.98,False,none,False,
INV-2026-002398,Quantum Networks Pvt Ltd,31WWSPN8259R1Z6,2026-06-05,2026-07-05,2026-06-06,PO-2026-1982,Logistics,R. Menon,edi_feed,INR,204803.22,12,24576.39,229379.61,30,0873,0.964,False,none,False,
INV-2025-002399,Prakash Stationery Mart,30MBDYN1754T1Z9,2025-04-03,2025-06-02,2025-04-05,PO-2025-8765,Admin,K. Reddy,edi_feed,USD,246614.71,10,24661.47,271276.18,60,7701,0.938,False,none,False,
INV-2024-002400,Nandi Hardware Co,09QFZWK2431T1Z9,2024-02-17,2024-03-18,2024-02-20,PO-2024-9421,HR,N. Bhatt,vendor_portal,INR,431147.6,28,120721.33,551868.93,30,6217,0.916,False,none,False,
INV-2026-002401,Ganga Freight Services,14ZTOPX8487S1Z9,2026-02-02,2026-03-04,2026-02-05,PO-2026-4993,Legal,T. Rao,edi_feed,INR,148632.36,0,0.0,148632.36,30,6150,0.924,False,none,False,
INV-2025-002402,Sundaram Motors Spares,26FGVST5850T1Z4,2025-06-10,2025-08-09,2025-06-10,PO-2025-8139,Legal,S. Kulkarni,vendor_portal,INR,303814.97,12,36457.8,340272.77,60,8090,0.916,False,none,False,
INV-2025-002403,Quantum Networks Pvt Ltd,32HZQLR1735K1Z7,2025-06-13,2025-06-28,2025-06-16,PO-2025-8431,Procurement,M. Krishnan,scanned_mail,INR,446218.6,5,22310.93,468529.53,15,6610,0.964,False,none,False,
INV-2025-002404,Sundaram Motors Spares,06USDKO7319R1Z9,2025-08-28,2025-09-12,2025-08-30,PO-2025-5723,IT,T. Rao,scanned_mail,INR,206001.51,12,24720.18,230721.69,15,0085,0.959,False,none,False,
INV-2024-002405,Jyothi Print & Design,07JMWSB7789D1Z6,2024-09-21,2024-11-20,2024-09-22,PO-2024-2212,Operations,N. Bhatt,vendor_portal,INR,280950.44,5,14047.52,294997.96,60,2748,0.966,False,none,False,
INV-2024-002406,Meridian Consulting Group,17YFNLW7457K1Z4,2024-12-21,2025-01-20,2024-12-26,PO-2024-4012,Admin,A. Iyer,edi_feed,USD,401450.13,8,32116.01,433566.14,30,6879,0.948,False,none,False,
INV-2024-002407,Global Freight Partners,19LWUUJ2963A1Z6,2024-05-02,2024-06-16,2024-05-03,PO-2024-4406,Finance,A. Iyer,edi_feed,INR,41830.31,18,7529.45,49359.76,45,4078,0.947,False,split_invoice,True,"Amount sits just under the approval threshold, alongside a same-day sibling invoice."
INV-2026-002408,Deccan Electricals,15IKCIC1186X1Z8,2026-03-21,2026-05-05,2026-03-22,PO-2026-8591,Operations,M. Krishnan,email,INR,277078.97,12,33249.48,310328.45,45,7164,0.914,False,none,False,
INV-2025-002409,Falcon IT Solutions,22MFYIQ0345O1Z3,2025-04-22,2025-06-21,2025-04-22,PO-2025-3299,Operations,P. Nair,vendor_portal,INR,469780.15,5,23489.01,493269.16,60,7456,0.903,False,none,False,
INV-2026-002410,Ganga Freight Services,05MIOKV9665I1Z3,2026-04-13,2026-05-28,2026-04-18,PO-2026-7145,Procurement,T. Rao,scanned_mail,INR,453811.58,5,22690.58,476502.16,45,3696,0.938,False,weekend_submission,True,Submitted outside business hours/days with no prior pattern for this vendor.
INV-2025-002411,Sundaram Motors Spares,04NDJAI7260L1Z2,2025-07-04,2025-08-03,2025-07-05,PO-2025-8033,Marketing,S. Kulkarni,scanned_mail,INR,249266.26,18,44867.93,294134.19,30,0718,0.912,False,none,False,
INV-2024-002412,Tejas Security Services,12TYXIV7458I1Z0,2024-08-08,2024-09-07,2024-08-09,PO-2024-9737,Operations,N. Bhatt,scanned_mail,INR,58907.97,18,10603.43,69511.4,30,7824,0.97,False,none,False,
INV-2024-002413,Horizon Facilities Mgmt,24FSFYA8964J1Z7,2024-04-07,2024-04-22,2024-04-10,PO-2024-6837,Logistics,V. Desai,email,INR,348940.91,5,17447.05,366387.96,15,7063,0.981,False,none,False,
INV-2025-002414,Prakash Stationery Mart,20AUFNT3268J1Z6,2025-09-14,2025-11-13,2025-09-18,PO-2025-8829,Procurement,N. Bhatt,edi_feed,INR,226752.8,0,0.0,226752.8,60,3792,0.914,False,none,False,
INV-2025-002415,Northgate Print Hub,08GLKGS8286Y1Z0,2025-12-06,2026-02-04,2025-12-08,PO-2025-3760,Facilities,N. Bhatt,vendor_portal,INR,168699.33,5,8434.97,177134.3,60,6267,0.968,False,none,False,
INV-2025-002416,Yamuna Water Solutions,18RUZJJ4756S1Z3,2025-08-11,2025-09-25,2025-08-14,PO-2025-1706,Admin,S. Kulkarni,vendor_portal,INR,429536.1,12,51544.33,481080.43,45,1324,0.973,False,none,False,
INV-2024-002417,Bright Path Cleaning Services,31CQCKW8153B1Z2,2024-12-25,2025-02-23,2024-12-28,PO-2024-8174,IT,P. Nair,email,INR,129473.47,28,36252.57,165726.04,60,5534,0.933,False,none,False,
INV-2026-002418,Indus Valley Textiles,16JYIYX2113S1Z1,2026-02-27,2026-04-28,2026-02-27,PO-2026-6804,Finance,M. Krishnan,vendor_portal,USD,14411.78,0,0.0,14411.78,60,2047,0.902,False,none,False,
INV-2026-002419,Lotus Catering Services,27IVGDB2643V1Z3,2026-08-20,2026-10-04,2026-08-21,PO-2026-4001,Logistics,S. Kulkarni,edi_feed,EUR,430969.72,10,43096.97,474066.69,45,1661,0.985,False,none,False,
INV-2025-002420,Indus Valley Textiles,06SQRUJ2965W1Z1,2025-05-27,2025-06-26,2025-05-30,PO-2025-9486,IT,R. Menon,scanned_mail,INR,373570.1,12,44828.41,418398.51,30,1850,0.96,False,none,False,
INV-2025-002421,Sundaram Motors Spares,03EUEVC8392P1Z4,2025-12-22,2026-02-05,2025-12-25,PO-2025-6026,Operations,P. Nair,scanned_mail,EUR,231346.29,10,23134.63,254480.92,45,0414,0.921,False,none,False,
INV-2025-002422,Kaveri Industrial Parts,34DBONH9952C1Z6,2025-12-10,2026-01-24,2025-12-13,PO-2025-1009,Finance,A. Iyer,edi_feed,INR,155830.93,28,43632.66,199463.59,45,9006,0.976,False,none,False,
INV-2024-002423,Kaveri Industrial Parts,20KXRSR3084O1Z9,2024-05-29,2024-07-13,2024-06-03,PO-2024-1694,Operations,V. Desai,edi_feed,USD,423433.38,0,0.0,423433.38,45,5658,0.908,False,none,False,
INV-2026-002424,Indus Valley Textiles,14EDLJH0569E1Z2,2026-05-07,2026-07-06,2026-05-09,PO-2026-4407,Admin,A. Iyer,email,INR,169491.53,18,30508.47,200000.0,60,8045,0.932,False,round_number_amount,True,Total is an unusually round figure for this line of business.
INV-2024-002425,Zenith Office Furnishings,27SAXEA1189D1Z7,2024-05-22,2024-07-06,2024-05-25,PO-2024-9380,Operations,M. Krishnan,scanned_mail,INR,309808.59,0,0.0,309808.59,45,1496,0.946,False,none,False,
INV-2025-002426,Udupi Fresh Foods,34IPWIS6811J1Z7,2025-09-26,2025-11-10,2025-09-30,PO-2025-3168,Legal,S. Kulkarni,edi_feed,INR,241657.81,28,67664.19,309322.0,45,0363,0.958,False,none,False,
INV-2024-002427,Chola Office Supplies,26PIWUX9012W1Z9,2024-07-19,2024-09-02,2024-07-24,PO-2024-3213,Legal,T. Rao,scanned_mail,USD,452529.52,6,27151.77,479681.29,45,8083,0.908,False,none,False,
INV-2024-002428,Northgate Print Hub,24FWVKA3908X1Z4,2024-11-16,2024-12-31,2024-11-18,PO-2024-8557,Marketing,V. Desai,email,INR,122917.61,5,6145.88,129063.49,45,9237,0.904,False,none,False,
INV-2025-002429,Quantum Networks Pvt Ltd,20SQJFM6064S1Z7,2025-07-10,2025-07-25,2025-07-15,PO-2025-3864,HR,A. Iyer,email,USD,393461.44,6,23607.69,417069.13,15,6295,0.994,False,none,False,
INV-2024-002430,Ganga Freight Services,08HJOZQ9274P1Z8,2024-03-04,2024-04-03,2024-03-08,PO-2024-2011,HR,M. Krishnan,email,INR,230966.06,5,11548.3,242514.36,30,8340,0.917,False,none,False,
INV-2025-002431,Everest Packaging Co,21BBVKK3417J1Z8,2025-11-06,2026-01-05,2025-11-08,PO-2025-9274,Finance,A. Iyer,email,INR,333370.45,5,16668.52,350038.97,60,4326,0.929,False,none,False,
INV-2025-002432,Coastal Cargo Movers,17ZADZI7709R1Z2,2025-07-07,2025-07-22,2025-07-08,PO-2025-3922,Procurement,M. Krishnan,scanned_mail,INR,204811.57,5,10240.58,215052.15,15,5840,0.929,False,none,False,
INV-2026-002433,Falcon IT Solutions,03OQLKU3139I1Z5,2026-05-14,2026-05-29,2026-05-17,PO-2026-9535,Marketing,D'Souza,email,INR,214752.43,0,0.0,214752.43,15,5765,0.962,False,none,False,
INV-2024-002434,Yamuna Water Solutions,26MXUWL4098U1Z7,2024-03-12,2024-03-27,2024-03-13,PO-2024-4949,Facilities,D'Souza,edi_feed,INR,21186.44,18,3813.56,25000.0,15,6000,0.988,False,round_number_amount,True,Total is an unusually round figure for this line of business.
INV-2024-002435,Orion Cloud Systems,29VLPZW0059J1Z0,2024-09-08,2024-11-07,2024-09-08,PO-2024-8720,HR,T. Rao,vendor_portal,INR,61633.77,28,17257.46,84334.93,60,0317,0.91,False,altered_total,True,Total does not reconcile with subtotal + tax.
INV-2026-002436,Coastal Cargo Movers,09FJPWD6387Z1Z1,2026-02-19,2026-03-06,2026-02-19,PO-2026-8216,Finance,M. Krishnan,vendor_portal,INR,367551.87,0,0.0,367551.87,15,1952,0.929,False,none,False,
INV-2026-002437,Udupi Fresh Foods,35HGOED8741I1Z1,2026-02-21,2026-03-23,2026-02-25,PO-2026-3357,Marketing,N. Bhatt,email,INR,6435.95,28,1802.07,8238.02,30,6521,0.918,False,none,False,
INV-2024-002438,Zenith Office Furnishings,37KKGKC7863X1Z1,2024-10-14,2024-10-29,2024-10-16,PO-2024-9577,Finance,R. Menon,email,INR,186424.67,28,52198.91,238623.58,15,8808,0.962,False,none,False,
INV-2024-002439,Jyothi Print & Design,09SGSPE8126Z1Z1,2024-12-07,2024-12-22,2024-12-07,PO-2024-9540,Logistics,N. Bhatt,email,USD,369409.73,6,22164.58,391574.31,15,3506,0.927,False,none,False,
INV-2024-002440,Deccan Electricals,33DQUXH0481T1Z1,2024-12-02,2025-01-16,2024-12-03,PO-2024-5915,Finance,S. Kulkarni,edi_feed,USD,285131.53,8,22810.52,307942.05,45,0715,0.968,False,none,False,
INV-2026-002441,Indus Valley Textiles,10PXBCL4820P1Z7,2026-06-24,2026-07-09,2026-06-28,PO-2026-6781,Procurement,K. Reddy,vendor_portal,USD,115677.42,10,11567.74,127245.16,15,8673,0.928,False,none,False,
INV-2024-002442,Nandi Hardware Co,31RXNVM0909Y1Z3,2024-07-21,2024-08-20,2024-07-26,PO-2024-6109,Procurement,T. Rao,vendor_portal,INR,96269.54,28,26955.47,123225.01,30,8623,0.925,False,none,False,
INV-2024-002443,Udupi Fresh Foods,02YVUCX4372Z1Z6,2024-11-14,2024-11-29,2024-11-14,PO-2024-6407,Procurement,A. Iyer,scanned_mail,INR,43575.9,0,0.0,43575.9,15,3312,0.982,False,none,False,
INV-2025-002444,Vishwa Engineering Works,11CGYUL7926G1Z1,2025-11-18,2026-01-02,2025-11-21,PO-2025-2303,Admin,P. Nair,email,INR,200157.44,28,56044.08,256201.52,45,9929,0.938,False,none,False,
INV-2026-002445,Horizon Facilities Mgmt,30DTJGK1172D1Z9,2026-05-30,2026-07-29,2026-05-31,PO-2026-5937,Admin,K. Reddy,vendor_portal,INR,57304.48,5,2865.22,60169.7,60,2105,0.969,False,none,False,
INV-2025-002446,Kaveri Industrial Parts,16AULXP2477U1Z5,2025-03-29,2025-04-13,2025-03-29,PO-2025-7256,IT,M. Krishnan,vendor_portal,INR,119268.34,5,5963.42,125231.76,15,3030,0.94,False,none,False,
INV-2025-002447,Apex Manpower Agency,34ZDGTS4711R1Z1,2025-06-24,2025-07-24,2025-06-29,PO-2025-8727,Marketing,D'Souza,email,INR,167534.51,5,8376.73,175911.24,30,8719,0.955,False,none,False,
INV-2024-002448,Bright Path Cleaning Services,29MXUTO1725P1Z0,2024-07-27,2024-08-26,2024-08-01,PO-2024-3729,HR,T. Rao,edi_feed,INR,213037.6,28,59650.53,272688.13,30,5276,0.931,False,none,False,
INV-2024-002449,Lotus Catering Services,28CJTYQ7065K1Z8,2024-11-27,2024-12-12,2024-12-01,PO-2024-4295,Logistics,M. Krishnan,scanned_mail,EUR,257275.67,6,15436.54,334616.54,15,0327,0.902,False,altered_total,True,Total does not reconcile with subtotal + tax.
INV-2024-002450,Bluewave Logistics Pvt Ltd,04KHBTO7693O1Z1,2024-10-03,2024-10-18,2024-10-05,PO-2024-6043,Finance,R. Menon,edi_feed,INR,458483.69,18,82527.06,541010.75,15,5039,0.97,False,none,False,
INV-2025-002451,Prakash Stationery Mart,07CWBST8592V1Z9,2025-06-14,2025-06-29,2025-06-16,PO-2025-5606,Operations,N. Bhatt,edi_feed,INR,326073.11,5,16303.66,342376.77,15,2410,0.927,False,none,False,
INV-2026-002452,Everest Packaging Co,23EEJSJ3472L1Z9,2026-07-17,2026-09-15,2026-07-20,PO-2026-7762,Finance,T. Rao,scanned_mail,INR,276580.31,0,0.0,276580.31,60,2601,0.989,False,none,False,
INV-2024-002453,Tejas Security Services,33PIIAO6127O1Z9,2024-03-09,2024-04-08,2024-03-13,PO-2024-2646,Procurement,S. Kulkarni,scanned_mail,INR,99625.36,18,17932.56,117557.92,30,6430,0.98,False,none,False,
INV-2025-002454,Raagam Interiors,03FHJDD1503N1Z3,2025-10-22,2025-11-21,2025-10-23,PO-2025-4404,Operations,P. Nair,email,INR,337679.0,12,40521.48,378200.48,30,0650,0.92,False,none,False,
INV-2026-002455,Zenith Office Furnishings,30AAKYH4026J1Z7,2026-06-06,2026-06-21,2026-06-11,PO-2026-8273,Admin,T. Rao,vendor_portal,INR,52728.79,18,9491.18,62219.97,15,5252,0.915,False,none,False,
INV-2024-002456,Kaveri Industrial Parts,14IMEOW6810S1Z7,2024-02-17,2024-04-02,2024-02-21,PO-2024-3316,Facilities,N. Bhatt,edi_feed,INR,180616.19,18,32510.91,213127.1,45,4540,0.914,False,none,False,
INV-2024-002457,Kaveri Industrial Parts,05RBLLM6437C1Z5,2024-04-17,2024-06-16,2024-04-19,PO-2024-6949,Finance,S. Kulkarni,edi_feed,INR,351264.07,12,42151.69,393415.76,60,8884,0.906,False,none,False,
INV-2024-002458,Everest Packaging Co,36ZYHTX3358W1Z7,2024-03-26,2024-04-10,2024-03-30,PO-2024-5727,IT,V. Desai,edi_feed,INR,441246.07,0,0.0,441246.07,15,4910,0.968,False,weekend_submission,True,Submitted outside business hours/days with no prior pattern for this vendor.
INV-2025-002459,Vishwa Engineering Works,37SLJFT7883T1Z0,2025-10-22,2025-11-06,2025-10-25,PO-2025-4251,Logistics,T. Rao,vendor_portal,INR,101677.48,0,0.0,101677.48,15,3591,0.919,False,weekend_submission,True,Submitted outside business hours/days with no prior pattern for this vendor.
INV-2026-002460,Horizon Facilities Mgmt,26EPRZZ2677J1Z4,2026-07-20,2026-09-18,2026-07-24,PO-2026-8247,Facilities,N. Bhatt,scanned_mail,INR,330133.12,5,16506.66,346639.78,60,6924,0.93,False,none,False,
INV-2025-002461,Quantum Networks Pvt Ltd,07QLJXX0167K1Z7,2025-04-17,2025-06-16,2025-04-22,PO-2025-9211,Operations,T. Rao,vendor_portal,INR,300268.9,12,36032.27,336301.17,60,2698,0.967,False,none,False,
INV-2026-002462,Nandi Hardware Co,18PZNFV0806G1Z3,2026-03-28,2026-05-27,2026-03-31,PO-2026-7376,Legal,R. Menon,scanned_mail,INR,60722.9,28,17002.41,77725.31,60,2192,0.946,False,none,False,
INV-2025-002463,Tejas Security Services,04RBRXO1328W1Z7,2025-07-09,2025-09-07,2025-07-10,PO-2025-7964,Logistics,S. Kulkarni,email,USD,383847.43,6,23030.85,406878.28,60,8058,0.959,False,none,False,
INV-2024-002464,Nandi Hardware Co,05LISXW4986J1Z6,2024-05-16,2024-05-31,2024-05-21,PO-2024-7378,Finance,S. Kulkarni,scanned_mail,USD,249024.72,8,19921.98,268946.7,15,0869,0.943,False,none,False,
INV-2025-002465,Siddha Supply Chain,12ABCDE,2025-06-09,2025-06-24,2025-06-11,PO-2025-2340,Legal,M. Krishnan,vendor_portal,INR,99702.06,12,11964.25,111666.31,15,5574,0.821,False,ghost_vendor,True,Vendor has no prior transaction history; GSTIN fails format check.
INV-2026-002466,Yamuna Water Solutions,28NSIQH7802S1Z5,2026-04-21,2026-06-20,2026-04-23,PO-2026-1584,HR,S. Kulkarni,edi_feed,INR,165447.32,12,19853.68,185301.0,60,4624,0.922,False,none,False,
INV-2026-002467,Northgate Print Hub,15GEZDA8397Y1Z9,2026-01-05,2026-02-19,2026-01-05,PO-2026-9580,Finance,M. Krishnan,edi_feed,INR,138630.93,28,38816.66,177447.59,45,4645,0.921,False,none,False,
INV-2026-002468,Everest Packaging Co,03UZQIU1051C1Z8,2026-07-21,2026-08-20,2026-07-21,PO-2026-1939,Facilities,A. Iyer,email,INR,213601.12,18,38448.2,252049.32,30,6573,0.933,False,none,False,
INV-2024-002469,Nandi Hardware Co,26MAXKN7881B1Z8,2024-04-11,2024-04-26,2024-04-14,PO-2024-5399,Procurement,A. Iyer,email,INR,70712.69,0,0.0,70712.69,15,6693,0.934,False,none,False,
INV-2026-002470,Indus Valley Textiles,09PRCYP5917H1Z3,2026-06-26,2026-07-11,2026-06-29,PO-2026-8608,Finance,D'Souza,scanned_mail,INR,243816.69,12,29258.0,273074.69,15,4206,0.993,False,none,False,
INV-2024-002471,Quantum Networks Pvt Ltd,25XAAXE2041I1Z0,2024-10-08,2024-11-07,2024-10-11,PO-2024-9358,IT,S. Kulkarni,email,INR,94364.98,12,11323.8,105688.78,30,9040,0.957,False,none,False,
INV-2026-002472,Horizon Facilities Mgmt,32VBHTE4799E1Z7,2026-03-03,2026-04-17,2026-03-08,PO-2026-2728,Procurement,M. Krishnan,email,INR,235998.08,5,11799.9,247797.98,45,7749,0.983,False,none,False,
INV-2025-002473,Raagam Interiors,05ELJPM6793E1Z0,2025-11-18,2026-01-17,2025-11-23,PO-2025-3100,HR,N. Bhatt,edi_feed,INR,407617.06,28,114132.78,521749.84,60,3213,0.939,False,none,False,
INV-2024-002474,Raagam Interiors,30ENICZ3544E1Z9,2024-09-22,2024-11-21,2024-09-23,PO-2024-4655,Procurement,K. Reddy,email,INR,318471.88,5,15923.59,334395.47,60,2464,0.911,False,none,False,
INV-2024-002475,Lotus Catering Services,15MLOUU9214T1Z1,2024-01-29,2024-02-28,2024-01-30,PO-2024-6140,Facilities,N. Bhatt,vendor_portal,INR,273179.94,0,0.0,273179.94,30,2536,0.924,False,none,False,
INV-2025-002476,Sundaram Motors Spares,15FDQHK6848N1Z8,2025-05-01,2025-05-31,2025-05-06,PO-2025-7622,Logistics,A. Iyer,edi_feed,INR,212103.45,5,10605.17,222708.62,30,3369,0.949,False,none,False,
INV-2025-002477,Tejas Security Services,27EVPCP2911O1Z9,2025-06-29,2025-08-28,2025-07-03,PO-2025-6972,HR,M. Krishnan,email,INR,53207.6,5,2660.38,55867.98,60,0677,0.906,False,none,False,
INV-2026-002478,Tejas Security Services,23WGFNN0328C1Z8,2026-03-28,2026-05-27,2026-04-02,PO-2026-5486,Procurement,D'Souza,email,INR,327028.2,12,39243.38,366271.58,60,9413,0.964,False,none,False,
INV-2025-002479,Quantum Networks Pvt Ltd,08WSKEW9020S1Z9,2025-05-14,2025-06-13,2025-05-19,PO-2025-8991,HR,R. Menon,scanned_mail,INR,160593.66,28,44966.22,205559.88,30,4916,0.905,False,none,False,
INV-2024-002480,Vishwa Engineering Works,08MASZP9548D1Z0,2024-07-20,2024-08-04,2024-07-20,PO-2024-2734,Finance,D'Souza,edi_feed,INR,110853.43,12,13302.41,124155.84,15,6394,0.92,False,none,False,
INV-2026-002481,Orion Cloud Systems,17WJOJL3704K1Z4,2026-07-24,2026-09-07,2026-07-28,PO-2026-8341,Marketing,A. Iyer,scanned_mail,INR,150938.15,5,7546.91,158485.06,45,3782,0.921,False,none,False,
INV-2025-002482,Ganga Freight Services,02OVWFD7999P1Z5,2025-05-26,2025-07-25,2025-05-31,PO-2025-1440,Admin,P. Nair,edi_feed,INR,252486.4,5,12624.32,265110.72,60,5085,0.936,False,none,False,
INV-2025-002483,Bluewave Logistics Pvt Ltd,11HWWZT5452S1Z0,2025-09-13,2025-10-28,2025-09-18,PO-2025-1102,Finance,S. Kulkarni,edi_feed,INR,419797.98,18,75563.64,495361.62,45,3527,0.962,False,none,False,
INV-2026-002484,Apex Manpower Agency,30YPKRQ2935J1Z8,2026-04-18,2026-06-17,2026-04-22,PO-2026-4889,Admin,M. Krishnan,scanned_mail,INR,344760.96,18,62056.97,406817.93,60,8852,0.911,False,none,False,
INV-2025-002485,Bluewave Logistics Pvt Ltd,17SKPZS5943E1Z5,2025-07-01,2025-08-15,2025-07-03,PO-2025-8156,HR,V. Desai,scanned_mail,INR,44642.86,12,5357.14,50000.0,45,0009,0.941,False,round_number_amount,True,Total is an unusually round figure for this line of business.
INV-2025-002486,Bright Path Cleaning Services,33CXKRQ4502S1Z2,2025-08-06,2025-10-05,2025-08-11,PO-2025-4971,HR,S. Kulkarni,edi_feed,EUR,17704.05,8,1416.32,19120.37,60,3669,0.931,False,none,False,
INV-2024-002487,Chola Office Supplies,26AOUEV5754P1Z0,2024-04-09,2024-04-24,2024-04-10,PO-2024-7736,Procurement,R. Menon,edi_feed,INR,147719.58,0,0.0,147719.58,15,9444,0.995,False,none,False,
INV-2026-002488,Chola Office Supplies,06QOJKZ2211Y1Z5,2026-04-15,2026-06-14,2026-04-19,PO-2026-6715,Operations,K. Reddy,edi_feed,INR,35788.73,5,1789.44,37578.17,60,9141,0.953,False,none,False,
INV-2025-002489,Sundaram Motors Spares,36YTWDT5753P1Z6,2025-10-13,2025-11-12,2025-10-15,PO-2025-6751,Logistics,V. Desai,scanned_mail,INR,458438.08,18,82518.85,540956.93,30,0879,0.956,False,none,False,
INV-2024-002490,Kaveri Industrial Parts,13HKMCK9721Y1Z3,2024-04-28,2024-06-27,2024-04-28,PO-2024-9776,Finance,P. Nair,vendor_portal,INR,452770.55,28,126775.75,579546.3,60,3201,0.916,False,none,False,
INV-2026-002491,Tejas Security Services,01WQTHI5317M1Z9,2026-03-10,2026-03-25,2026-03-12,PO-2026-1131,Marketing,T. Rao,email,INR,193680.09,18,34862.42,228542.51,15,4558,0.912,False,none,False,
INV-2026-002492,Falcon IT Solutions,07XNQFE8815Y1Z7,2026-07-18,2026-09-16,2026-07-22,PO-2026-4344,Operations,N. Bhatt,scanned_mail,INR,52603.0,5,2630.15,55233.15,60,9022,0.918,False,none,False,
INV-2024-002493,Aravind Steel Traders,18XWRKS0031V1Z8,2024-05-29,2024-06-13,2024-05-31,PO-2023-7772,Facilities,K. Reddy,scanned_mail,INR,60627.32,5,3031.37,63658.69,15,0922,0.914,False,mismatched_po,True,PO number does not correspond to an open purchase order.
INV-2025-002494,Aravind Steel Traders,19XKOZM9466O1Z6,2025-05-18,2025-06-02,2025-05-23,PO-2025-9196,HR,T. Rao,scanned_mail,INR,103292.67,18,18592.68,121885.35,15,2765,0.984,False,none,False,
INV-2025-002495,Quantum Networks Pvt Ltd,30IGBNC6305Z1Z5,2025-09-13,2025-10-13,2025-09-18,PO-2025-1994,Operations,M. Krishnan,scanned_mail,INR,194344.34,12,23321.32,217665.66,30,1225,0.922,False,none,False,
INV-2025-002496,Meridian Consulting Group,36GZPPN3402X1Z3,2025-01-02,2025-03-03,2025-01-03,PO-2025-6150,Logistics,K. Reddy,vendor_portal,INR,3641.3,18,655.43,4296.73,60,9142,0.946,False,none,False,
INV-2024-002497,Yamuna Water Solutions,04BUGTL0686I1Z6,2024-09-26,2024-11-10,2024-09-27,PO-2024-3428,Procurement,T. Rao,email,INR,59598.98,12,7151.88,66750.86,45,1109,0.967,False,none,False,
INV-2026-002498,Orion Cloud Systems,22ECQVJ8766W1Z6,2026-04-08,2026-05-08,2026-04-11,PO-2026-5634,IT,V. Desai,scanned_mail,USD,355494.13,0,0.0,355494.13,30,1057,0.969,False,none,False,
INV-2024-002499,Trident Trading Co,12ABCDE,2024-10-22,2024-11-21,2024-10-27,PO-2024-2817,Marketing,M. Krishnan,scanned_mail,USD,444481.37,8,35558.51,480039.88,30,9363,0.711,False,ghost_vendor,True,Vendor has no prior transaction history; GSTIN fails format check.
INV-2024-002500,Apex Manpower Agency,28MRTDY3120A1Z1,2024-10-23,2024-12-07,2024-10-27,PO-2024-1267,IT,N. Bhatt,edi_feed,INR,179864.28,28,50362.0,230226.28,45,4505,0.948,False,none,False,
